sku,product,strength,category,patient_price
3129,5-Amino 1MQ Capsules,30 Capsules · 25mg,Anti-Aging,77.00
3130,5-Amino 1MQ Capsules,30 Capsules · 50mg,Anti-Aging,160.00
3131,5-Amino 1MQ Capsules,30 Capsules · 100mg,Anti-Aging,300.00
3789,5-Amino 1MQ Iodide Sublingual Rapid Dissolve Tablets,30 Sublingual Rapid Dissolve Tablets · 50mg,Anti-Aging,196.00
3132,5-Amino 1MQ Iodide Troches,30 Troches · 50mg,Anti-Aging,190.00
2882,Anti-Aging Cream: DHEA/Aloe Vera/GHK-CU,30g · 0.5%/0.2%/0.1%,Anti-Aging,118.00
3524,Anti-Aging Cream: DMAE /Estriol /GHK-Cu/Sodium Hyaluronate,30GM Pump · 3%/0.3%/0.5%/0.5%,Anti-Aging,136.00
3525,Anti-Aging Cream: DMAE /Estriol /GHK-Cu/Sodium Hyaluronate,15Gm Pump · 3%/0.3%/0.5%/0.5%,Anti-Aging,90.00
3526,Anti-Aging Cream: DMAE /Estriol /GHK-Cu/Sodium Hyaluronate,60GM Pump · 3%/0.3%/0.5%/0.5%,Anti-Aging,340.00
2881,Anti-Aging Cream: Estriol/Sodium Hyaluronate/Ascorbic Acid/Aloe Vera,30g · 0.3%/0.5%/1%/0.5%,Anti-Aging,72.00
2880,Anti-Aging Cream: Estriol/Tretinoin/Alpha Lipoic Acid/Hyaluronic Acid/Vitamin C,30g · 0.3%/0.01%/0.45%/0.05%/0.5%,Anti-Aging,83.00
3877,Anti-Aging Cream: GHK-CU /Aloe Vera / Sodium Hyaluronate Topical Cream,"30GM Pump · 0.1%,0.2%,0.5%",Anti-Aging,76.00
3737,GHK-CU Acetate Sublingual Tablet Triturate,30 Sublingual Triturates · 0.2mg,Anti-Aging,67.00
3771,GHK-CU Acetate Sublingual Tablet Triturate,90 Sublingual Tablet Triturates · 0.2mg,Anti-Aging,144.00
3772,"GHK-CU Acetate, Biotin Sublingual Tablet Triturates",90 Sublingual Tablet Triturates · 0.2mg/1mg,Anti-Aging,140.00
3773,"GHK-CU Acetate, Biotin Sublingual Tablet Triturates",30 Sublingual Tablet Triturates · 0.2mg/1mg,Anti-Aging,67.00
3774,"GHK-CU Acetate, Pyridoxine Oral Sublingual Troches",30 Sublingual Troches · 0.2mg/10mg,Anti-Aging,67.00
3775,"GHK-CU Acetate, Pyridoxine Oral Sublingual Troches",90 Sublingual Troches · 0.2mg/10mg,Anti-Aging,150.00
3104,Methylene Blue Capsules,30 Capsules · 15mg,Anti-Aging,65.00
3105,Methylene Blue Capsules,30 Capsules · 45mg,Anti-Aging,145.00
3538,Methylene Blue Capsules,30 Capsules · 25mg,Anti-Aging,90.00
3640,NAD (nicotinamide adenine dinucleotide) Injectable Solution,20mL (10 vials with 2ml in each vial) · 50mg/ml,Anti-Aging,300.00
3115,NAD+ (nicotinamide adenine dinucleotide),5mL Vial · 1mg/mL,Anti-Aging,48.00
3116,NAD+ (nicotinamide adenine dinucleotide),10mL (Vial #1: 5mL) (Vial #2: 5mL) · 1mg/mL,Anti-Aging,70.00
3117,NAD+ (nicotinamide adenine dinucleotide),15mL (Vial #1: 5mL) (Vial #2: 5mL) (Vial #3: 5mL) · 1mg/mL,Anti-Aging,156.00
3118,NAD+ (nicotinamide adenine dinucleotide),20mL (Vial #1: 5mL) (Vial #2: 5mL) (Vial #3: 5mL) (Vial #4: 5mL) · 1mg/mL,Anti-Aging,182.00
3119,NAD+ (nicotinamide adenine dinucleotide),10mL Vial · 100mg/mL,Anti-Aging,95.00
3120,NAD+ (nicotinamide adenine dinucleotide),20mL (Vial #1: 10mL) (Vial #2: 10mL) · 100mg/mL,Anti-Aging,262.00
3503,NAD+ (nicotinamide adenine dinucleotide),10mL Vial · 50mg/mL,Anti-Aging,90.00
3560,NAD+ (nicotinamide adenine dinucleotide),10mL (#10 vials with 1ml in each vial) · 200mg/mL,Anti-Aging,400.00
3122,NAD+ (nicotinamide adenine dinucleotide) Acid Resistant Capsules,30 Capsules · 100mg,Anti-Aging,137.00
3123,NAD+ (nicotinamide adenine dinucleotide) Acid Resistant Capsules,30 Capsules · 150mg,Anti-Aging,175.00
3677,NAD+ (nicotinamide adenine dinucleotide) Injectable Solution,30ml MDV · 50mg/ml,Anti-Aging,130.00
3639,NAD+ (nicotinamide adenine dinucleotide) Injection Solution,10ml (5 vials with 2ml per vial) · 50mg/ml,Anti-Aging,170.00
3113,NAD+ (nicotinamide adenine dinucleotide) Nasal Spray,30mL Nasal Spray · 50mg/mL,Anti-Aging,68.00
3114,NAD+ (nicotinamide adenine dinucleotide) Nasal Spray,15mL Nasal Spray · 300mg/mL,Anti-Aging,175.00
3547,NAD+ (nicotinamide adenine dinucleotide) Rapid Dissolve Tablets,30 Rapid Dissolve Tablets · 200mg,Anti-Aging,258.00
3121,NAD+ (nicotinamide adenine dinucleotide) Troches,30 Troches · 25mg,Anti-Aging,50.00
3839,NAD+ Sterile Injection Solution,10mL vial · 200mg/mL,Anti-Aging,140.00
3786,Oxandrolone Vegetable capsules,30 Vegetable Capsules · 50mg,Anti-Aging,285.00
3787,Oxandrolone Vegetable capsules,30 Vegetable Capsules · 12mg,Anti-Aging,80.00
3788,Oxandrolone Vegetable capsules,30 Vegetable Capsules · 25mg,Anti-Aging,150.00
3106,Rapamycin Capsules,12 Capsules · 0.75mg,Anti-Aging,86.00
3107,Rapamycin Capsules,12 Capsules · 1.35mg,Anti-Aging,86.00
3108,Rapamycin Capsules,12 Capsules · 2.7mg,Anti-Aging,58.00
3109,Rapamycin Capsules,12 Capsules · 5.4mg,Anti-Aging,100.00
3819,SLU-PP-332 Capsules,60 Vegetable Capsules · 250mcg,Anti-Aging,95.00
3820,SLU-PP-332 Capsules,120 Vegetable Capsules · 250mcg,Anti-Aging,170.00
3821,SLU-PP-332 Capsules,180 Vegetable Capsules · 250mcg,Anti-Aging,235.00
3110,Tesofensine Capsules,30 Capsules · 0.25mg,Anti-Aging,102.00
3111,Tesofensine Capsules,30 Capsules · 0.5mg,Anti-Aging,195.00
3112,Tesofensine Capsules,30 Capsules · 1mg,Anti-Aging,380.00
2509,Ondansetron,10 Tablets · 4mg,Antiemetic,20.00
3836,Ondansetron,30 Tablets · 4mg,Antiemetic,28.00
4068,"Benzocaine, Lidocaine, Tetracaine Dental Gel",30gm · 20%/8%/4%,Dental,90.00
3923,"Chloral Hydrate, Promethazine Oral Suspension",180ML · 100mg/2mg/mL,Dental,400.00
3724,"Azelaic Acid, Niacinamide Topical Cream","30GM Pump · 15%, 10%",Dermatology,75.00
3722,"Azelaic Acid, Tretinoin, Niacinamide Topical Cream","30GM Pump · 8%,0.1%,2%",Dermatology,60.00
2510,BLT Cream: Benzocaine / Lidocaine / Tetracaine,100g · 20%/6%/4%,Dermatology,150.00
2511,BLT Cream: Benzocaine / Lidocaine / Tetracaine,150g · 20%/6%/4%,Dermatology,230.00
2512,BLT Cream: Benzocaine / Lidocaine / Tetracaine,200g · 20%/6%/4%,Dermatology,310.00
2513,BLT Cream: Benzocaine / Lidocaine / Tetracaine,250g · 20%/6%/4%,Dermatology,390.00
2514,BLT Cream: Benzocaine / Lidocaine / Tetracaine,300g · 20%/6%/4%,Dermatology,470.00
3780,BLT Cream: Benzocaine / Lidocaine / Tetracaine,100g · 20%/10%/10%,Dermatology,160.00
3781,BLT Cream: Benzocaine / Lidocaine / Tetracaine,150g · 20%/10%/10%,Dermatology,240.00
3782,BLT Cream: Benzocaine / Lidocaine / Tetracaine,200g · 20%/10%/10%,Dermatology,320.00
3783,BLT Cream: Benzocaine / Lidocaine / Tetracaine,250g · 20%/10%/10%,Dermatology,400.00
3784,BLT Cream: Benzocaine / Lidocaine / Tetracaine,300g · 20%/10%/10%,Dermatology,480.00
3674,"BLT Cream: Benzocaine, Lidocaine, Tetracaine with DMSO Lipodermal Cream",60GM Pump · 23%/10%/10%/10%,Dermatology,130.00
3719,"Brightening Cream: Hydroquinone, Tretinoin, Azelaic Acid, Kojic Acid, Hydrocortisone Cream","30GM Pump · 8%,0.1%,15%,0.25%,1%",Dermatology,88.00
3720,Hydroquinone Topical Cream,30GM Pump · 13%,Dermatology,72.00
3721,"Hydroquinone, Kojic Acid, Tranexamic Acid, Vitamin E Topical Cream","30GM Pump · 6%,3%,5%,1%",Dermatology,124.00
3844,"Hydroquinone, Tretinoin, Fluocinolone, Vit E, Vit C Cream","30g Topical Cream · 4%,0.1%,0.01%,1%, 1%",Dermatology,68.00
3673,Lidocaine/Tetracaine Versatile Anhydrous Cream,30GM Pump · 23%/7%,Dermatology,104.00
3948,"Niacinamide, Ascorbic Acid, Sodium Hyaluronate Topical Cream",30g · 3%/10%/0.1%,Dermatology,100.00
3723,"Niacinamide, Metronidazole Topical Cream","30GM Pump · 4%,1%",Dermatology,53.00
3096,Dutasteride Capsules,30 Capsules · 2.5mg,Hair Loss,55.00
3097,Dutasteride Capsules,90 Capsules · 2.5mg,Hair Loss,135.00
3776,Dutasteride Capsules,30 Capsules · 5mg,Hair Loss,56.00
3777,Dutasteride Capsules,90 Vegetable Capsules · 5mg,Hair Loss,124.00
3098,Finasteride / Tretinoin / Fluocinolone / Vitamin E Topical Solution,30mL Topical Solution · 0.25%/0.01%/0.01%/10IU,Hair Loss,60.00
3749,Finasteride / Tretinoin / Fluocinolone / Vitamin E Topical Solution,60mL Topical Solution · 0.25%/0.01%/0.01%/10IU,Hair Loss,156.00
3750,Finasteride / Tretinoin / Fluocinolone / Vitamin E Topical Solution,90mL Topical Solution · 0.25%/0.01%/0.01%/10IU,Hair Loss,196.00
3763,GHK-Cu Topical Solution,30mL Topical Solution · 0.25%,Hair Loss,85.00
3764,GHK-Cu Topical Solution,60mL Topical Solution · 0.25%,Hair Loss,140.00
3765,GHK-Cu Topical Solution,90mL Topical Solution · 0.25%,Hair Loss,200.00
3768,GHK-Cu Topical Solution,30mL Topical Solution · 0.5%,Hair Loss,102.00
3769,GHK-Cu Topical Solution,60mL Topical Solution · 0.5%,Hair Loss,180.00
3770,GHK-Cu Topical Solution,90mL Topical Solution · 0.5%,Hair Loss,236.00
3137,GHK-Cu/Biotin Topical Foam,30mL · 0.25%/1%,Hair Loss,88.00
3139,GHK-Cu/Biotin Topical Foam,30mL · 0.5%/1%,Hair Loss,110.00
3138,GHK-Cu/Biotin Topical Solution,30mL Topical Solution · 0.25%/1%,Hair Loss,83.00
3140,GHK-Cu/Biotin Topical Solution,30mL Topical Solution · 0.5%/1%,Hair Loss,105.00
3761,GHK-Cu/Biotin Topical Solution,60mL Topical Solution · 0.25%/1%,Hair Loss,156.00
3762,GHK-Cu/Biotin Topical Solution,90mL Topical Solution · 0.25%/1%,Hair Loss,190.00
3766,GHK-Cu/Biotin Topical Solution,60mL Topical Solution · 0.5%/1%,Hair Loss,204.00
3767,GHK-Cu/Biotin Topical Solution,90mL Topical Solution · 0.5%/1%,Hair Loss,240.00
3124,Latanoprost/Dutasteride/L-Carnitine Tartrate Topical Solution,30mL Topical Solution · 0.005%/0.25%/0.8%,Hair Loss,65.00
3740,Latanoprost/Dutasteride/L-Carnitine Tartrate Topical Solution,60mL Topical Solution · 0.005%/0.25%/0.8%,Hair Loss,136.00
3741,Latanoprost/Dutasteride/L-Carnitine Tartrate Topical Solution,90mL Solution · 0.005%/0.25%/0.8%,Hair Loss,180.00
3623,"Magnesium, Finasteride, Cysteine, Ferrous Sulfate, Cyanocobalamin Vegetable Capsules","30 Vegetable Capsules · 375mg,3mg,113mg,65mg,1mg",Hair Loss,68.00
3103,Minoxidil / Finasteride / Arginine / Biotin Topical Solution,30mL Topical Solution · 7%/0.25%/2%/0.3%,Hair Loss,64.00
3738,Minoxidil / Finasteride / Arginine / Biotin Topical Solution,90mL Topical Solution · 7%/0.25%/2%/0.3%,Hair Loss,180.00
3739,Minoxidil / Finasteride / Arginine / Biotin Topical Solution,60mL Topical Solution · 7%/0.25%/2%/0.3%,Hair Loss,150.00
3102,Minoxidil / Finasteride / Arginine Topical Solution,30mL Topical Solution · 7%/0.25%/2%,Hair Loss,60.00
3751,Minoxidil / Finasteride / Arginine Topical Solution,60mL Topical Solution · 7%/0.25%/2%,Hair Loss,150.00
3752,Minoxidil / Finasteride / Arginine Topical Solution,90mL Topical Solution · 7%/0.25%/2%,Hair Loss,180.00
3100,"Minoxidil / Finasteride / Tretinoin, Fluocinolone / Vitamin E Topical Solution",30mL Topical Solution · 5%/0.25%/0.01%/0.01%/10IU,Hair Loss,57.00
3753,"Minoxidil / Finasteride / Tretinoin, Fluocinolone / Vitamin E Topical Solution",60mL Topical Solution · 5%/0.25%/0.01%/0.01%/10IU,Hair Loss,156.00
3754,"Minoxidil / Finasteride / Tretinoin, Fluocinolone / Vitamin E Topical Solution",90mL Topical Solution · 5%/0.25%/0.01%/0.01%/10IU,Hair Loss,196.00
3755,Minoxidil / Tretinoin / Fluocinolone / Vitamin E / Melatonin Topical Solution,60mL Topical Solution · 5%/0.01%/0.01%/10IU/0.7%,Hair Loss,144.00
3756,Minoxidil / Tretinoin / Fluocinolone / Vitamin E / Melatonin Topical Solution,90mL Topical Solution · 5%/0.01%/0.01%/10IU/0.7%,Hair Loss,196.00
3101,Minoxidil / Tretinoin / Fluocinolone / Vitamin E /Melatonin Topical Solution,30mL Topical Solution · 5%/0.01%/0.01%/10IU/0.7%,Hair Loss,65.00
3900,Minoxidil Capsules,30 Capsules · 5mg,Hair Loss,56.00
3901,Minoxidil Capsules,90 Capsules · 5mg,Hair Loss,124.00
3814,"Minoxidil Dutasteride, Spironolactone, Tretinoin, Ketoconazole, Hydrocortisone Topical Solution","30mL Topical Solution · 8%, 0.3%, 0.075%, 0.01%, 2%, 1%",Hair Loss,96.00
3611,"Minoxidil, ALA, Biotin, Calcium, L-Tyrosine, Methionine, Vitamin C, Vitamin E Vegetable Capsules","30 Vegetable Capsules · 1mg, 10mg, 2mg, 60mg, 10mg, 10mg, 20mg, 10mg",Hair Loss,53.00
3612,"Minoxidil, ALA, Biotin, Calcium, L-Tyrosine, Methionine, Vitamin C, Vitamin E Vegetable Capsules","90 Vegetable Capsules · 1mg, 10mg, 2mg, 60mg, 10mg, 10mg, 20mg, 10mg",Hair Loss,118.00
3816,"Minoxidil, Arginine, Caffeine, Latanoprost, Melatonin, Zinc Sulfate Topical Solution","30mL · 7%, 1%,2%,0.005%,0.7%,0.4%",Hair Loss,62.00
3099,"Minoxidil, Dutasteride, Arginine Topical Solution",30mL Topical Solution · 7%/0.25%/2%,Hair Loss,58.00
3757,"Minoxidil, Dutasteride, Arginine Topical Solution",60mL Topical Solution · 7%/0.25%/2%,Hair Loss,160.00
3758,"Minoxidil, Dutasteride, Arginine Topical Solution",90mL Topical Solution · 7%/0.25%/2%,Hair Loss,216.00
3609,"Minoxidil, Ferrous Sulfate, Zinc, Cyanocobalamin Vegetable Capsules","30 Vegetable Capsules · 0.75mg, 40mg, 150mg, 1mg",Hair Loss,47.00
3610,"Minoxidil, Ferrous Sulfate, Zinc, Cyanocobalamin Vegetable Capsules","90 Vegetable Capsules · 0.75mg, 40mg, 150mg, 1mg",Hair Loss,108.00
3617,"Minoxidil, Finasteride Capsules","30 Capsules · 2.5mg,1mg",Hair Loss,53.00
3618,"Minoxidil, Finasteride Capsules","90 Capsules · 2.5mg,1mg",Hair Loss,115.00
3624,"Minoxidil, Finasteride Capsules","30 Vegetable Capsules · 4mg,1mg",Hair Loss,53.00
3626,"Minoxidil, Finasteride Capsules","30 Vegetable Capsules · 4.75mg, 1mg",Hair Loss,53.00
3627,"Minoxidil, Finasteride Capsules","90 Vegetable Capsules · 4.75mg, 1mg",Hair Loss,115.00
3625,"Minoxidil, Finasteride Vegetable Capsules","90 Vegetable Capsules · 4mg,1mg",Hair Loss,115.00
3628,"Minoxidil, Finasteride Vegetable Capsules","30 Vegetable Capsules · 5mg,1mg",Hair Loss,53.00
3629,"Minoxidil, Finasteride Vegetable Capsules","90 Vegetable Capsules · 5mg,1mg",Hair Loss,115.00
3619,"Minoxidil, Finasteride, Biotin, Vitamin C, Calcium, L-Cysteine, Methionine Capsules","30 Capsules · 2.5mg,1mg,5mg,20mg,60mg,12.5mg,12.5mg",Hair Loss,53.00
3620,"Minoxidil, Finasteride, Biotin, Vitamin C, Calcium, L-Cysteine, Methionine Vegetable Capsules","90 Vegetable Capsules · 2.5mg,1mg,5mg,20mg,60mg,12.5mg,12.5mg",Hair Loss,118.00
3621,"Minoxidil, Finasteride, Ferrous Sulfate, Zinc, Cyanocobalamin Vegetable Capsules","30 Vegetable Capsules · 3mg,1mg,33mg,150mg,1mg",Hair Loss,53.00
3622,"Minoxidil, Finasteride, Ferrous Sulfate, Zinc, Cyanocobalamin Vegetable Capsules","90 Vegetable Capsules · 3mg,1mg,33mg,150mg,1mg",Hair Loss,118.00
3630,"Minoxidil, Finasteride, Zinc Sulfate, Cyanocobalamin Vegetable Capsules","30 Vegetable Capsules · 5mg,1mg,150mg,1mg",Hair Loss,53.00
3631,"Minoxidil, Finasteride, Zinc Sulfate, Cyanocobalamin Vegetable Capsules","90 Vegetable Capsules · 5mg,1mg,150mg,1mg",Hair Loss,118.00
3613,"Minoxidil, Magnesium, Cysteine, Cyanocobalamin Vegetable Capsules","30 Vegetable Capsules · 1mg, 375mg, 130mg, 1mg",Hair Loss,136.00
3614,"Minoxidil, Magnesium, Cysteine, Cyanocobalamin Vegetable Capsules","90 Vegetable Capsules · 1mg, 375mg, 130mg, 1mg",Hair Loss,350.00
3607,"Minoxidil, Magnesium, Zinc, Cyanocobalamin Vegetable Capsules","30 Vegetable Capsules · 0.5mg, 275mg,150mg, 1mg",Hair Loss,55.00
3608,"Minoxidil, Magnesium, Zinc, Cyanocobalamin Vegetable Capsules","90 Vegetable Capsules · 0.5mg, 275mg,150mg, 1mg",Hair Loss,128.00
3615,"Minoxidil, Vitamin C, Calcium, L-Cysteine, L-Methionine Vegetable Capsules","30 Vegetable Capsules · 2.5mg, 20mg, 60mg,12.5mg,12.5mg",Hair Loss,76.00
3616,"Minoxidil, Vitamin C, Calcium, L-Cysteine, Methionine Vegetable Capsules","90 Vegetable Capsules · 2.5mg, 20mg, 60mg,12.5mg,12.5mg",Hair Loss,150.00
3126,Minoxidil/Dutasteride/Biotin/Melatonin Topical Solution,30mL Topical Solution · 5%/0.25%/0.3%/0.7%,Hair Loss,62.00
3759,Minoxidil/Dutasteride/Biotin/Melatonin Topical Solution,60mL Topical Solution · 5%/0.25%/0.3%/0.7%,Hair Loss,156.00
3760,Minoxidil/Dutasteride/Biotin/Melatonin Topical Solution,90mL Topical Solution · 5%/0.25%/0.3%/0.7%,Hair Loss,200.00
3128,Minoxidil/Finasteride/Latanoprost/Arginine/Melatonin Topical Solution,30mL Topical Solution · 6%/0.5%/0.005%/1%/0.7%,Hair Loss,68.00
3747,Minoxidil/Finasteride/Latanoprost/Arginine/Melatonin Topical Solution,60mL Topical Solution · 6%/0.5%/0.005%/1%/0.7%,Hair Loss,144.00
3748,Minoxidil/Finasteride/Latanoprost/Arginine/Melatonin Topical Solution,90mL Topical Solution · 6%/0.5%/0.005%/1%/0.7%,Hair Loss,202.00
3125,Minoxidil/Finasteride/Latanoprost/Caffeine/Azelaic/Spironolactone/Melatonin Topical Solution,30mL Topical Solution · 7%/0.9%/0.005%/2%/1.5%/0.52%/0.7%,Hair Loss,65.00
3743,Minoxidil/Finasteride/Latanoprost/Caffeine/Azelaic/Spironolactone/Melatonin Topical Solution,60mL Topical Solution · 7%/0.9%/0.005%/2%/1.5%/0.52%/0.7%,Hair Loss,156.00
3744,Minoxidil/Finasteride/Latanoprost/Caffeine/Azelaic/Spironolactone/Melatonin Topical Solution,90mL Topical Solution · 7%/0.9%/0.005%/2%/1.5%/0.52%/0.7%,Hair Loss,196.00
3127,Minoxidil/Finasteride/Latanoprost/Zinc Sulfate Topical Solution,30mL Topical Solution · 6%/1%/0.005%/0.4%,Hair Loss,62.00
3745,Minoxidil/Finasteride/Latanoprost/Zinc Sulfate Topical Solution,60mL Topical Solution · 6%/1%/0.005%/0.4%,Hair Loss,156.00
3746,Minoxidil/Finasteride/Latanoprost/Zinc Sulfate Topical Solution,90mL Topical Solution · 6%/1%/0.005%/0.4%,Hair Loss,196.00
2785,Anastrozole Capsules,30 Capsules · 0.5mg,Hormone Therapy,49.00
2786,Anastrozole Capsules,90 Capsules · 0.5mg,Hormone Therapy,109.00
2787,Anastrozole Capsules,30 Capsules · 1mg,Hormone Therapy,43.00
2788,Anastrozole Capsules,90 Capsules · 1mg,Hormone Therapy,108.00
2575,Bi-Est (E3/E2) 50/50 Sublingual Rapid Dissolve Tablets,30 Sublingual Rapid Dissolve Tablets · 1mg,Hormone Therapy,56.00
2576,Bi-Est (E3/E2) 50/50 Sublingual Rapid Dissolve Tablets,90 Sublingual Rapid Dissolve Tablets · 1mg,Hormone Therapy,132.00
2577,Bi-Est (E3/E2) 50/50 Sublingual Rapid Dissolve Tablets,30 Sublingual Rapid Dissolve Tablets · 2.5mg,Hormone Therapy,56.00
2578,Bi-Est (E3/E2) 50/50 Sublingual Rapid Dissolve Tablets,90 Sublingual Rapid Dissolve Tablets · 2.5mg,Hormone Therapy,132.00
2579,Bi-Est (E3/E2) 50/50 Sublingual Rapid Dissolve Tablets,30 Sublingual Rapid Dissolve Tablets · 5mg,Hormone Therapy,56.00
2580,Bi-Est (E3/E2) 50/50 Sublingual Rapid Dissolve Tablets,90 Sublingual Rapid Dissolve Tablets · 5mg,Hormone Therapy,132.00
2581,Bi-Est (E3/E2) 50/50 Sublingual Rapid Dissolve Tablets,30 Sublingual Rapid Dissolve Tablets · 10mg,Hormone Therapy,56.00
2582,Bi-Est (E3/E2) 50/50 Sublingual Rapid Dissolve Tablets,90 Sublingual Rapid Dissolve Tablets · 10mg,Hormone Therapy,132.00
2567,Bi-Est (E3/E2) 50/50 Troches,30 Troches · 1mg,Hormone Therapy,54.00
2568,Bi-Est (E3/E2) 50/50 Troches,90 Troches · 1mg,Hormone Therapy,132.00
2569,Bi-Est (E3/E2) 50/50 Troches,30 Troches · 2.5mg,Hormone Therapy,54.00
2570,Bi-Est (E3/E2) 50/50 Troches,90 Troches · 2.5mg,Hormone Therapy,132.00
2571,Bi-Est (E3/E2) 50/50 Troches,30 Troches · 5mg,Hormone Therapy,54.00
2572,Bi-Est (E3/E2) 50/50 Troches,90 Troches · 5mg,Hormone Therapy,132.00
2573,Bi-Est (E3/E2) 50/50 Troches,30 Troches · 10mg,Hormone Therapy,54.00
2574,Bi-Est (E3/E2) 50/50 Troches,90 Troches · 10mg,Hormone Therapy,132.00
2541,Bi-Est (E3/E2) 80/20 Sublingual Rapid Dissolve Tablets,30 Sublingual Rapid Dissolve Tablets · 1mg,Hormone Therapy,56.00
2542,Bi-Est (E3/E2) 80/20 Sublingual Rapid Dissolve Tablets,90 Sublingual Rapid Dissolve Tablets · 1mg,Hormone Therapy,132.00
2543,Bi-Est (E3/E2) 80/20 Sublingual Rapid Dissolve Tablets,30 Sublingual Rapid Dissolve Tablets · 2.5mg,Hormone Therapy,56.00
2544,Bi-Est (E3/E2) 80/20 Sublingual Rapid Dissolve Tablets,90 Sublingual Rapid Dissolve Tablets · 2.5mg,Hormone Therapy,132.00
2545,Bi-Est (E3/E2) 80/20 Sublingual Rapid Dissolve Tablets,30 Sublingual Rapid Dissolve Tablets · 5mg,Hormone Therapy,56.00
2546,Bi-Est (E3/E2) 80/20 Sublingual Rapid Dissolve Tablets,90 Sublingual Rapid Dissolve Tablets · 5mg,Hormone Therapy,132.00
2547,Bi-Est (E3/E2) 80/20 Sublingual Rapid Dissolve Tablets,30 Sublingual Rapid Dissolve Tablets · 10mg,Hormone Therapy,56.00
2548,Bi-Est (E3/E2) 80/20 Sublingual Rapid Dissolve Tablets,90 Sublingual Rapid Dissolve Tablets · 10mg,Hormone Therapy,132.00
2533,Bi-Est (E3/E2) 80/20 Troches,30 Troches · 1mg,Hormone Therapy,54.00
2534,Bi-Est (E3/E2) 80/20 Troches,90 Troches · 1mg,Hormone Therapy,132.00
2535,Bi-Est (E3/E2) 80/20 Troches,30 Troches · 2.5mg,Hormone Therapy,54.00
2536,Bi-Est (E3/E2) 80/20 Troches,90 Troches · 2.5mg,Hormone Therapy,132.00
2537,Bi-Est (E3/E2) 80/20 Troches,30 Troches · 5mg,Hormone Therapy,54.00
2538,Bi-Est (E3/E2) 80/20 Troches,90 Troches · 5mg,Hormone Therapy,132.00
2539,Bi-Est (E3/E2) 80/20 Troches,30 Troches · 10mg,Hormone Therapy,54.00
2540,Bi-Est (E3/E2) 80/20 Troches,90 Troches · 10mg,Hormone Therapy,132.00
PDF-1773421700139-3,"Bi-Est (E3/E2) 80/20, Progesterone, Testosterone Topical Cream","30mL · 4mg/mL,100mg/mL, 4mg/mL",Hormone Therapy,80.00
PDF-1773421700139-4,"Bi-Est (E3/E2) 80/20, Testosterone, DHEA, Pregnenlone, Chrysin Troche",30 Troches · 1mg/10mg/5mg/10mg/50mg,Hormone Therapy,90.00
2557,Bi-Est Capsules (E3/E2) 50/50 Sustained Release,30 SR Capsules · 0.5mg,Hormone Therapy,48.00
2558,Bi-Est Capsules (E3/E2) 50/50 Sustained Release,90 SR Capsules · 0.5mg,Hormone Therapy,118.00
2559,Bi-Est Capsules (E3/E2) 50/50 Sustained Release,30 SR Capsules · 1mg,Hormone Therapy,48.00
2560,Bi-Est Capsules (E3/E2) 50/50 Sustained Release,90 SR Capsules · 1mg,Hormone Therapy,118.00
2561,Bi-Est Capsules (E3/E2) 50/50 Sustained Release,30 SR Capsules · 1.5mg,Hormone Therapy,48.00
2562,Bi-Est Capsules (E3/E2) 50/50 Sustained Release,90 SR Capsules · 1.5mg,Hormone Therapy,118.00
2563,Bi-Est Capsules (E3/E2) 50/50 Sustained Release,30 SR Capsules · 2mg,Hormone Therapy,48.00
2564,Bi-Est Capsules (E3/E2) 50/50 Sustained Release,90 SR Capsules · 2mg,Hormone Therapy,118.00
2565,Bi-Est Capsules (E3/E2) 50/50 Sustained Release,30 SR Capsules · 2.5mg,Hormone Therapy,48.00
2566,Bi-Est Capsules (E3/E2) 50/50 Sustained Release,90 SR Capsules · 2.5mg,Hormone Therapy,118.00
2523,Bi-Est Capsules (E3/E2) 80/20 Sustained Release,30 SR Capsules · 0.5mg,Hormone Therapy,48.00
2524,Bi-Est Capsules (E3/E2) 80/20 Sustained Release,90 SR Capsules · 0.5mg,Hormone Therapy,118.00
2525,Bi-Est Capsules (E3/E2) 80/20 Sustained Release,30 SR Capsules · 1mg,Hormone Therapy,48.00
2526,Bi-Est Capsules (E3/E2) 80/20 Sustained Release,90 SR Capsules · 1mg,Hormone Therapy,118.00
2527,Bi-Est Capsules (E3/E2) 80/20 Sustained Release,30 SR Capsules · 1.5mg,Hormone Therapy,48.00
2528,Bi-Est Capsules (E3/E2) 80/20 Sustained Release,90 SR Capsules · 1.5mg,Hormone Therapy,118.00
2529,Bi-Est Capsules (E3/E2) 80/20 Sustained Release,30 SR Capsules · 2mg,Hormone Therapy,48.00
2530,Bi-Est Capsules (E3/E2) 80/20 Sustained Release,90 SR Capsules · 2mg,Hormone Therapy,118.00
2531,Bi-Est Capsules (E3/E2) 80/20 Sustained Release,30 SR Capsules · 2.5mg,Hormone Therapy,48.00
2532,Bi-Est Capsules (E3/E2) 80/20 Sustained Release,90 SR Capsules · 2.5mg,Hormone Therapy,118.00
2549,Bi-Est Cream (E3/E2) 50/50,30g · 1mg/mL,Hormone Therapy,54.00
2550,Bi-Est Cream (E3/E2) 50/50,90g · 1mg/mL,Hormone Therapy,126.00
2551,Bi-Est Cream (E3/E2) 50/50,30g · 2.5mg/mL,Hormone Therapy,54.00
2552,Bi-Est Cream (E3/E2) 50/50,90g · 2.5mg/mL,Hormone Therapy,126.00
2553,Bi-Est Cream (E3/E2) 50/50,30g · 5mg/mL,Hormone Therapy,54.00
2554,Bi-Est Cream (E3/E2) 50/50,90g · 5mg/mL,Hormone Therapy,126.00
2555,Bi-Est Cream (E3/E2) 50/50,30g · 10mg/mL,Hormone Therapy,54.00
2556,Bi-Est Cream (E3/E2) 50/50,90g · 10mg/mL,Hormone Therapy,126.00
2515,Bi-Est Cream (E3/E2) 80/20,30g · 1mg/mL,Hormone Therapy,54.00
2516,Bi-Est Cream (E3/E2) 80/20,90g · 1mg/mL,Hormone Therapy,126.00
2517,Bi-Est Cream (E3/E2) 80/20,30g · 2.5mg/mL,Hormone Therapy,54.00
2518,Bi-Est Cream (E3/E2) 80/20,90g · 2.5mg/mL,Hormone Therapy,126.00
2519,Bi-Est Cream (E3/E2) 80/20,30g · 5mg/mL,Hormone Therapy,54.00
2520,Bi-Est Cream (E3/E2) 80/20,90g · 5mg/mL,Hormone Therapy,126.00
2521,Bi-Est Cream (E3/E2) 80/20,30g · 10mg/mL,Hormone Therapy,54.00
2522,Bi-Est Cream (E3/E2) 80/20,90g · 10mg/mL,Hormone Therapy,126.00
2595,Clomiphene Capsules,30 Capsules · 25mg,Hormone Therapy,54.00
2596,Clomiphene Capsules,90 Capsules · 25mg,Hormone Therapy,119.00
2597,Clomiphene Capsules,30 Capsules · 50mg,Hormone Therapy,63.00
2598,Clomiphene Capsules,90 Capsules · 50mg,Hormone Therapy,135.00
2583,DHEA Sustained Release Capsules,30 SR Capsules · 40mg,Hormone Therapy,56.00
2584,DHEA Sustained Release Capsules,90 SR Capsules · 40mg,Hormone Therapy,150.00
2585,DHEA Sustained Release Capsules,30 SR Capsules · 60mg,Hormone Therapy,56.00
2586,DHEA Sustained Release Capsules,90 SR Capsules · 60mg,Hormone Therapy,150.00
2587,DHEA Sustained Release Capsules,30 SR Capsules · 80mg,Hormone Therapy,56.00
2588,DHEA Sustained Release Capsules,90 SR Capsules · 80mg,Hormone Therapy,150.00
2589,DHEA Sustained Release Capsules,30 SR Capsules · 100mg,Hormone Therapy,56.00
2590,DHEA Sustained Release Capsules,90 SR Capsules · 100mg,Hormone Therapy,150.00
4070,DHEA Vaginal Cream,15gm · 7.5mg/mL,Hormone Therapy,48.00
4071,DHEA Vaginal Cream,30gm · 7.5mg/mL,Hormone Therapy,70.00
4072,DHEA Vaginal Cream,90gm · 7.5mg/mL,Hormone Therapy,145.00
3845,DHEA Vegetable Capsules,30 Vegetable Capsules · 50mg,Hormone Therapy,53.00
3846,DHEA Vegetable Capsules,30 Vegetable Capsules · 25mg,Hormone Therapy,53.00
2591,Enclomiphene Citrate Capsules,30 Vegetable Capsules · 12.5mg,Hormone Therapy,57.00
2592,Enclomiphene Citrate Capsules,90 Vegetable Capsules · 12.5mg,Hormone Therapy,138.00
2593,Enclomiphene Citrate Capsules,30 Vegetable Capsules · 25mg,Hormone Therapy,76.00
2594,Enclomiphene Citrate Capsules,90 Vegetable Capsules · 25mg,Hormone Therapy,168.00
3794,Enclomiphene Citrate Capsules,45 Vegetable Capsules · 25mg,Hormone Therapy,210.00
3795,Enclomiphene Citrate Capsules,45 Vegetable Capsules · 12.5mg,Hormone Therapy,150.00
3817,Enclomiphene Citrate Capsules,30 Vegetable Capsules · 50mg,Hormone Therapy,150.00
3818,Enclomiphene Citrate Capsules,60 Vegetable Capsules · 50mg,Hormone Therapy,250.00
3799,Estradiol (E2) Ellage Anhydrous Vaginal Cream,30GM · 6mg/mL,Hormone Therapy,104.00
2601,Estradiol (E2) Topical Cream,30g · 0.5mg/mL,Hormone Therapy,80.00
2602,Estradiol (E2) Topical Cream,90g · 0.5mg/mL,Hormone Therapy,126.00
2603,Estradiol (E2) Topical Cream,30g · 1mg/mL,Hormone Therapy,80.00
2604,Estradiol (E2) Topical Cream,90g · 1mg/mL,Hormone Therapy,126.00
2605,Estradiol (E2) Topical Cream,30g · 2mg/mL,Hormone Therapy,80.00
2606,Estradiol (E2) Topical Cream,90g · 2mg/mL,Hormone Therapy,126.00
2607,Estradiol (E2) Topical Cream,30g · 10mg/mL,Hormone Therapy,80.00
2608,Estradiol (E2) Topical Cream,90g · 10mg/mL,Hormone Therapy,126.00
2609,Estradiol (E2) Topical Cream,30g · 20mg/mL,Hormone Therapy,80.00
2610,Estradiol (E2) Topical Cream,90g · 20mg/mL,Hormone Therapy,126.00
3798,Estradiol (E2) Vaginal Ellage Gel,90GM · 6mg/mL,Hormone Therapy,320.00
2613,Estradiol (E2) Vaginal Gel,30g · 0.1mg/mL,Hormone Therapy,80.00
2614,Estradiol (E2) Vaginal Gel,90g · 0.1mg/mL,Hormone Therapy,220.00
2615,Estradiol (E2) Vaginal Gel,30g · 0.2mg/mL,Hormone Therapy,80.00
2616,Estradiol (E2) Vaginal Gel,90g · 0.2mg/mL,Hormone Therapy,220.00
2617,Estradiol (E2) Vaginal Gel,30g · 1mg/mL,Hormone Therapy,80.00
2618,Estradiol (E2) Vaginal Gel,90g · 1mg/mL,Hormone Therapy,220.00
2619,Estradiol (E2) Vaginal Gel,30g · 2mg/mL,Hormone Therapy,80.00
2620,Estradiol (E2) Vaginal Gel,90g · 2mg/mL,Hormone Therapy,220.00
2621,Estradiol (Immediate Release Capsules),30 IR Capsules · 0.5mg,Hormone Therapy,52.00
2622,Estradiol (Immediate Release Capsules),90 IR Capsules · 0.5mg,Hormone Therapy,110.00
2623,Estradiol (Immediate Release Capsules),30 IR Capsules · 1mg,Hormone Therapy,52.00
2624,Estradiol (Immediate Release Capsules),90 IR Capsules · 1mg,Hormone Therapy,110.00
2625,Estradiol (Immediate Release Capsules),30 IR Capsules · 1.5mg,Hormone Therapy,52.00
2626,Estradiol (Immediate Release Capsules),90 IR Capsules · 1.5mg,Hormone Therapy,110.00
2627,Estradiol (Immediate Release Capsules),30 IR Capsules · 2mg,Hormone Therapy,52.00
2628,Estradiol (Immediate Release Capsules),90 IR Capsules · 2mg,Hormone Therapy,110.00
3823,"Estradiol, Progesterone, Testosterone Topical Cream","30GM · 1mg, 200mg, 2mg/ml",Hormone Therapy,64.00
3924,"Estradiol, Testosterone Topical Cream",30g · 5/10mg/mL,Hormone Therapy,80.00
3925,"Estradiol, Testosterone Topical Cream",30g · 8/20mg/mL,Hormone Therapy,80.00
3926,"Estradiol, Testosterone Topical Cream",30g · 2/12mg/mL,Hormone Therapy,80.00
3927,"Estradiol, Testosterone Topical Cream",30g · 4/20mg/mL,Hormone Therapy,80.00
3928,"Estradiol, Testosterone Topical Cream",30g · 4/10mg/mL,Hormone Therapy,80.00
3929,"Estradiol, Testosterone Topical Cream",30g · 10/20mg/mL,Hormone Therapy,80.00
3930,"Estradiol, Testosterone Topical Cream",45g · 5/10mg/mL,Hormone Therapy,100.00
3931,"Estradiol, Testosterone Topical Cream",45g · 8/20mg/mL,Hormone Therapy,100.00
3932,"Estradiol, Testosterone Topical Cream",45g · 2/12mg/mL,Hormone Therapy,100.00
3933,"Estradiol, Testosterone Topical Cream",45g · 4/20mg/mL,Hormone Therapy,100.00
3934,"Estradiol, Testosterone Topical Cream",45g · 4/10mg/mL,Hormone Therapy,100.00
3935,"Estradiol, Testosterone Topical Cream",45g · 10/20mg/mL,Hormone Therapy,100.00
3936,"Estradiol, Testosterone Topical Cream",90g · 5/10mg/mL,Hormone Therapy,126.00
3937,"Estradiol, Testosterone Topical Cream",90g · 8/20mg/mL,Hormone Therapy,126.00
3938,"Estradiol, Testosterone Topical Cream",90g · 2/12mg/mL,Hormone Therapy,126.00
3939,"Estradiol, Testosterone Topical Cream",90g · 4/20mg/mL,Hormone Therapy,126.00
3940,"Estradiol, Testosterone Topical Cream",90g · 4/10mg/mL,Hormone Therapy,126.00
3941,"Estradiol, Testosterone Topical Cream",90g · 10/20mg/mL,Hormone Therapy,126.00
2631,Estriol (E3) Vaginal Gel,30g · 0.5mg/mL,Hormone Therapy,80.00
2632,Estriol (E3) Vaginal Gel,90g · 0.5mg/mL,Hormone Therapy,220.00
2633,Estriol (E3) Vaginal Gel,30g · 1mg/mL,Hormone Therapy,80.00
2634,Estriol (E3) Vaginal Gel,90g · 1mg/mL,Hormone Therapy,220.00
2635,Estriol (E3) Vaginal Gel,30g · 3mg/mL,Hormone Therapy,80.00
2636,Estriol (E3) Vaginal Gel,90g · 3mg/mL,Hormone Therapy,220.00
2637,Estriol (E3) Vaginal Gel,30g · 5mg/mL,Hormone Therapy,80.00
2638,Estriol (E3) Vaginal Gel,90g · 5mg/mL,Hormone Therapy,220.00
2639,Estriol (Sustained Release Capsules),30 SR Capsules · 0.5mg,Hormone Therapy,44.00
2640,Estriol (Sustained Release Capsules),90 SR Capsules · 0.5mg,Hormone Therapy,118.00
2641,Estriol (Sustained Release Capsules),30 SR Capsules · 1mg,Hormone Therapy,44.00
2642,Estriol (Sustained Release Capsules),90 SR Capsules · 1mg,Hormone Therapy,118.00
2643,Estriol (Sustained Release Capsules),30 SR Capsules · 1.5mg,Hormone Therapy,44.00
2644,Estriol (Sustained Release Capsules),90 SR Capsules · 1.5mg,Hormone Therapy,118.00
2645,Estriol (Sustained Release Capsules),30 SR Capsules · 2mg,Hormone Therapy,44.00
2646,Estriol (Sustained Release Capsules),90 SR Capsules · 2mg,Hormone Therapy,118.00
3676,Gonadorelin Acetate Nasal Spray Solution,30ml metered dose bottle · 0.15mg/mL,Hormone Therapy,120.00
2863,Liothyronine (T3) / Levothyroxine (T4) Capsule,90 Capsules · 45mcg/190mcg,Hormone Therapy,112.00
2852,Liothyronine (T3) / Levothyroxine (T4) Capsules,30 Capsules · 2.25mcg/9.5mcg,Hormone Therapy,52.00
2853,Liothyronine (T3) / Levothyroxine (T4) Capsules,90 Capsules · 2.25mcg/9.5mcg,Hormone Therapy,112.00
2854,Liothyronine (T3) / Levothyroxine (T4) Capsules,30 Capsules · 4.5mcg/19mcg,Hormone Therapy,52.00
2855,Liothyronine (T3) / Levothyroxine (T4) Capsules,90 Capsules · 4.5mcg/19mcg,Hormone Therapy,112.00
2856,Liothyronine (T3) / Levothyroxine (T4) Capsules,30 Capsules · 9mcg/38mcg,Hormone Therapy,52.00
2857,Liothyronine (T3) / Levothyroxine (T4) Capsules,90 Capsules · 9mcg/38mcg,Hormone Therapy,112.00
2858,Liothyronine (T3) / Levothyroxine (T4) Capsules,30 Capsules · 18mcg/76mcg,Hormone Therapy,52.00
2859,Liothyronine (T3) / Levothyroxine (T4) Capsules,90 Capsules · 18mcg/76mcg,Hormone Therapy,112.00
2860,Liothyronine (T3) / Levothyroxine (T4) Capsules,30 Capsules · 27mcg/114mcg,Hormone Therapy,52.00
2861,Liothyronine (T3) / Levothyroxine (T4) Capsules,90 Capsules · 27mcg/114mcg,Hormone Therapy,112.00
2862,Liothyronine (T3) / Levothyroxine (T4) Capsules,30 Capsules · 45mcg/190mcg,Hormone Therapy,52.00
3826,Liothyronine (T3) / Levothyroxine (T4) Sustained Release Capsules,90 SR Vegetable Capsules · 9mcg/38mcg,Hormone Therapy,160.00
3827,Liothyronine (T3) / Levothyroxine (T4) Sustained Release Capsules,30 SR Vegetable Capsules · 9mcg/38mcg,Hormone Therapy,54.00
3593,Liothyronine (T3) / Levothyroxine (T4) Sustained Release Vegetable Capsules,90 SR Vegetable Capsules · 5mcg/25mcg,Hormone Therapy,140.00
2838,Liothyronine (T3) Capsules,30 Capsules · 1mcg,Hormone Therapy,52.00
2839,Liothyronine (T3) Capsules,90 Capsules · 1mcg,Hormone Therapy,112.00
2840,Liothyronine (T3) Capsules,30 Capsules · 10mcg,Hormone Therapy,52.00
2841,Liothyronine (T3) Capsules,90 Capsules · 10mcg,Hormone Therapy,112.00
2842,Liothyronine (T3) Capsules,30 Capsules · 25mcg,Hormone Therapy,52.00
2843,Liothyronine (T3) Capsules,90 Capsules · 25mcg,Hormone Therapy,112.00
2844,Liothyronine (T3) Capsules,30 Capsules · 75mcg,Hormone Therapy,52.00
2845,Liothyronine (T3) Capsules,90 Capsules · 75mcg,Hormone Therapy,112.00
2846,Liothyronine (T3) Capsules,30 Capsules · 100mcg,Hormone Therapy,52.00
2847,Liothyronine (T3) Capsules,90 Capsules · 100mcg,Hormone Therapy,112.00
2848,Liothyronine (T3) Capsules,30 Capsules · 200mcg,Hormone Therapy,52.00
2849,Liothyronine (T3) Capsules,90 Capsules · 200mcg,Hormone Therapy,112.00
2850,Liothyronine (T3) Capsules,30 Capsules · 300mcg,Hormone Therapy,52.00
2851,Liothyronine (T3) Capsules,90 Capsules · 300mcg,Hormone Therapy,112.00
2661,Progesterone Capsules,30 Capsules · 25mg,Hormone Therapy,48.00
2662,Progesterone Capsules,90 Capsules · 25mg,Hormone Therapy,126.00
2663,Progesterone Capsules,30 Capsules · 50mg,Hormone Therapy,48.00
2664,Progesterone Capsules,90 Capsules · 50mg,Hormone Therapy,126.00
2665,Progesterone Capsules,30 Capsules · 75mg,Hormone Therapy,48.00
2666,Progesterone Capsules,90 Capsules · 75mg,Hormone Therapy,126.00
2667,Progesterone Capsules,30 Capsules · 100mg,Hormone Therapy,48.00
2668,Progesterone Capsules,90 Capsules · 100mg,Hormone Therapy,126.00
2669,Progesterone Capsules,30 Capsules · 200mg,Hormone Therapy,48.00
2670,Progesterone Capsules,90 Capsules · 200mg,Hormone Therapy,126.00
2671,Progesterone Capsules,30 Capsules · 300mg,Hormone Therapy,48.00
2672,Progesterone Capsules,90 Capsules · 300mg,Hormone Therapy,110.00
3633,Progesterone Capsules,90 Capsules · 12.5mg,Hormone Therapy,110.00
3634,Progesterone Capsules,30 Capsules · 12.5mg,Hormone Therapy,52.00
3700,Progesterone Capsules,30 Capsules · 125mg,Hormone Therapy,52.00
3701,Progesterone Capsules,90 Capsules · 125mg,Hormone Therapy,110.00
3874,Progesterone Capsules,30 Capsules · 225mg,Hormone Therapy,52.00
2647,Progesterone Cream,30g · 10mg/mL,Hormone Therapy,48.00
2648,Progesterone Cream,90g · 10mg/mL,Hormone Therapy,126.00
2649,Progesterone Cream,30g · 25mg/mL,Hormone Therapy,48.00
2650,Progesterone Cream,90g · 25mg/mL,Hormone Therapy,126.00
2651,Progesterone Cream,30g · 50mg/mL,Hormone Therapy,48.00
2652,Progesterone Cream,90g · 50mg/mL,Hormone Therapy,126.00
2653,Progesterone Cream,30g · 75mg/mL,Hormone Therapy,48.00
2654,Progesterone Cream,90g · 75mg/mL,Hormone Therapy,126.00
2655,Progesterone Cream,30g · 100mg/mL,Hormone Therapy,48.00
2656,Progesterone Cream,90g · 100mg/mL,Hormone Therapy,126.00
2657,Progesterone Cream,30g · 200mg/mL,Hormone Therapy,48.00
2658,Progesterone Cream,90g · 200mg/mL,Hormone Therapy,126.00
2697,Progesterone Sublingual Rapid Dissolve Tablets,30 Sublingual Rapid Dissolve Tablets · 25mg,Hormone Therapy,48.00
2698,Progesterone Sublingual Rapid Dissolve Tablets,90 Sublingual Rapid Dissolve Tablets · 25mg,Hormone Therapy,126.00
2699,Progesterone Sublingual Rapid Dissolve Tablets,30 Sublingual Rapid Dissolve Tablets · 50mg,Hormone Therapy,48.00
2700,Progesterone Sublingual Rapid Dissolve Tablets,90 Sublingual Rapid Dissolve Tablets · 50mg,Hormone Therapy,126.00
2701,Progesterone Sublingual Rapid Dissolve Tablets,30 Sublingual Rapid Dissolve Tablets · 75mg,Hormone Therapy,48.00
2702,Progesterone Sublingual Rapid Dissolve Tablets,90 Sublingual Rapid Dissolve Tablets · 75mg,Hormone Therapy,126.00
2703,Progesterone Sublingual Rapid Dissolve Tablets,30 Sublingual Rapid Dissolve Tablets · 100mg,Hormone Therapy,48.00
2704,Progesterone Sublingual Rapid Dissolve Tablets,90 Sublingual Rapid Dissolve Tablets · 100mg,Hormone Therapy,126.00
2705,Progesterone Sublingual Rapid Dissolve Tablets,30 Sublingual Rapid Dissolve Tablets · 200mg,Hormone Therapy,48.00
2706,Progesterone Sublingual Rapid Dissolve Tablets,90 Sublingual Rapid Dissolve Tablets · 200mg,Hormone Therapy,126.00
2673,Progesterone Sustained Release Capsules,30 SR Capsules · 25mg,Hormone Therapy,52.00
2674,Progesterone Sustained Release Capsules,90 SR Capsules · 25mg,Hormone Therapy,110.00
2675,Progesterone Sustained Release Capsules,30 SR Capsules · 50mg,Hormone Therapy,52.00
2676,Progesterone Sustained Release Capsules,90 SR Capsules · 50mg,Hormone Therapy,110.00
2677,Progesterone Sustained Release Capsules,30 SR Capsules · 75mg,Hormone Therapy,52.00
2678,Progesterone Sustained Release Capsules,90 SR Capsules · 75mg,Hormone Therapy,110.00
2679,Progesterone Sustained Release Capsules,30 SR Capsules · 100mg,Hormone Therapy,52.00
2680,Progesterone Sustained Release Capsules,90 SR Capsules · 100mg,Hormone Therapy,110.00
2681,Progesterone Sustained Release Capsules,30 SR Capsules · 200mg,Hormone Therapy,52.00
2682,Progesterone Sustained Release Capsules,90 SR Capsules · 200mg,Hormone Therapy,110.00
2683,Progesterone Sustained Release Capsules,30 SR Capsules · 300mg,Hormone Therapy,52.00
3635,Progesterone Sustained Release Capsules,30 SR Vegetable Capsules · 12.5mg,Hormone Therapy,52.00
3873,Progesterone Sustained Release Capsules,30 Capsules · 225mg,Hormone Therapy,52.00
3636,Progesterone Sustained Release Vegetable Capsules,90 SR Vegetable Capsules · 12.5mg,Hormone Therapy,110.00
2685,Progesterone Troches,30 Troches · 25mg,Hormone Therapy,48.00
2686,Progesterone Troches,90 Troches · 25mg,Hormone Therapy,126.00
2687,Progesterone Troches,30 Troches · 50mg,Hormone Therapy,48.00
2688,Progesterone Troches,90 Troches · 50mg,Hormone Therapy,126.00
2689,Progesterone Troches,30 Troches · 75mg,Hormone Therapy,48.00
2690,Progesterone Troches,90 Troches · 75mg,Hormone Therapy,126.00
2691,Progesterone Troches,30 Troches · 100mg,Hormone Therapy,48.00
2692,Progesterone Troches,90 Troches · 100mg,Hormone Therapy,126.00
2693,Progesterone Troches,30 Troches · 200mg,Hormone Therapy,48.00
2694,Progesterone Troches,90 Troches · 200mg,Hormone Therapy,126.00
2710,Progesterone in Grapeseed Oil,10mL Vial · 25mg/mL,Hormone Therapy,154.00
2718,Progesterone in Sesame Seed Oil,10mL Vial · 25mg/mL,Hormone Therapy,154.00
2725,Testosterone Cream,30g · 10mg/mL,Hormone Therapy,48.00
2726,Testosterone Cream,90g · 10mg/mL,Hormone Therapy,126.00
2727,Testosterone Cream,30g · 20mg/mL,Hormone Therapy,48.00
2728,Testosterone Cream,90g · 20mg/mL,Hormone Therapy,126.00
2729,Testosterone Cream,30g · 50mg/mL,Hormone Therapy,48.00
2730,Testosterone Cream,90g · 50mg/mL,Hormone Therapy,126.00
2731,Testosterone Cream,30g · 100mg/mL,Hormone Therapy,48.00
2732,Testosterone Cream,90g · 100mg/mL,Hormone Therapy,126.00
2733,Testosterone Cream,30g · 150mg/mL,Hormone Therapy,48.00
2734,Testosterone Cream,90g · 150mg/mL,Hormone Therapy,126.00
2735,Testosterone Cream,30g · 200mg/mL,Hormone Therapy,48.00
2736,Testosterone Cream,90g · 200mg/mL,Hormone Therapy,126.00
3597,Testosterone Cream,45g · 200mg/mL,Hormone Therapy,70.00
3800,Testosterone Cream,23GM · 8% (80mg/mL),Hormone Therapy,70.00
3833,Testosterone Cream,23GM · 1mg/mL,Hormone Therapy,68.00
3865,Testosterone Cream,30g · 8mg/mL,Hormone Therapy,48.00
3896,Testosterone Cream,45g · 10mg/mL,Hormone Therapy,70.00
3902,Testosterone Cream,15g · 2mg/mL,Hormone Therapy,36.00
3903,Testosterone Cream,45g · 8mg/mL,Hormone Therapy,70.00
3904,Testosterone Cream,45g · 6mg/mL,Hormone Therapy,70.00
3905,Testosterone Cream,45g · 4mg/mL,Hormone Therapy,70.00
3906,Testosterone Cream,45g · 12mg/mL,Hormone Therapy,70.00
3943,Testosterone Cream,45g · 12mg/mL,Hormone Therapy,70.00
3944,Testosterone Cream,45g · 16mg/mL,Hormone Therapy,70.00
3945,Testosterone Cream,45g · 20mg/mL,Hormone Therapy,70.00
2798,Testosterone Cypionate / Anastrozole in Grapeseed Oil,5mL Vial · 25mg/0.5mg/mL,Hormone Therapy,92.00
2799,Testosterone Cypionate / Anastrozole in Grapeseed Oil,10mL (2 x 5mL Vials) · 25mg/0.5mg/mL,Hormone Therapy,172.00
2800,Testosterone Cypionate / Anastrozole in Grapeseed Oil,5mL Vial · 50mg/0.5mg/mL,Hormone Therapy,92.00
2801,Testosterone Cypionate / Anastrozole in Grapeseed Oil,10mL (2 x 5mL Vials) · 50mg/0.5mg/mL,Hormone Therapy,172.00
2802,Testosterone Cypionate / Anastrozole in Grapeseed Oil,5mL Vial · 100mg/0.5mg/mL,Hormone Therapy,92.00
2803,Testosterone Cypionate / Anastrozole in Grapeseed Oil,10mL (2 x 5mL Vials) · 100mg/0.5mg/mL,Hormone Therapy,172.00
2804,Testosterone Cypionate / Anastrozole in Grapeseed Oil,5mL Vial · 200mg/0.5mg/mL,Hormone Therapy,52.00
2805,Testosterone Cypionate / Anastrozole in Grapeseed Oil,10mL (2 x 5mL Vials) · 200mg/0.5mg/mL,Hormone Therapy,95.00
2814,Testosterone Cypionate in Grapeseed Oil,5mL Vial · 25mg/mL,Hormone Therapy,45.00
2815,Testosterone Cypionate in Grapeseed Oil,10mL (2 x 5mL Vials) · 25mg/mL,Hormone Therapy,80.00
2816,Testosterone Cypionate in Grapeseed Oil,5mL Vial · 50mg/mL,Hormone Therapy,45.00
2817,Testosterone Cypionate in Grapeseed Oil,10mL (2 x 5mL Vials) · 50mg/mL,Hormone Therapy,80.00
2818,Testosterone Cypionate in Grapeseed Oil,5mL Vial · 100mg/mL,Hormone Therapy,45.00
2819,Testosterone Cypionate in Grapeseed Oil,10mL (2 x 5mL Vials) · 100mg/mL,Hormone Therapy,80.00
2820,Testosterone Cypionate in Grapeseed Oil,5mL Vial · 200mg/mL,Hormone Therapy,45.00
2821,Testosterone Cypionate in Grapeseed Oil,10mL (2 x 5mL Vials) · 200mg/mL,Hormone Therapy,80.00
3504,Testosterone Cypionate in Grapeseed Oil,1ml MDV · 50mg/ml,Hormone Therapy,44.00
3529,Testosterone Cypionate in Grapeseed Oil,4mL (4 x 1mL Vials) · 200mg/ml,Hormone Therapy,60.00
3530,Testosterone Cypionate in Grapeseed Oil,2mL (2 x 1mL Vials) · 50mg/ml,Hormone Therapy,64.00
3531,Testosterone Cypionate in Grapeseed Oil,1ml MDV · 20mg/ml,Hormone Therapy,50.00
3532,Testosterone Cypionate in Grapeseed Oil,2mL (2 x 1mL Vials) · 25mg/mL,Hormone Therapy,50.00
3533,Testosterone Cypionate in Grapeseed Oil,4mL (4 x 1mL Vials) · 25mg/mL,Hormone Therapy,64.00
3646,Testosterone Cypionate in Grapeseed Oil,3mL (3 x 1mL Vials) · 200mg/mL,Hormone Therapy,80.00
3648,Testosterone Cypionate in Grapeseed Oil,2mL (2 x 1mL Vials) · 200mg/mL,Hormone Therapy,64.00
3867,Testosterone Cypionate in Grapeseed Oil,1mL Vial · 100mg/mL,Hormone Therapy,46.00
3946,Testosterone Cypionate in Grapeseed Oil,3mL (3 x 1mL Vials) · 25mg/mL,Hormone Therapy,56.00
4056,Testosterone Cypionate in Grapeseed Oil,15mL (3 x 5mL Vials) · 200mg/mL,Hormone Therapy,140.00
4057,Testosterone Cypionate in Grapeseed Oil,20mL (4 x 5mL Vials) · 200mg/mL,Hormone Therapy,196.00
4058,Testosterone Cypionate in Grapeseed Oil,1mL Vial · 200mg/mL,Hormone Therapy,46.00
3801,Testosterone Cypionate in Medium Chain Triglycerides Sterile Injectable Solution,5mL Vial · 200mg/mL,Hormone Therapy,50.00
3802,Testosterone Cypionate in Medium Chain Triglycerides Sterile Injectable Solution,5mL Vial · 100mg/mL,Hormone Therapy,54.00
3803,Testosterone Cypionate in Medium Chain Triglycerides Sterile Injectable Solution,5mL Vial · 50mg/ml,Hormone Therapy,50.00
3804,Testosterone Cypionate in Medium Chain Triglycerides Sterile Injectable Solution,5mL Vial · 25mg/mL,Hormone Therapy,54.00
2822,Testosterone Cypionate in Sesame Oil,5mL Vial · 25mg/mL,Hormone Therapy,54.00
2823,Testosterone Cypionate in Sesame Oil,10mL (2 x 5mL Vials) · 25mg/mL,Hormone Therapy,70.00
2824,Testosterone Cypionate in Sesame Oil,5mL Vial · 50mg/mL,Hormone Therapy,54.00
2825,Testosterone Cypionate in Sesame Oil,10mL (2 x 5mL Vials) · 50mg/mL,Hormone Therapy,70.00
2826,Testosterone Cypionate in Sesame Oil,5mL Vial · 100mg/mL,Hormone Therapy,54.00
2827,Testosterone Cypionate in Sesame Oil,10mL (2 x 5mL Vials) · 100mg/mL,Hormone Therapy,70.00
2828,Testosterone Cypionate in Sesame Oil,5mL Vial · 200mg/mL,Hormone Therapy,54.00
2829,Testosterone Cypionate in Sesame Oil,10mL (2 x 5mL Vials) · 200mg/mL,Hormone Therapy,70.00
3527,Testosterone Cypionate/ Anastrozole in Grapeseed Oil,4mL (4 x 1mL Vials) · 200mg/0.5mg/ml,Hormone Therapy,60.00
3698,Testosterone Cypionate/ Anastrozole in Grapeseed Oil,3mL (3 x 1mL Vials) · 200mg/0.5mg/ml,Hormone Therapy,76.00
3699,Testosterone Cypionate/ Anastrozole in Grapeseed Oil,2mL (2 x 1mL Vials) · 200mg/0.5mg/ml,Hormone Therapy,60.00
3717,Testosterone Sublingual Rapid Dissolve Tablets,30 Sublingual Rapid Dissolve Tablets · 2.5mg,Hormone Therapy,60.00
3718,Testosterone Sublingual Rapid Dissolve Tablets,90 Sublingual Rapid Dissolve Tablets · 2.5mg,Hormone Therapy,160.00
2769,Testosterone Sublingual Rapid Dissolving Tablets,30 Sublingual Rapid Dissolve Tablets · 10mg,Hormone Therapy,48.00
2770,Testosterone Sublingual Rapid Dissolving Tablets,90 Sublingual Rapid Dissolve Tablets · 10mg,Hormone Therapy,126.00
2771,Testosterone Sublingual Rapid Dissolving Tablets,30 Sublingual Rapid Dissolve Tablets · 20mg,Hormone Therapy,48.00
2772,Testosterone Sublingual Rapid Dissolving Tablets,90 Sublingual Rapid Dissolve Tablets · 20mg,Hormone Therapy,126.00
2773,Testosterone Sublingual Rapid Dissolving Tablets,30 Sublingual Rapid Dissolve Tablets · 50mg,Hormone Therapy,48.00
2774,Testosterone Sublingual Rapid Dissolving Tablets,90 Sublingual Rapid Dissolve Tablets · 50mg,Hormone Therapy,126.00
2775,Testosterone Sublingual Rapid Dissolving Tablets,30 Sublingual Rapid Dissolve Tablets · 100mg,Hormone Therapy,48.00
2776,Testosterone Sublingual Rapid Dissolving Tablets,90 Sublingual Rapid Dissolve Tablets · 100mg,Hormone Therapy,126.00
2777,Testosterone Sublingual Rapid Dissolving Tablets,30 Sublingual Rapid Dissolve Tablets · 150mg,Hormone Therapy,48.00
2778,Testosterone Sublingual Rapid Dissolving Tablets,90 Sublingual Rapid Dissolve Tablets · 150mg,Hormone Therapy,126.00
2779,Testosterone Sublingual Rapid Dissolving Tablets,30 Sublingual Rapid Dissolve Tablets · 200mg,Hormone Therapy,48.00
2780,Testosterone Sublingual Rapid Dissolving Tablets,90 Sublingual Rapid Dissolve Tablets · 200mg,Hormone Therapy,126.00
3671,Testosterone Transdermal PLO Gel,9ml Transdermal PLO Gel · 2.5mg/0.1ml,Hormone Therapy,130.00
3672,Testosterone Transdermal PLO Gel,6ml Transdermal PLO Gel · 2.5mg/0.1ml,Hormone Therapy,90.00
3562,Testosterone Troche,30 Troches · 5mg,Hormone Therapy,48.00
3824,Testosterone Troche,30 Troches · 1mg,Hormone Therapy,48.00
2753,Testosterone Troches,30 Troches · 10mg,Hormone Therapy,48.00
2754,Testosterone Troches,90 Troches · 10mg,Hormone Therapy,126.00
2755,Testosterone Troches,30 Troches · 20mg,Hormone Therapy,48.00
2756,Testosterone Troches,90 Troches · 20mg,Hormone Therapy,126.00
2757,Testosterone Troches,30 Troches · 50mg,Hormone Therapy,48.00
2758,Testosterone Troches,90 Troches · 50mg,Hormone Therapy,126.00
2759,Testosterone Troches,30 Troches · 100mg,Hormone Therapy,48.00
2760,Testosterone Troches,90 Troches · 100mg,Hormone Therapy,126.00
2761,Testosterone Troches,30 Troches · 150mg,Hormone Therapy,48.00
2762,Testosterone Troches,90 Troches · 150mg,Hormone Therapy,126.00
2763,Testosterone Troches,30 Troches · 200mg,Hormone Therapy,48.00
2764,Testosterone Troches,90 Troches · 200mg,Hormone Therapy,126.00
3563,Testosterone Troches,30 Troches · 7.5mg,Hormone Therapy,48.00
3564,Testosterone Troches,30 Troches · 2.5mg,Hormone Therapy,48.00
3565,Testosterone Troches,90 Troches · 2.5mg,Hormone Therapy,126.00
3566,Testosterone Troches,90 Troches · 5mg,Hormone Therapy,126.00
3632,Testosterone Troches,90 Troches · 7.5mg,Hormone Therapy,126.00
3825,Testosterone Troches,90 Troches · 1mg,Hormone Therapy,126.00
3951,Testosterone Troches,30 Troches · 2mg,Hormone Therapy,44.00
3952,Testosterone Troches,90 Troches · 2mg,Hormone Therapy,120.00
3953,Testosterone Troches,30 Troches · 4mg,Hormone Therapy,44.00
3954,Testosterone Troches,90 Troches · 4mg,Hormone Therapy,120.00
3955,Testosterone Troches,30 Troches · 6mg,Hormone Therapy,44.00
3956,Testosterone Troches,90 Troches · 6mg,Hormone Therapy,120.00
3957,Testosterone Troches,30 Troches · 15mg,Hormone Therapy,44.00
3958,Testosterone Troches,90 Troches · 15mg,Hormone Therapy,120.00
4020,Olympia Alleviate IV Kit (PMS Relief),Kit · Calcium Chloride 30mL + Magnesium Chloride 30mL + Vita-Complex 30mL + Hydroxocobalamin 30mL,IV Therapy,254.00
4019,Olympia B-Lean IV Kit,Kit · Taurine 30mL + Vita-Complex 30mL + Methylcobalamin 10mL,IV Therapy,163.00
4018,Olympia Brainstorm IV Kit,Kit · Alpha-Lipoic Acid 30mL + Taurine 30mL + Pyridoxine (B6) 85mg/mL 30mL,IV Therapy,196.00
4015,Olympia Get Up and Go IV Kit,Kit · Vita-Complex 30mL + Amino Blend 30mL,IV Therapy,150.00
4021,Olympia Healing IV Kit (Post-Op Recovery),Kit · Ascorbic Acid 30mL + Mineral Blend 30mL + Vita-Complex 30mL + Taurine 30mL,IV Therapy,274.00
4016,Olympia Immunity IV Kit,Kit · Ascorbic Acid 30mL + Vita-Complex 30mL + Zinc Sulfate 10mL,IV Therapy,164.00
4013,Olympia QUENCH IV Kit,Kit · Ascorbic Acid 30mL + Vita-Complex 30mL + Mineral Blend 30mL,IV Therapy,216.00
4017,Olympia REBOOT IV Kit (Hangover Relief),Kit · Ondansetron 30mL + Vita-Complex 30mL + Mineral Blend 30mL,IV Therapy,219.00
4014,Olympia Recovery & Performance IV Kit,Kit · Ascorbic Acid 30mL + Vita-Complex 30mL + Amino Blend 30mL + Mineral Blend 30mL,IV Therapy,287.00
4036,Olympia Alpha-Lipoic Acid (30mL),30mL · 25mg/mL,Injectable Nutrients,88.00
4044,Olympia Amino Blend (30mL),30mL · L-Proline 50mg / L-Arginine 100mg / L-Lysine 50mg / L-Carnitine 100mg per mL,Injectable Nutrients,80.00
4023,Olympia Ascorbic Acid (30mL),30mL · 500mg/mL (with preservative),Injectable Nutrients,62.00
4043,Olympia B12 Hydroxocobalamin (30mL),30mL · 2mg/mL,Injectable Nutrients,65.00
4041,Olympia B12 Methylcobalamin (10mL),10mL · 5mg/mL,Injectable Nutrients,30.00
4042,Olympia B12 Methylcobalamin (30mL),30mL · 5mg/mL,Injectable Nutrients,65.00
4039,Olympia Biotin (10mL),10mL · 10mg/mL (High Concentration),Injectable Nutrients,57.00
4025,Olympia Calcium Chloride (30mL),30mL · 100mg/mL (NOT for IM),Injectable Nutrients,65.00
4024,Olympia Dexpanthenol B5 (30mL),30mL · 250mg/mL,Injectable Nutrients,65.00
4033,Olympia Glutathione (30mL),30mL · 200mg/mL,Injectable Nutrients,58.00
4032,Olympia Glutathione (5mL),5mL · 200mg/mL,Injectable Nutrients,27.00
4026,Olympia L-Arginine (30mL),30mL · 200mg/mL,Injectable Nutrients,65.00
4037,Olympia L-Carnitine (30mL),30mL · 500mg/mL,Injectable Nutrients,65.00
4035,Olympia L-Glutamine (30mL),30mL · 25mg/mL,Injectable Nutrients,65.00
4028,Olympia L-Lysine (30mL),30mL · 100mg/mL,Injectable Nutrients,65.00
4029,Olympia L-Proline (30mL),30mL · 100mg/mL,Injectable Nutrients,65.00
4038,Olympia Magnesium Chloride (30mL),30mL · 300mg/mL,Injectable Nutrients,65.00
4031,Olympia Myers Cocktail (10mL),10mL · Mag/Ca/B-complex/Vitamin C premix,Injectable Nutrients,62.00
4022,Olympia N-Acetyl-Cysteine (30mL),30mL · 200mg/mL (with preservative),Injectable Nutrients,65.00
4027,Olympia Taurine (30mL),30mL · 50mg/mL,Injectable Nutrients,65.00
4040,Olympia Tres Aminos (30mL),30mL · Arginine 100mg/mL / L-Lysine 50mg/mL / L-Proline 50mg/mL,Injectable Nutrients,72.00
4034,Olympia Tri-Immune Boost (30mL),30mL · Ascorbic Acid 200mg/mL / Glutathione 200mg/mL / Zinc Sulfate 2.5mg/mL,Injectable Nutrients,65.00
4030,Olympia Vita-Complex (30mL),"30mL · B1,B3 100mg/mL; B2,B5,B6 2mg/mL",Injectable Nutrients,87.00
3512,Glutathione,30 Troches · 200mg,Lipotropic/Vitamin,86.00
3838,Leucovorin Calcium (Folinic Acid),60mL Bottle · 25mg/mL Oral Suspension,Lipotropic/Vitamin,115.00
2877,"Lipotropic Vegetable Capsules (Methionine, Inositol, Choline, Methylcobalamin, Chromium)",30 Vegetable Capsules · 150mg/250mg/30mg/1mg/0.2mg,Lipotropic/Vitamin,77.00
2867,Methylcobalamin Sterile Injection Solution,10mL Vial · 1mg/mL,Lipotropic/Vitamin,67.00
4052,Olympia Lipo+ (30mL),30mL · B6 2mg / Methionine 12.4mg / Inositol 25mg / Choline 25mg per mL,Lipotropic/Vitamin,65.00
4053,Olympia Lipo+ with Methyl B12 (2-vial),30mL + 10mL · Lipo+ 30mL + Methyl B12 5mg/mL 10mL,Lipotropic/Vitamin,83.00
4049,Olympia Lipo-Mino (30mL),30mL · B6/Methionine 12.4mg/Inositol 25mg/Choline 25mg/B12/B1 50mg/B2 5mg per mL,Lipotropic/Vitamin,81.00
4047,Olympia Lipo-Mino + L-Carnitine (10mL),10mL · B6/Methionine/Inositol/Choline/B12/Carnitine 125mg/B1/B2 per mL,Lipotropic/Vitamin,37.00
4048,Olympia Lipo-Mino + L-Carnitine (30mL),30mL · B6/Methionine/Inositol/Choline/B12/Carnitine 125mg/B1/B2 per mL,Lipotropic/Vitamin,81.00
4054,Olympia Lipo-Mino + L-Carnitine Bundle (2-vial),2 x 30mL · Lipo-Mino 30mL + L-Carnitine 500mg/mL 30mL,Lipotropic/Vitamin,142.00
4050,Olympia LipoStat Plus (30mL),30mL · Methionine 25mg / Inositol 50mg / Choline 50mg / B6 175mcg / B12 1mg,Lipotropic/Vitamin,80.00
4051,Olympia LipoStat Plus SF (30mL),30mL · Inositol 50mg / Choline 50mg / B6 175mcg / B12 1mg (Sulfur Free),Lipotropic/Vitamin,80.00
4045,Olympia MICC (10mL),10mL · Methionine 25mg / Inositol 50mg / Choline 50mg / Cyanocobalamin 330mcg per mL,Lipotropic/Vitamin,34.00
4046,Olympia MICC (30mL),30mL · Methionine 25mg / Inositol 50mg / Choline 50mg / Cyanocobalamin 330mcg per mL,Lipotropic/Vitamin,80.00
4062,NutraFi B7 (Biotin),1 · ea,Oral Sprays,30.00
4065,NutraFi D3+K2,1 · ea,Oral Sprays,30.00
4066,NutraFi GLP-1 Relief,1 · ea,Oral Sprays,30.00
4061,NutraFi Immunity+,1 · ea,Oral Sprays,30.00
4059,NutraFi Lights Out,1 · ea,Oral Sprays,30.00
4060,NutraFi Menopause,1 · ea,Oral Sprays,30.00
4064,NutraFi Motion Mist,1 · ea,Oral Sprays,30.00
4067,NutraFi NMN,1 · ea,Oral Sprays,30.00
4063,NutraFi Nutra Boost (B-12),1 · ea,Oral Sprays,30.00
3805,Clonazepam Oral Suspension,240mL · 0.1mg/mL,Pain Management,85.00
3806,Clonazepam Oral Suspension,450mL · 0.1mg/mL,Pain Management,160.00
3696,Diazepam Vegetable Capsules,30 Vegetable Capsules · 5.25mg,Pain Management,64.00
3697,Diazepam Vegetable Capsules,60 Vegetable Capsules · 5.25mg,Pain Management,90.00
3715,Diazepam Vegetable Capsules,60 Vegetable Capsules · 10.25mg,Pain Management,90.00
3716,Diazepam Vegetable Capsules,90 Vegetable Capsules · 10.25mg,Pain Management,140.00
3870,Diazepam Vegetable Capsules,30 Vegetable Capsules · 2.8mg,Pain Management,50.00
3871,Diazepam Vegetable Capsules,60 Vegetable Capsules · 2.8mg,Pain Management,80.00
3714,Diazepam vegetable capsules,30 Vegetable Capsules · 10.25mg,Pain Management,64.00
3822,Ketamine Rapid Dissolve Tablets,12 Rapid Dissolve Tablets · 200mg,Pain Management,60.00
3667,Ketamine Sublingual Rapid Dissolve Tablets,15 Sublingual Rapid Dissolve Tablets · 400mg,Pain Management,128.00
3655,Ketamine Sublingual Rapid Dissolve Tablets,10 Sublingual Rapid Dissolve Tablets · 300mg,Pain Management,80.00
3656,Ketamine Sublingual Rapid Dissolve Tablets,15 Sublingual Rapid Dissolve Tablets · 300mg,Pain Management,106.00
3657,Ketamine Sublingual Rapid Dissolve Tablets,6 Sublingual Rapid Dissolve Tablets · 300mg,Pain Management,60.00
3664,Ketamine Sublingual Rapid Dissolve Tablets,6 Sublingual Rapid Dissolve Tablets · 400mg,Pain Management,56.00
3665,Ketamine Sublingual Rapid Dissolve Tablets,8 Sublingual Rapid Dissolve Tablets · 400mg,Pain Management,76.00
3666,Ketamine Sublingual Rapid Dissolve Tablets,10 Sublingual Rapid Dissolve Tablets · 400mg,Pain Management,104.00
3668,Ketamine Sublingual Rapid Dissolve Tablets,8 Sublingual Rapid Dissolve Tablets · 300mg,Pain Management,70.00
3658,Ketamine Sublingual Troches,10 Troches · 300mg,Pain Management,80.00
3659,Ketamine Sublingual Troches,6 Troches · 300mg,Pain Management,50.00
3660,Ketamine Sublingual Troches,8 Troches · 300mg,Pain Management,66.00
3661,Ketamine Sublingual Troches,6 Troches · 400mg,Pain Management,54.00
3662,Ketamine Sublingual Troches,8 Troches · 400mg,Pain Management,76.00
3663,Ketamine Sublingual Troches,10 Troches · 400mg,Pain Management,96.00
3502,PT-141 (Bremelanotide),10mL Vial · 2mg/mL,Peptide,125.00
3511,Pentadeca Arginate,7.5mL Vial · 2mg/mL,Peptide,95.00
2901,Pentadeca Arginate Capsules,30 Capsules · 500mcg,Peptide,55.00
2902,Pentadeca Arginate Capsules,30 Capsules · 1000mcg,Peptide,95.00
3811,SS-31 (Elamipiretide) Sterile Injectable Solution,5mL Vial · 16mg/mL,Peptide,285.00
3520,Sermorelin Acetate,30 Sublingual Tablet Triturates · 0.5mg,Peptide,110.00
3521,Sermorelin Acetate,30 Rapid Dissolve Tablets · 0.5mg,Peptide,130.00
3522,Sermorelin Acetate,30 Troches · 0.5mg,Peptide,110.00
2884,Sermorelin Injection,6mL Vial · 1mg/mL,Peptide,65.00
2885,Sermorelin Injection,6mL Vial · 1.5mg/mL,Peptide,85.00
3950,Sermorelin Injection,12mL (2 vials x 6mL) · 1.5mg/mL,Peptide,170.00
4055,Sermorelin Injection,18mL (3 vials x 6mL) · 1.5mg/mL,Peptide,240.00
2891,Sermorelin/DHEA Sublingual Rapid Dissolve Tablets,30 Rapid Dissolve Tablets · 0.3mg/25mg,Peptide,110.00
2892,Sermorelin/DHEA Sublingual Rapid Dissolve Tablets,30 Rapid Dissolve Tablets · 0.5mg/25mg,Peptide,134.00
2893,Sermorelin/DHEA Sublingual Rapid Dissolve Tablets,30 Rapid Dissolve Tablets · 1mg/25mg,Peptide,220.00
2888,Sermorelin/DHEA Troches,30 Troches · 0.3mg/25mg,Peptide,110.00
2889,Sermorelin/DHEA Troches,30 Troches · 0.5mg/25mg,Peptide,134.00
2890,Sermorelin/DHEA Troches,30 Troches · 1mg/25mg,Peptide,220.00
2894,Sermorelin/Oxytocin Troche,30 Troches · 1mg/10IU,Peptide,115.00
2896,Tesamorelin Sterile Injection Solution,3mL Vial · 5mg/mL,Peptide,320.00
2897,Tesamorelin Sterile Injection Solution,6mL (Vial #1: 3mL) (Vial #2: 3mL) · 5mg/mL,Peptide,530.00
3812,Thymosin Beta 4 Acetate Sterile Injectable Solution,4mL vial · 2.5mg/mL,Peptide,80.00
3813,Thymosin Beta 4 Acetate Sterile Injectable Solution,8mL (2 x 4mL vials) · 2.5mg/mL,Peptide,130.00
5140,Abacavir 300mg,300mg · 30 count,Retail Generic,28.49
5141,Abacavir 300mg,300mg · 60 count,Retail Generic,50.98
5142,Abacavir 300mg,300mg · 90 count,Retail Generic,73.47
5143,Abacavir-Lamivudine 600-300mg,600-300mg · 30 count,Retail Generic,57.67
5144,Abacavir-Lamivudine 600-300mg,600-300mg · 60 count,Retail Generic,109.34
5145,Abacavir-Lamivudine 600-300mg,600-300mg · 90 count,Retail Generic,161.02
5146,Abigale Lo 0.5-0.1mg,0.5-0.1mg · 30 count,Retail Generic,35.41
5147,Abigale Lo 0.5-0.1mg,0.5-0.1mg · 60 count,Retail Generic,64.82
5148,Abigale Lo 0.5-0.1mg,0.5-0.1mg · 90 count,Retail Generic,94.23
5149,Abiraterone 250mg,250mg · 30 count,Retail Generic,38.58
5150,Abiraterone 250mg,250mg · 60 count,Retail Generic,71.17
5151,Abiraterone 250mg,250mg · 90 count,Retail Generic,103.75
5152,Abiraterone 500mg,500mg · 30 count,Retail Generic,141.35
5153,Abirtega 250mg,250mg · 30 count,Retail Generic,38.58
5154,Abirtega 250mg,250mg · 60 count,Retail Generic,71.17
5155,Abirtega 250mg,250mg · 90 count,Retail Generic,103.75
5180,Acamprosate DR 333mg,333mg · 30 count,Retail Generic,27.53
5181,Acamprosate DR 333mg,333mg · 60 count,Retail Generic,49.05
5182,Acamprosate DR 333mg,333mg · 90 count,Retail Generic,70.58
5189,Acarbose 100mg,100mg · 30 count,Retail Generic,14.67
5190,Acarbose 100mg,100mg · 60 count,Retail Generic,23.34
5191,Acarbose 100mg,100mg · 90 count,Retail Generic,32.02
5183,Acarbose 25mg,25mg · 30 count,Retail Generic,11.39
5184,Acarbose 25mg,25mg · 60 count,Retail Generic,16.77
5185,Acarbose 25mg,25mg · 90 count,Retail Generic,22.16
5186,Acarbose 50mg,50mg · 30 count,Retail Generic,12.01
5187,Acarbose 50mg,50mg · 60 count,Retail Generic,18.03
5188,Acarbose 50mg,50mg · 90 count,Retail Generic,24.04
5192,Acebutolol 200mg,200mg · 30 count,Retail Generic,28.50
5193,Acebutolol 200mg,200mg · 60 count,Retail Generic,51.00
5194,Acebutolol 200mg,200mg · 90 count,Retail Generic,73.50
5195,Acebutolol 400mg,400mg · 30 count,Retail Generic,37.54
5196,Acebutolol 400mg,400mg · 60 count,Retail Generic,69.08
5197,Acebutolol 400mg,400mg · 90 count,Retail Generic,100.62
5198,Acetazolamide 125mg,125mg · 30 count,Retail Generic,10.59
5199,Acetazolamide 125mg,125mg · 60 count,Retail Generic,15.18
5200,Acetazolamide 125mg,125mg · 90 count,Retail Generic,19.77
5201,Acetazolamide 250mg,250mg · 30 count,Retail Generic,10.43
5202,Acetazolamide 250mg,250mg · 60 count,Retail Generic,14.86
5203,Acetazolamide 250mg,250mg · 90 count,Retail Generic,19.30
5204,Acetazolamide ER 500mg,500mg · 30 count,Retail Generic,16.71
5205,Acetazolamide ER 500mg,500mg · 60 count,Retail Generic,27.43
5206,Acetazolamide ER 500mg,500mg · 90 count,Retail Generic,38.14
5207,Acitretin 10mg,10mg · 30 count,Retail Generic,135.86
5208,Acitretin 17.5mg,17.5mg · 30 count,Retail Generic,189.90
5209,Acitretin 25mg,25mg · 30 count,Retail Generic,142.31
5210,Acyclovir 200mg,200mg · 30 count,Retail Generic,9.85
5211,Acyclovir 200mg,200mg · 60 count,Retail Generic,13.71
5212,Acyclovir 200mg,200mg · 90 count,Retail Generic,17.56
5213,Acyclovir 400mg,400mg · 30 count,Retail Generic,9.33
5214,Acyclovir 400mg,400mg · 60 count,Retail Generic,12.65
5215,Acyclovir 400mg,400mg · 90 count,Retail Generic,15.98
5216,Acyclovir 800mg,800mg · 30 count,Retail Generic,11.89
5217,Acyclovir 800mg,800mg · 60 count,Retail Generic,17.77
5218,Acyclovir 800mg,800mg · 90 count,Retail Generic,23.66
5249,Albendazole 200mg,200mg · 30 count,Retail Generic,185.54
5250,Albuterol 2mg,2mg · 30 count,Retail Generic,23.95
5251,Albuterol 2mg,2mg · 60 count,Retail Generic,41.90
5252,Albuterol 2mg,2mg · 90 count,Retail Generic,59.85
5253,Albuterol 4mg,4mg · 30 count,Retail Generic,20.50
5254,Albuterol 4mg,4mg · 60 count,Retail Generic,34.99
5255,Albuterol 4mg,4mg · 90 count,Retail Generic,49.49
5256,Alendronate 10mg,10mg · 30 count,Retail Generic,10.45
5257,Alendronate 10mg,10mg · 60 count,Retail Generic,14.90
5258,Alendronate 10mg,10mg · 90 count,Retail Generic,19.35
5259,Alendronate 35mg,35mg · 30 count,Retail Generic,17.23
5260,Alendronate 35mg,35mg · 60 count,Retail Generic,28.47
5261,Alendronate 35mg,35mg · 90 count,Retail Generic,39.70
5262,Alendronate 70mg,70mg · 30 count,Retail Generic,15.32
5263,Alendronate 70mg,70mg · 60 count,Retail Generic,24.63
5264,Alendronate 70mg,70mg · 90 count,Retail Generic,33.95
5265,Alfuzosin ER 10mg,10mg · 30 count,Retail Generic,9.87
5266,Alfuzosin ER 10mg,10mg · 60 count,Retail Generic,13.75
5267,Alfuzosin ER 10mg,10mg · 90 count,Retail Generic,17.62
5268,Aliskiren 150mg,150mg · 30 count,Retail Generic,164.12
5269,Allopurinol 100mg,100mg · 30 count,Retail Generic,7.32
5270,Allopurinol 100mg,100mg · 60 count,Retail Generic,8.64
5271,Allopurinol 100mg,100mg · 90 count,Retail Generic,9.95
5272,Allopurinol 300mg,300mg · 30 count,Retail Generic,8.27
5273,Allopurinol 300mg,300mg · 60 count,Retail Generic,10.54
5274,Allopurinol 300mg,300mg · 90 count,Retail Generic,12.81
5276,Alogliptin 12.5mg,12.5mg · 30 count,Retail Generic,175.45
5277,Alogliptin 25mg,25mg · 30 count,Retail Generic,174.05
5275,Alogliptin 6.25mg,6.25mg · 30 count,Retail Generic,179.99
5278,Alosetron 0.5mg,0.5mg · 30 count,Retail Generic,98.27
5279,Alosetron 0.5mg,0.5mg · 60 count,Retail Generic,190.54
5280,Alosetron 1mg,1mg · 30 count,Retail Generic,138.65
5281,Alyq 20mg,20mg · 30 count,Retail Generic,12.49
5282,Alyq 20mg,20mg · 60 count,Retail Generic,18.98
5283,Alyq 20mg,20mg · 90 count,Retail Generic,25.47
5284,Amantadine 100mg,100mg · 30 count,Retail Generic,11.61
5285,Amantadine 100mg,100mg · 60 count,Retail Generic,17.22
5286,Amantadine 100mg,100mg · 90 count,Retail Generic,22.84
5287,Amethyst 90-20mcg,90-20mcg · 30 count,Retail Generic,51.52
5288,Amethyst 90-20mcg,90-20mcg · 60 count,Retail Generic,97.04
5289,Amethyst 90-20mcg,90-20mcg · 90 count,Retail Generic,142.57
5293,Amiloride -Hydrochlorothiazide 5-50mg,5-50mg · 30 count,Retail Generic,22.11
5294,Amiloride -Hydrochlorothiazide 5-50mg,5-50mg · 60 count,Retail Generic,38.22
5295,Amiloride -Hydrochlorothiazide 5-50mg,5-50mg · 90 count,Retail Generic,54.33
5290,Amiloride 5mg,5mg · 30 count,Retail Generic,13.06
5291,Amiloride 5mg,5mg · 60 count,Retail Generic,20.13
5292,Amiloride 5mg,5mg · 90 count,Retail Generic,27.19
5296,Aminocaproic Acid 500mg,500mg · 30 count,Retail Generic,146.42
5297,Amiodarone 100mg,100mg · 30 count,Retail Generic,22.97
5298,Amiodarone 100mg,100mg · 60 count,Retail Generic,39.94
5299,Amiodarone 100mg,100mg · 90 count,Retail Generic,56.90
5300,Amiodarone 200mg,200mg · 30 count,Retail Generic,10.37
5301,Amiodarone 200mg,200mg · 60 count,Retail Generic,14.74
5302,Amiodarone 200mg,200mg · 90 count,Retail Generic,19.10
5303,Amiodarone 400mg,400mg · 30 count,Retail Generic,19.61
5304,Amiodarone 400mg,400mg · 60 count,Retail Generic,33.22
5305,Amiodarone 400mg,400mg · 90 count,Retail Generic,46.83
5318,Amitriptyline 100mg,100mg · 30 count,Retail Generic,12.30
5319,Amitriptyline 100mg,100mg · 60 count,Retail Generic,18.60
5320,Amitriptyline 100mg,100mg · 90 count,Retail Generic,24.89
5306,Amitriptyline 10mg,10mg · 30 count,Retail Generic,7.32
5307,Amitriptyline 10mg,10mg · 60 count,Retail Generic,8.64
5308,Amitriptyline 10mg,10mg · 90 count,Retail Generic,9.96
5321,Amitriptyline 150mg,150mg · 30 count,Retail Generic,16.17
5322,Amitriptyline 150mg,150mg · 60 count,Retail Generic,26.35
5323,Amitriptyline 150mg,150mg · 90 count,Retail Generic,36.52
5309,Amitriptyline 25mg,25mg · 30 count,Retail Generic,8.04
5310,Amitriptyline 25mg,25mg · 60 count,Retail Generic,10.08
5311,Amitriptyline 25mg,25mg · 90 count,Retail Generic,12.12
5312,Amitriptyline 50mg,50mg · 30 count,Retail Generic,9.44
5313,Amitriptyline 50mg,50mg · 60 count,Retail Generic,12.88
5314,Amitriptyline 50mg,50mg · 90 count,Retail Generic,16.33
5315,Amitriptyline 75mg,75mg · 30 count,Retail Generic,10.13
5316,Amitriptyline 75mg,75mg · 60 count,Retail Generic,14.26
5317,Amitriptyline 75mg,75mg · 90 count,Retail Generic,18.38
5330,Amlodipine 10mg,10mg · 30 count,Retail Generic,6.60
5331,Amlodipine 10mg,10mg · 60 count,Retail Generic,7.20
5332,Amlodipine 10mg,10mg · 90 count,Retail Generic,7.80
5324,Amlodipine 2.5mg,2.5mg · 30 count,Retail Generic,6.40
5325,Amlodipine 2.5mg,2.5mg · 60 count,Retail Generic,6.80
5326,Amlodipine 2.5mg,2.5mg · 90 count,Retail Generic,7.20
5327,Amlodipine 5mg,5mg · 30 count,Retail Generic,6.40
5328,Amlodipine 5mg,5mg · 60 count,Retail Generic,6.80
5329,Amlodipine 5mg,5mg · 90 count,Retail Generic,7.20
5346,Amlodipine-Atorvast 10-10mg,10-10mg · 30 count,Retail Generic,64.01
5347,Amlodipine-Atorvast 10-10mg,10-10mg · 60 count,Retail Generic,122.03
5348,Amlodipine-Atorvast 10-10mg,10-10mg · 90 count,Retail Generic,180.04
5349,Amlodipine-Atorvast 10-20mg,10-20mg · 30 count,Retail Generic,56.10
5350,Amlodipine-Atorvast 10-20mg,10-20mg · 60 count,Retail Generic,106.21
5351,Amlodipine-Atorvast 10-20mg,10-20mg · 90 count,Retail Generic,156.31
5352,Amlodipine-Atorvast 10-40mg,10-40mg · 30 count,Retail Generic,61.13
5353,Amlodipine-Atorvast 10-40mg,10-40mg · 60 count,Retail Generic,116.25
5354,Amlodipine-Atorvast 10-40mg,10-40mg · 90 count,Retail Generic,171.38
5355,Amlodipine-Atorvast 10-80mg,10-80mg · 30 count,Retail Generic,82.93
5356,Amlodipine-Atorvast 10-80mg,10-80mg · 60 count,Retail Generic,159.87
5333,Amlodipine-Atorvast 2.5-10mg,2.5-10mg · 30 count,Retail Generic,132.14
5335,Amlodipine-Atorvast 2.5-20mg,2.5-20mg · 30 count,Retail Generic,167.88
5334,Amlodipine-Atorvast 2.5-40mg,2.5-40mg · 30 count,Retail Generic,167.52
5336,Amlodipine-Atorvast 5-10mg,5-10mg · 30 count,Retail Generic,48.59
5337,Amlodipine-Atorvast 5-10mg,5-10mg · 60 count,Retail Generic,91.19
5338,Amlodipine-Atorvast 5-10mg,5-10mg · 90 count,Retail Generic,133.78
5339,Amlodipine-Atorvast 5-20mg,5-20mg · 30 count,Retail Generic,43.23
5340,Amlodipine-Atorvast 5-20mg,5-20mg · 60 count,Retail Generic,80.45
5341,Amlodipine-Atorvast 5-20mg,5-20mg · 90 count,Retail Generic,117.68
5342,Amlodipine-Atorvast 5-40mg,5-40mg · 30 count,Retail Generic,79.77
5343,Amlodipine-Atorvast 5-40mg,5-40mg · 60 count,Retail Generic,153.54
5344,Amlodipine-Atorvast 5-80mg,5-80mg · 30 count,Retail Generic,90.99
5345,Amlodipine-Atorvast 5-80mg,5-80mg · 60 count,Retail Generic,175.97
5366,Amlodipine-Benazepril 10-20mg,10-20mg · 30 count,Retail Generic,10.25
5367,Amlodipine-Benazepril 10-20mg,10-20mg · 60 count,Retail Generic,14.51
5368,Amlodipine-Benazepril 10-20mg,10-20mg · 90 count,Retail Generic,18.76
5369,Amlodipine-Benazepril 10-40mg,10-40mg · 30 count,Retail Generic,11.53
5370,Amlodipine-Benazepril 10-40mg,10-40mg · 60 count,Retail Generic,17.06
5371,Amlodipine-Benazepril 10-40mg,10-40mg · 90 count,Retail Generic,22.59
5357,Amlodipine-Benazepril 5-10mg,5-10mg · 30 count,Retail Generic,9.46
5358,Amlodipine-Benazepril 5-10mg,5-10mg · 60 count,Retail Generic,12.93
5359,Amlodipine-Benazepril 5-10mg,5-10mg · 90 count,Retail Generic,16.39
5360,Amlodipine-Benazepril 5-20mg,5-20mg · 30 count,Retail Generic,9.97
5361,Amlodipine-Benazepril 5-20mg,5-20mg · 60 count,Retail Generic,13.94
5362,Amlodipine-Benazepril 5-20mg,5-20mg · 90 count,Retail Generic,17.90
5363,Amlodipine-Benazepril 5-40mg,5-40mg · 30 count,Retail Generic,11.27
5364,Amlodipine-Benazepril 5-40mg,5-40mg · 60 count,Retail Generic,16.54
5365,Amlodipine-Benazepril 5-40mg,5-40mg · 90 count,Retail Generic,21.81
5378,Amlodipine-Olmesartan 10-20mg,10-20mg · 30 count,Retail Generic,17.56
5379,Amlodipine-Olmesartan 10-20mg,10-20mg · 60 count,Retail Generic,29.12
5380,Amlodipine-Olmesartan 10-20mg,10-20mg · 90 count,Retail Generic,40.68
5381,Amlodipine-Olmesartan 10-40mg,10-40mg · 30 count,Retail Generic,18.27
5382,Amlodipine-Olmesartan 10-40mg,10-40mg · 60 count,Retail Generic,30.54
5383,Amlodipine-Olmesartan 10-40mg,10-40mg · 90 count,Retail Generic,42.81
5372,Amlodipine-Olmesartan 5-20mg,5-20mg · 30 count,Retail Generic,14.51
5373,Amlodipine-Olmesartan 5-20mg,5-20mg · 60 count,Retail Generic,23.03
5374,Amlodipine-Olmesartan 5-20mg,5-20mg · 90 count,Retail Generic,31.54
5375,Amlodipine-Olmesartan 5-40mg,5-40mg · 30 count,Retail Generic,17.22
5376,Amlodipine-Olmesartan 5-40mg,5-40mg · 60 count,Retail Generic,28.45
5377,Amlodipine-Olmesartan 5-40mg,5-40mg · 90 count,Retail Generic,39.67
5390,Amlodipine-Valsartan 10-160mg,10-160mg · 30 count,Retail Generic,24.47
5391,Amlodipine-Valsartan 10-160mg,10-160mg · 60 count,Retail Generic,42.94
5392,Amlodipine-Valsartan 10-160mg,10-160mg · 90 count,Retail Generic,61.41
5393,Amlodipine-Valsartan 10-320mg,10-320mg · 30 count,Retail Generic,29.02
5394,Amlodipine-Valsartan 10-320mg,10-320mg · 60 count,Retail Generic,52.05
5395,Amlodipine-Valsartan 10-320mg,10-320mg · 90 count,Retail Generic,75.07
5384,Amlodipine-Valsartan 5-160mg,5-160mg · 30 count,Retail Generic,22.61
5385,Amlodipine-Valsartan 5-160mg,5-160mg · 60 count,Retail Generic,39.22
5386,Amlodipine-Valsartan 5-160mg,5-160mg · 90 count,Retail Generic,55.83
5387,Amlodipine-Valsartan 5-320mg,5-320mg · 30 count,Retail Generic,25.18
5388,Amlodipine-Valsartan 5-320mg,5-320mg · 60 count,Retail Generic,44.37
5389,Amlodipine-Valsartan 5-320mg,5-320mg · 90 count,Retail Generic,63.55
5396,Amnesteem 10mg,10mg · 30 count,Retail Generic,72.05
5397,Amnesteem 10mg,10mg · 60 count,Retail Generic,138.09
5398,Amnesteem 20mg,20mg · 30 count,Retail Generic,76.69
5399,Amnesteem 20mg,20mg · 60 count,Retail Generic,147.38
5400,Amnesteem 30mg,30mg · 30 count,Retail Generic,79.22
5401,Amnesteem 30mg,30mg · 60 count,Retail Generic,152.44
5402,Amnesteem 40mg,40mg · 30 count,Retail Generic,85.54
5403,Amnesteem 40mg,40mg · 60 count,Retail Generic,165.08
5404,Amox-Clav 250-125mg,250-125mg · 30 count,Retail Generic,58.29
5405,Amox-Clav 250-125mg,250-125mg · 60 count,Retail Generic,110.58
5406,Amox-Clav 250-125mg,250-125mg · 90 count,Retail Generic,162.87
5407,Amox-Clav 500-125mg,500-125mg · 30 count,Retail Generic,16.61
5408,Amox-Clav 500-125mg,500-125mg · 60 count,Retail Generic,27.21
5409,Amox-Clav 500-125mg,500-125mg · 90 count,Retail Generic,37.82
5410,Amox-Clav 875-125mg,875-125mg · 30 count,Retail Generic,16.72
5411,Amox-Clav 875-125mg,875-125mg · 60 count,Retail Generic,27.43
5412,Amox-Clav 875-125mg,875-125mg · 90 count,Retail Generic,38.15
5413,Amoxicillin 250mg,250mg · 30 count,Retail Generic,8.39
5414,Amoxicillin 250mg,250mg · 60 count,Retail Generic,10.79
5415,Amoxicillin 250mg,250mg · 90 count,Retail Generic,13.18
5416,Amoxicillin 500mg,500mg · 30 count,Retail Generic,9.26
5417,Amoxicillin 500mg,500mg · 60 count,Retail Generic,12.52
5418,Amoxicillin 500mg,500mg · 90 count,Retail Generic,15.78
5419,Amoxicillin 875mg,875mg · 30 count,Retail Generic,11.96
5420,Amoxicillin 875mg,875mg · 60 count,Retail Generic,17.92
5421,Amoxicillin 875mg,875mg · 90 count,Retail Generic,23.87
5422,Ampicillin 500mg,500mg · 30 count,Retail Generic,22.90
5423,Ampicillin 500mg,500mg · 60 count,Retail Generic,39.81
5424,Ampicillin 500mg,500mg · 90 count,Retail Generic,56.71
5425,Anagrelide 0.5mg,0.5mg · 30 count,Retail Generic,32.04
5426,Anagrelide 0.5mg,0.5mg · 60 count,Retail Generic,58.08
5427,Anagrelide 0.5mg,0.5mg · 90 count,Retail Generic,84.12
5428,Anagrelide 1mg,1mg · 30 count,Retail Generic,58.73
5429,Anagrelide 1mg,1mg · 60 count,Retail Generic,111.46
5430,Anagrelide 1mg,1mg · 90 count,Retail Generic,164.20
5431,Anastrozole 1mg,1mg · 30 count,Retail Generic,11.26
5432,Anastrozole 1mg,1mg · 60 count,Retail Generic,16.52
5433,Anastrozole 1mg,1mg · 90 count,Retail Generic,21.77
5440,Aripiprazole 10mg,10mg · 30 count,Retail Generic,10.23
5441,Aripiprazole 10mg,10mg · 60 count,Retail Generic,14.47
5442,Aripiprazole 10mg,10mg · 90 count,Retail Generic,18.70
5443,Aripiprazole 15mg,15mg · 30 count,Retail Generic,10.94
5444,Aripiprazole 15mg,15mg · 60 count,Retail Generic,15.87
5445,Aripiprazole 15mg,15mg · 90 count,Retail Generic,20.81
5446,Aripiprazole 20mg,20mg · 30 count,Retail Generic,12.60
5447,Aripiprazole 20mg,20mg · 60 count,Retail Generic,19.21
5448,Aripiprazole 20mg,20mg · 90 count,Retail Generic,25.81
5434,Aripiprazole 2mg,2mg · 30 count,Retail Generic,10.48
5435,Aripiprazole 2mg,2mg · 60 count,Retail Generic,14.97
5436,Aripiprazole 2mg,2mg · 90 count,Retail Generic,19.45
5449,Aripiprazole 30mg,30mg · 30 count,Retail Generic,12.35
5450,Aripiprazole 30mg,30mg · 60 count,Retail Generic,18.70
5451,Aripiprazole 30mg,30mg · 90 count,Retail Generic,25.05
5437,Aripiprazole 5mg,5mg · 30 count,Retail Generic,9.55
5438,Aripiprazole 5mg,5mg · 60 count,Retail Generic,13.10
5439,Aripiprazole 5mg,5mg · 90 count,Retail Generic,16.65
5452,Aripiprazole ODT 10mg,10mg · 30 count,Retail Generic,118.98
5453,Aripiprazole ODT 15mg,15mg · 30 count,Retail Generic,161.81
5454,Aspirin-Dipyridam ER 25-200mg,25-200mg · 30 count,Retail Generic,27.86
5455,Aspirin-Dipyridam ER 25-200mg,25-200mg · 60 count,Retail Generic,49.72
5456,Aspirin-Dipyridam ER 25-200mg,25-200mg · 90 count,Retail Generic,71.58
5457,Atazanavir 200mg,200mg · 30 count,Retail Generic,45.86
5458,Atazanavir 200mg,200mg · 60 count,Retail Generic,85.72
5459,Atazanavir 200mg,200mg · 90 count,Retail Generic,125.58
5460,Atazanavir 300mg,300mg · 30 count,Retail Generic,102.59
5461,Atazanavir 300mg,300mg · 60 count,Retail Generic,199.17
5468,Atenolol 100mg,100mg · 30 count,Retail Generic,7.53
5469,Atenolol 100mg,100mg · 60 count,Retail Generic,9.06
5470,Atenolol 100mg,100mg · 90 count,Retail Generic,10.58
5462,Atenolol 25mg,25mg · 30 count,Retail Generic,6.87
5463,Atenolol 25mg,25mg · 60 count,Retail Generic,7.75
5464,Atenolol 25mg,25mg · 90 count,Retail Generic,8.62
5465,Atenolol 50mg,50mg · 30 count,Retail Generic,6.95
5466,Atenolol 50mg,50mg · 60 count,Retail Generic,7.89
5467,Atenolol 50mg,50mg · 90 count,Retail Generic,8.84
5489,Atomoxetine 100mg,100mg · 30 count,Retail Generic,25.34
5490,Atomoxetine 100mg,100mg · 60 count,Retail Generic,44.68
5491,Atomoxetine 100mg,100mg · 90 count,Retail Generic,64.02
5471,Atomoxetine 10mg,10mg · 30 count,Retail Generic,21.10
5472,Atomoxetine 10mg,10mg · 60 count,Retail Generic,36.20
5473,Atomoxetine 10mg,10mg · 90 count,Retail Generic,51.30
5474,Atomoxetine 18mg,18mg · 30 count,Retail Generic,24.75
5475,Atomoxetine 18mg,18mg · 60 count,Retail Generic,43.50
5476,Atomoxetine 18mg,18mg · 90 count,Retail Generic,62.26
5477,Atomoxetine 25mg,25mg · 30 count,Retail Generic,22.16
5478,Atomoxetine 25mg,25mg · 60 count,Retail Generic,38.32
5479,Atomoxetine 25mg,25mg · 90 count,Retail Generic,54.48
5480,Atomoxetine 40mg,40mg · 30 count,Retail Generic,26.92
5481,Atomoxetine 40mg,40mg · 60 count,Retail Generic,47.85
5482,Atomoxetine 40mg,40mg · 90 count,Retail Generic,68.77
5483,Atomoxetine 60mg,60mg · 30 count,Retail Generic,22.92
5484,Atomoxetine 60mg,60mg · 60 count,Retail Generic,39.85
5485,Atomoxetine 60mg,60mg · 90 count,Retail Generic,56.77
5486,Atomoxetine 80mg,80mg · 30 count,Retail Generic,24.73
5487,Atomoxetine 80mg,80mg · 60 count,Retail Generic,43.46
5488,Atomoxetine 80mg,80mg · 90 count,Retail Generic,62.19
5492,Atorvastatin 10mg,10mg · 30 count,Retail Generic,6.92
5493,Atorvastatin 10mg,10mg · 60 count,Retail Generic,7.83
5494,Atorvastatin 10mg,10mg · 90 count,Retail Generic,8.75
5495,Atorvastatin 20mg,20mg · 30 count,Retail Generic,7.11
5496,Atorvastatin 20mg,20mg · 60 count,Retail Generic,8.21
5497,Atorvastatin 20mg,20mg · 90 count,Retail Generic,9.32
5498,Atorvastatin 40mg,40mg · 30 count,Retail Generic,7.52
5499,Atorvastatin 40mg,40mg · 60 count,Retail Generic,9.04
5500,Atorvastatin 40mg,40mg · 90 count,Retail Generic,10.56
5501,Atorvastatin 80mg,80mg · 30 count,Retail Generic,8.61
5502,Atorvastatin 80mg,80mg · 60 count,Retail Generic,11.23
5503,Atorvastatin 80mg,80mg · 90 count,Retail Generic,13.84
5504,Atovaquone-Proguanil 250-100mg,250-100mg · 30 count,Retail Generic,65.40
5505,Atovaquone-Proguanil 250-100mg,250-100mg · 60 count,Retail Generic,124.81
5506,Atovaquone-Proguanil 250-100mg,250-100mg · 90 count,Retail Generic,184.21
5510,Azathioprine 100mg,100mg · 30 count,Retail Generic,173.89
5507,Azathioprine 50mg,50mg · 30 count,Retail Generic,10.74
5508,Azathioprine 50mg,50mg · 60 count,Retail Generic,15.48
5509,Azathioprine 50mg,50mg · 90 count,Retail Generic,20.22
5511,Azithromycin 250mg,250mg · 30 count,Retail Generic,17.38
5512,Azithromycin 250mg,250mg · 60 count,Retail Generic,28.76
5513,Azithromycin 250mg,250mg · 90 count,Retail Generic,40.14
5514,Azithromycin 500mg,500mg · 30 count,Retail Generic,27.95
5515,Azithromycin 500mg,500mg · 60 count,Retail Generic,49.90
5516,Azithromycin 500mg,500mg · 90 count,Retail Generic,71.84
5517,Azithromycin 600mg,600mg · 30 count,Retail Generic,59.05
5518,Azithromycin 600mg,600mg · 60 count,Retail Generic,112.10
5519,Azithromycin 600mg,600mg · 90 count,Retail Generic,165.15
5613,Baclofen 10mg,10mg · 30 count,Retail Generic,7.30
5614,Baclofen 10mg,10mg · 60 count,Retail Generic,8.60
5615,Baclofen 10mg,10mg · 90 count,Retail Generic,9.90
5616,Baclofen 20mg,20mg · 30 count,Retail Generic,7.91
5617,Baclofen 20mg,20mg · 60 count,Retail Generic,9.82
5618,Baclofen 20mg,20mg · 90 count,Retail Generic,11.73
5610,Baclofen 5mg,5mg · 30 count,Retail Generic,9.53
5611,Baclofen 5mg,5mg · 60 count,Retail Generic,13.05
5612,Baclofen 5mg,5mg · 90 count,Retail Generic,16.58
5649,Benazepril 10mg,10mg · 30 count,Retail Generic,8.33
5650,Benazepril 10mg,10mg · 60 count,Retail Generic,10.67
5651,Benazepril 10mg,10mg · 90 count,Retail Generic,13.00
5652,Benazepril 20mg,20mg · 30 count,Retail Generic,8.78
5653,Benazepril 20mg,20mg · 60 count,Retail Generic,11.56
5654,Benazepril 20mg,20mg · 90 count,Retail Generic,14.35
5655,Benazepril 40mg,40mg · 30 count,Retail Generic,9.50
5656,Benazepril 40mg,40mg · 60 count,Retail Generic,13.01
5657,Benazepril 40mg,40mg · 90 count,Retail Generic,16.51
5646,Benazepril 5mg,5mg · 30 count,Retail Generic,7.85
5647,Benazepril 5mg,5mg · 60 count,Retail Generic,9.69
5648,Benazepril 5mg,5mg · 90 count,Retail Generic,11.54
5661,Benazepril-Hydrochlorothiazide 10-12.5mg,10-12.5mg · 30 count,Retail Generic,14.65
5662,Benazepril-Hydrochlorothiazide 10-12.5mg,10-12.5mg · 60 count,Retail Generic,23.29
5663,Benazepril-Hydrochlorothiazide 10-12.5mg,10-12.5mg · 90 count,Retail Generic,31.94
5664,Benazepril-Hydrochlorothiazide 20-12.5mg,20-12.5mg · 30 count,Retail Generic,13.03
5665,Benazepril-Hydrochlorothiazide 20-12.5mg,20-12.5mg · 60 count,Retail Generic,20.05
5666,Benazepril-Hydrochlorothiazide 20-12.5mg,20-12.5mg · 90 count,Retail Generic,27.08
5667,Benazepril-Hydrochlorothiazide 20-25mg,20-25mg · 30 count,Retail Generic,14.48
5668,Benazepril-Hydrochlorothiazide 20-25mg,20-25mg · 60 count,Retail Generic,22.97
5669,Benazepril-Hydrochlorothiazide 20-25mg,20-25mg · 90 count,Retail Generic,31.45
5658,Benazepril-Hydrochlorothiazide 5-6.25mg,5-6.25mg · 30 count,Retail Generic,27.60
5659,Benazepril-Hydrochlorothiazide 5-6.25mg,5-6.25mg · 60 count,Retail Generic,49.21
5660,Benazepril-Hydrochlorothiazide 5-6.25mg,5-6.25mg · 90 count,Retail Generic,70.81
5670,Benzonatate 100mg,100mg · 30 count,Retail Generic,8.63
5671,Benzonatate 100mg,100mg · 60 count,Retail Generic,11.27
5672,Benzonatate 100mg,100mg · 90 count,Retail Generic,13.90
5673,Benzonatate 200mg,200mg · 30 count,Retail Generic,9.82
5674,Benzonatate 200mg,200mg · 60 count,Retail Generic,13.64
5675,Benzonatate 200mg,200mg · 90 count,Retail Generic,17.46
5676,Benztropine Mes 0.5mg,0.5mg · 30 count,Retail Generic,8.60
5677,Benztropine Mes 0.5mg,0.5mg · 60 count,Retail Generic,11.20
5678,Benztropine Mes 0.5mg,0.5mg · 90 count,Retail Generic,13.80
5679,Benztropine Mes 1mg,1mg · 30 count,Retail Generic,8.84
5680,Benztropine Mes 1mg,1mg · 60 count,Retail Generic,11.68
5681,Benztropine Mes 1mg,1mg · 90 count,Retail Generic,14.51
5682,Benztropine Mes 2mg,2mg · 30 count,Retail Generic,9.54
5683,Benztropine Mes 2mg,2mg · 60 count,Retail Generic,13.08
5684,Benztropine Mes 2mg,2mg · 90 count,Retail Generic,16.62
5685,Betaxolol 10mg,10mg · 30 count,Retail Generic,28.56
5686,Betaxolol 10mg,10mg · 60 count,Retail Generic,51.12
5687,Betaxolol 10mg,10mg · 90 count,Retail Generic,73.68
5688,Betaxolol 20mg,20mg · 30 count,Retail Generic,34.62
5689,Betaxolol 20mg,20mg · 60 count,Retail Generic,63.24
5690,Betaxolol 20mg,20mg · 90 count,Retail Generic,91.86
5694,Bethanechol 10mg,10mg · 30 count,Retail Generic,12.21
5695,Bethanechol 10mg,10mg · 60 count,Retail Generic,18.42
5696,Bethanechol 10mg,10mg · 90 count,Retail Generic,24.63
5697,Bethanechol 25mg,25mg · 30 count,Retail Generic,13.71
5698,Bethanechol 25mg,25mg · 60 count,Retail Generic,21.42
5699,Bethanechol 25mg,25mg · 90 count,Retail Generic,29.12
5700,Bethanechol 50mg,50mg · 30 count,Retail Generic,17.64
5701,Bethanechol 50mg,50mg · 60 count,Retail Generic,29.28
5702,Bethanechol 50mg,50mg · 90 count,Retail Generic,40.92
5691,Bethanechol 5mg,5mg · 30 count,Retail Generic,10.80
5692,Bethanechol 5mg,5mg · 60 count,Retail Generic,15.59
5693,Bethanechol 5mg,5mg · 90 count,Retail Generic,20.39
5718,Bicalutamide 50mg,50mg · 30 count,Retail Generic,20.55
5719,Bicalutamide 50mg,50mg · 60 count,Retail Generic,35.09
5720,Bicalutamide 50mg,50mg · 90 count,Retail Generic,49.64
5721,Bismuth-Metronidazole-Tetracycline 140-125-125mg,140-125-125mg · 30 count,Retail Generic,120.62
5725,Bisoprolol 10mg,10mg · 30 count,Retail Generic,14.22
5726,Bisoprolol 10mg,10mg · 60 count,Retail Generic,22.45
5727,Bisoprolol 10mg,10mg · 90 count,Retail Generic,30.67
5722,Bisoprolol 5mg,5mg · 30 count,Retail Generic,12.32
5723,Bisoprolol 5mg,5mg · 60 count,Retail Generic,18.65
5724,Bisoprolol 5mg,5mg · 90 count,Retail Generic,24.97
5734,Bisoprolol-Hydrochlorothiazide 10-6.25mg,10-6.25mg · 30 count,Retail Generic,14.07
5735,Bisoprolol-Hydrochlorothiazide 10-6.25mg,10-6.25mg · 60 count,Retail Generic,22.14
5736,Bisoprolol-Hydrochlorothiazide 10-6.25mg,10-6.25mg · 90 count,Retail Generic,30.21
5728,Bisoprolol-Hydrochlorothiazide 2.5-6.25mg,2.5-6.25mg · 30 count,Retail Generic,13.25
5729,Bisoprolol-Hydrochlorothiazide 2.5-6.25mg,2.5-6.25mg · 60 count,Retail Generic,20.51
5730,Bisoprolol-Hydrochlorothiazide 2.5-6.25mg,2.5-6.25mg · 90 count,Retail Generic,27.76
5731,Bisoprolol-Hydrochlorothiazide 5-6.25mg,5-6.25mg · 30 count,Retail Generic,13.03
5732,Bisoprolol-Hydrochlorothiazide 5-6.25mg,5-6.25mg · 60 count,Retail Generic,20.06
5733,Bisoprolol-Hydrochlorothiazide 5-6.25mg,5-6.25mg · 90 count,Retail Generic,27.09
5737,Bromocriptine 2.5mg,2.5mg · 30 count,Retail Generic,68.07
5738,Bromocriptine 2.5mg,2.5mg · 60 count,Retail Generic,130.13
5739,Bromocriptine 2.5mg,2.5mg · 90 count,Retail Generic,192.20
5740,Bromocriptine 5mg,5mg · 30 count,Retail Generic,150.71
5741,Budesonide DR 3mg,3mg · 30 count,Retail Generic,24.46
5742,Budesonide DR 3mg,3mg · 60 count,Retail Generic,42.92
5743,Budesonide DR 3mg,3mg · 90 count,Retail Generic,61.38
5744,Budesonide Ec 3mg,3mg · 30 count,Retail Generic,24.46
5745,Budesonide Ec 3mg,3mg · 60 count,Retail Generic,42.92
5746,Budesonide Ec 3mg,3mg · 90 count,Retail Generic,61.38
5747,Bumetanide 0.5mg,0.5mg · 30 count,Retail Generic,10.73
5748,Bumetanide 0.5mg,0.5mg · 60 count,Retail Generic,15.47
5749,Bumetanide 0.5mg,0.5mg · 90 count,Retail Generic,20.20
5750,Bumetanide 1mg,1mg · 30 count,Retail Generic,10.82
5751,Bumetanide 1mg,1mg · 60 count,Retail Generic,15.65
5752,Bumetanide 1mg,1mg · 90 count,Retail Generic,20.47
5753,Bumetanide 2mg,2mg · 30 count,Retail Generic,12.68
5754,Bumetanide 2mg,2mg · 60 count,Retail Generic,19.36
5755,Bumetanide 2mg,2mg · 90 count,Retail Generic,26.04
5759,Bupropion 100mg,100mg · 30 count,Retail Generic,10.30
5760,Bupropion 100mg,100mg · 60 count,Retail Generic,14.60
5761,Bupropion 100mg,100mg · 90 count,Retail Generic,18.90
5756,Bupropion 75mg,75mg · 30 count,Retail Generic,9.55
5757,Bupropion 75mg,75mg · 60 count,Retail Generic,13.10
5758,Bupropion 75mg,75mg · 90 count,Retail Generic,16.66
5762,Bupropion SR 100mg,100mg · 30 count,Retail Generic,8.52
5763,Bupropion SR 100mg,100mg · 60 count,Retail Generic,11.04
5764,Bupropion SR 100mg,100mg · 90 count,Retail Generic,13.56
5765,Bupropion SR 150mg,150mg · 30 count,Retail Generic,8.96
5766,Bupropion SR 150mg,150mg · 60 count,Retail Generic,11.92
5767,Bupropion SR 150mg,150mg · 90 count,Retail Generic,14.87
5768,Bupropion SR 200mg,200mg · 30 count,Retail Generic,9.86
5769,Bupropion SR 200mg,200mg · 60 count,Retail Generic,13.72
5770,Bupropion SR 200mg,200mg · 90 count,Retail Generic,17.59
5771,Bupropion XL 150mg,150mg · 30 count,Retail Generic,9.15
5772,Bupropion XL 150mg,150mg · 60 count,Retail Generic,12.30
5773,Bupropion XL 150mg,150mg · 90 count,Retail Generic,15.45
5774,Bupropion XL 300mg,300mg · 30 count,Retail Generic,10.54
5775,Bupropion XL 300mg,300mg · 60 count,Retail Generic,15.07
5776,Bupropion XL 300mg,300mg · 90 count,Retail Generic,19.61
5783,Buspirone 10mg,10mg · 30 count,Retail Generic,7.09
5784,Buspirone 10mg,10mg · 60 count,Retail Generic,8.19
5785,Buspirone 10mg,10mg · 90 count,Retail Generic,9.28
5786,Buspirone 15mg,15mg · 30 count,Retail Generic,7.73
5787,Buspirone 15mg,15mg · 60 count,Retail Generic,9.46
5788,Buspirone 15mg,15mg · 90 count,Retail Generic,11.19
5789,Buspirone 30mg,30mg · 30 count,Retail Generic,10.13
5790,Buspirone 30mg,30mg · 60 count,Retail Generic,14.25
5791,Buspirone 30mg,30mg · 90 count,Retail Generic,18.38
5777,Buspirone 5mg,5mg · 30 count,Retail Generic,6.80
5778,Buspirone 5mg,5mg · 60 count,Retail Generic,7.59
5779,Buspirone 5mg,5mg · 90 count,Retail Generic,8.39
5780,Buspirone 7.5mg,7.5mg · 30 count,Retail Generic,10.36
5781,Buspirone 7.5mg,7.5mg · 60 count,Retail Generic,14.73
5782,Buspirone 7.5mg,7.5mg · 90 count,Retail Generic,19.09
5792,Butalbital-Acetaminophen 50-325mg,50-325mg · 30 count,Retail Generic,26.65
5793,Butalbital-Acetaminophen 50-325mg,50-325mg · 60 count,Retail Generic,47.29
5794,Butalbital-Acetaminophen 50-325mg,50-325mg · 90 count,Retail Generic,67.94
5795,Butalbital-Acetaminophen-Caffeine 50-300-40mg,50-300-40mg · 30 count,Retail Generic,17.60
5796,Butalbital-Acetaminophen-Caffeine 50-300-40mg,50-300-40mg · 60 count,Retail Generic,29.20
5797,Butalbital-Acetaminophen-Caffeine 50-300-40mg,50-300-40mg · 90 count,Retail Generic,40.80
5798,Butalbital-Acetaminophen-Caffeine 50-325-40mg,50-325-40mg · 30 count,Retail Generic,86.42
5799,Butalbital-Acetaminophen-Caffeine 50-325-40mg,50-325-40mg · 60 count,Retail Generic,166.84
5884,Cabergoline 0.5mg,0.5mg · 30 count,Retail Generic,54.89
5885,Cabergoline 0.5mg,0.5mg · 60 count,Retail Generic,103.77
5886,Cabergoline 0.5mg,0.5mg · 90 count,Retail Generic,152.66
5887,Calcitriol 0.25mcg,0.25mcg · 30 count,Retail Generic,12.13
5888,Calcitriol 0.25mcg,0.25mcg · 60 count,Retail Generic,18.26
5889,Calcitriol 0.25mcg,0.25mcg · 90 count,Retail Generic,24.39
5890,Calcitriol 0.5mcg,0.5mcg · 30 count,Retail Generic,14.94
5891,Calcitriol 0.5mcg,0.5mcg · 60 count,Retail Generic,23.87
5892,Calcitriol 0.5mcg,0.5mcg · 90 count,Retail Generic,32.81
5893,Camila 0.35mg,0.35mg · 30 count,Retail Generic,9.06
5894,Camila 0.35mg,0.35mg · 60 count,Retail Generic,12.11
5895,Camila 0.35mg,0.35mg · 90 count,Retail Generic,15.17
5902,Candesartan Cilexetil 16mg,16mg · 30 count,Retail Generic,23.93
5903,Candesartan Cilexetil 16mg,16mg · 60 count,Retail Generic,41.87
5904,Candesartan Cilexetil 16mg,16mg · 90 count,Retail Generic,59.80
5905,Candesartan Cilexetil 32mg,32mg · 30 count,Retail Generic,27.78
5906,Candesartan Cilexetil 32mg,32mg · 60 count,Retail Generic,49.55
5907,Candesartan Cilexetil 32mg,32mg · 90 count,Retail Generic,71.33
5896,Candesartan Cilexetil 4mg,4mg · 30 count,Retail Generic,26.01
5897,Candesartan Cilexetil 4mg,4mg · 60 count,Retail Generic,46.03
5898,Candesartan Cilexetil 4mg,4mg · 90 count,Retail Generic,66.04
5899,Candesartan Cilexetil 8mg,8mg · 30 count,Retail Generic,26.85
5900,Candesartan Cilexetil 8mg,8mg · 60 count,Retail Generic,47.71
5901,Candesartan Cilexetil 8mg,8mg · 90 count,Retail Generic,68.56
5908,Candesartan-Hydrochlorothiazide 16-12.5mg,16-12.5mg · 30 count,Retail Generic,33.99
5909,Candesartan-Hydrochlorothiazide 16-12.5mg,16-12.5mg · 60 count,Retail Generic,61.98
5910,Candesartan-Hydrochlorothiazide 16-12.5mg,16-12.5mg · 90 count,Retail Generic,89.97
5911,Candesartan-Hydrochlorothiazide 32-12.5mg,32-12.5mg · 30 count,Retail Generic,43.37
5912,Candesartan-Hydrochlorothiazide 32-12.5mg,32-12.5mg · 60 count,Retail Generic,80.74
5913,Candesartan-Hydrochlorothiazide 32-12.5mg,32-12.5mg · 90 count,Retail Generic,118.11
5914,Candesartan-Hydrochlorothiazide 32-25mg,32-25mg · 30 count,Retail Generic,44.90
5915,Candesartan-Hydrochlorothiazide 32-25mg,32-25mg · 60 count,Retail Generic,83.80
5916,Candesartan-Hydrochlorothiazide 32-25mg,32-25mg · 90 count,Retail Generic,122.70
5917,Capecitabine 150mg,150mg · 30 count,Retail Generic,20.24
5918,Capecitabine 150mg,150mg · 60 count,Retail Generic,34.48
5919,Capecitabine 150mg,150mg · 90 count,Retail Generic,48.71
5920,Capecitabine 500mg,500mg · 30 count,Retail Generic,25.12
5921,Capecitabine 500mg,500mg · 60 count,Retail Generic,44.24
5922,Capecitabine 500mg,500mg · 90 count,Retail Generic,63.35
5932,Captopril 100mg,100mg · 30 count,Retail Generic,16.79
5933,Captopril 100mg,100mg · 60 count,Retail Generic,27.58
5934,Captopril 100mg,100mg · 90 count,Retail Generic,38.38
5923,Captopril 12.5mg,12.5mg · 30 count,Retail Generic,20.17
5924,Captopril 12.5mg,12.5mg · 60 count,Retail Generic,34.33
5925,Captopril 12.5mg,12.5mg · 90 count,Retail Generic,48.50
5926,Captopril 25mg,25mg · 30 count,Retail Generic,12.58
5927,Captopril 25mg,25mg · 60 count,Retail Generic,19.15
5928,Captopril 25mg,25mg · 90 count,Retail Generic,25.73
5929,Captopril 50mg,50mg · 30 count,Retail Generic,18.05
5930,Captopril 50mg,50mg · 60 count,Retail Generic,30.09
5931,Captopril 50mg,50mg · 90 count,Retail Generic,42.14
5935,Carbamazepine 200mg,200mg · 30 count,Retail Generic,10.22
5936,Carbamazepine 200mg,200mg · 60 count,Retail Generic,14.43
5937,Carbamazepine 200mg,200mg · 90 count,Retail Generic,18.65
5938,Carbamazepine ER 100mg,100mg · 30 count,Retail Generic,15.38
5939,Carbamazepine ER 100mg,100mg · 60 count,Retail Generic,24.76
5940,Carbamazepine ER 100mg,100mg · 90 count,Retail Generic,34.14
5941,Carbamazepine ER 200mg,200mg · 30 count,Retail Generic,20.85
5942,Carbamazepine ER 200mg,200mg · 60 count,Retail Generic,35.71
5943,Carbamazepine ER 200mg,200mg · 90 count,Retail Generic,50.56
5944,Carbamazepine ER 300mg,300mg · 30 count,Retail Generic,44.13
5945,Carbamazepine ER 300mg,300mg · 60 count,Retail Generic,82.25
5946,Carbamazepine ER 300mg,300mg · 90 count,Retail Generic,120.38
5947,Carbamazepine ER 400mg,400mg · 30 count,Retail Generic,31.61
5948,Carbamazepine ER 400mg,400mg · 60 count,Retail Generic,57.23
5949,Carbamazepine ER 400mg,400mg · 90 count,Retail Generic,82.84
5950,Carbidopa 25mg,25mg · 30 count,Retail Generic,32.57
5951,Carbidopa 25mg,25mg · 60 count,Retail Generic,59.13
5952,Carbidopa 25mg,25mg · 90 count,Retail Generic,85.70
5953,Carbidopa-Levodopa-Entacapone 12.5-50-200mg,12.5-50-200mg · 30 count,Retail Generic,42.32
5954,Carbidopa-Levodopa-Entacapone 12.5-50-200mg,12.5-50-200mg · 60 count,Retail Generic,78.65
5955,Carbidopa-Levodopa-Entacapone 12.5-50-200mg,12.5-50-200mg · 90 count,Retail Generic,114.97
5956,Carbidopa-Levodopa-Entacapone 18.75-75-200mg,18.75-75-200mg · 30 count,Retail Generic,31.45
5957,Carbidopa-Levodopa-Entacapone 18.75-75-200mg,18.75-75-200mg · 60 count,Retail Generic,56.89
5958,Carbidopa-Levodopa-Entacapone 18.75-75-200mg,18.75-75-200mg · 90 count,Retail Generic,82.34
5959,Carbidopa-Levodopa-Entacapone 25-100-200mg,25-100-200mg · 30 count,Retail Generic,28.58
5960,Carbidopa-Levodopa-Entacapone 25-100-200mg,25-100-200mg · 60 count,Retail Generic,51.16
5961,Carbidopa-Levodopa-Entacapone 25-100-200mg,25-100-200mg · 90 count,Retail Generic,73.74
5962,Carbidopa-Levodopa-Entacapone 31.25-125-200mg,31.25-125-200mg · 30 count,Retail Generic,34.16
5963,Carbidopa-Levodopa-Entacapone 31.25-125-200mg,31.25-125-200mg · 60 count,Retail Generic,62.32
5964,Carbidopa-Levodopa-Entacapone 31.25-125-200mg,31.25-125-200mg · 90 count,Retail Generic,90.49
5965,Carbidopa-Levodopa-Entacapone 37.5-150-200mg,37.5-150-200mg · 30 count,Retail Generic,30.78
5966,Carbidopa-Levodopa-Entacapone 37.5-150-200mg,37.5-150-200mg · 60 count,Retail Generic,55.56
5967,Carbidopa-Levodopa-Entacapone 37.5-150-200mg,37.5-150-200mg · 90 count,Retail Generic,80.34
5968,Carbidopa-Levodopa-Entacapone 50-200-200mg,50-200-200mg · 30 count,Retail Generic,33.70
5969,Carbidopa-Levodopa-Entacapone 50-200-200mg,50-200-200mg · 60 count,Retail Generic,61.39
5970,Carbidopa-Levodopa-Entacapone 50-200-200mg,50-200-200mg · 90 count,Retail Generic,89.09
5971,Carbinoxamine 4mg,4mg · 30 count,Retail Generic,21.53
5972,Carbinoxamine 4mg,4mg · 60 count,Retail Generic,37.06
5973,Carbinoxamine 4mg,4mg · 90 count,Retail Generic,52.59
5974,Cartia Xt 120mg,120mg · 30 count,Retail Generic,11.22
5975,Cartia Xt 120mg,120mg · 60 count,Retail Generic,16.44
5976,Cartia Xt 120mg,120mg · 90 count,Retail Generic,21.66
5977,Cartia Xt 180mg,180mg · 30 count,Retail Generic,12.44
5978,Cartia Xt 180mg,180mg · 60 count,Retail Generic,18.89
5979,Cartia Xt 180mg,180mg · 90 count,Retail Generic,25.33
5980,Cartia Xt 240mg,240mg · 30 count,Retail Generic,13.24
5981,Cartia Xt 240mg,240mg · 60 count,Retail Generic,20.48
5982,Cartia Xt 240mg,240mg · 90 count,Retail Generic,27.72
5983,Cartia Xt 300mg,300mg · 30 count,Retail Generic,16.88
5984,Cartia Xt 300mg,300mg · 60 count,Retail Generic,27.76
5985,Cartia Xt 300mg,300mg · 90 count,Retail Generic,38.63
5992,Carvedilol 12.5mg,12.5mg · 30 count,Retail Generic,6.77
5993,Carvedilol 12.5mg,12.5mg · 60 count,Retail Generic,7.54
5994,Carvedilol 12.5mg,12.5mg · 90 count,Retail Generic,8.31
5995,Carvedilol 25mg,25mg · 30 count,Retail Generic,7.16
5996,Carvedilol 25mg,25mg · 60 count,Retail Generic,8.32
5997,Carvedilol 25mg,25mg · 90 count,Retail Generic,9.49
5986,Carvedilol 3.125mg,3.125mg · 30 count,Retail Generic,6.59
5987,Carvedilol 3.125mg,3.125mg · 60 count,Retail Generic,7.19
5988,Carvedilol 3.125mg,3.125mg · 90 count,Retail Generic,7.78
5989,Carvedilol 6.25mg,6.25mg · 30 count,Retail Generic,6.67
5990,Carvedilol 6.25mg,6.25mg · 60 count,Retail Generic,7.35
5991,Carvedilol 6.25mg,6.25mg · 90 count,Retail Generic,8.02
5998,Carvedilol ER 20mg,20mg · 30 count,Retail Generic,168.41
6041,Cefaclor 250mg,250mg · 30 count,Retail Generic,38.74
6042,Cefaclor 250mg,250mg · 60 count,Retail Generic,71.49
6043,Cefaclor 250mg,250mg · 90 count,Retail Generic,104.23
6044,Cefaclor 500mg,500mg · 30 count,Retail Generic,56.76
6045,Cefaclor 500mg,500mg · 60 count,Retail Generic,107.51
6046,Cefaclor 500mg,500mg · 90 count,Retail Generic,158.27
6047,Cefadroxil 1gm,1gm · 30 count,Retail Generic,156.15
6048,Cefadroxil 500mg,500mg · 30 count,Retail Generic,16.67
6049,Cefadroxil 500mg,500mg · 60 count,Retail Generic,27.35
6050,Cefadroxil 500mg,500mg · 90 count,Retail Generic,38.02
6051,Cefdinir 300mg,300mg · 30 count,Retail Generic,23.11
6052,Cefdinir 300mg,300mg · 60 count,Retail Generic,40.22
6053,Cefdinir 300mg,300mg · 90 count,Retail Generic,57.32
6054,Cefpodoxime 100mg,100mg · 30 count,Retail Generic,44.73
6055,Cefpodoxime 100mg,100mg · 60 count,Retail Generic,83.45
6056,Cefpodoxime 100mg,100mg · 90 count,Retail Generic,122.18
6057,Cefpodoxime 200mg,200mg · 30 count,Retail Generic,64.49
6058,Cefpodoxime 200mg,200mg · 60 count,Retail Generic,122.98
6059,Cefpodoxime 200mg,200mg · 90 count,Retail Generic,181.47
6060,Cefprozil 250mg,250mg · 30 count,Retail Generic,24.85
6061,Cefprozil 250mg,250mg · 60 count,Retail Generic,43.70
6062,Cefprozil 250mg,250mg · 90 count,Retail Generic,62.55
6063,Cefprozil 500mg,500mg · 30 count,Retail Generic,42.40
6064,Cefprozil 500mg,500mg · 60 count,Retail Generic,78.81
6065,Cefprozil 500mg,500mg · 90 count,Retail Generic,115.22
6066,Cefuroxime Axetil 250mg,250mg · 30 count,Retail Generic,16.32
6067,Cefuroxime Axetil 250mg,250mg · 60 count,Retail Generic,26.65
6068,Cefuroxime Axetil 250mg,250mg · 90 count,Retail Generic,36.97
6069,Cefuroxime Axetil 500mg,500mg · 30 count,Retail Generic,22.10
6070,Cefuroxime Axetil 500mg,500mg · 60 count,Retail Generic,38.19
6071,Cefuroxime Axetil 500mg,500mg · 90 count,Retail Generic,54.29
6075,Celecoxib 100mg,100mg · 30 count,Retail Generic,8.67
6076,Celecoxib 100mg,100mg · 60 count,Retail Generic,11.33
6077,Celecoxib 100mg,100mg · 90 count,Retail Generic,14.00
6078,Celecoxib 200mg,200mg · 30 count,Retail Generic,9.11
6079,Celecoxib 200mg,200mg · 60 count,Retail Generic,12.22
6080,Celecoxib 200mg,200mg · 90 count,Retail Generic,15.33
6081,Celecoxib 400mg,400mg · 30 count,Retail Generic,15.03
6082,Celecoxib 400mg,400mg · 60 count,Retail Generic,24.07
6083,Celecoxib 400mg,400mg · 90 count,Retail Generic,33.10
6072,Celecoxib 50mg,50mg · 30 count,Retail Generic,9.43
6073,Celecoxib 50mg,50mg · 60 count,Retail Generic,12.86
6074,Celecoxib 50mg,50mg · 90 count,Retail Generic,16.28
6084,Cephalexin 250mg,250mg · 30 count,Retail Generic,9.64
6085,Cephalexin 250mg,250mg · 60 count,Retail Generic,13.27
6086,Cephalexin 250mg,250mg · 90 count,Retail Generic,16.91
6087,Cephalexin 500mg,500mg · 30 count,Retail Generic,10.51
6088,Cephalexin 500mg,500mg · 60 count,Retail Generic,15.01
6089,Cephalexin 500mg,500mg · 90 count,Retail Generic,19.52
6090,Cevimeline 30mg,30mg · 30 count,Retail Generic,30.61
6091,Cevimeline 30mg,30mg · 60 count,Retail Generic,55.22
6092,Cevimeline 30mg,30mg · 90 count,Retail Generic,79.83
6093,Chloroquine Ph 250mg,250mg · 30 count,Retail Generic,89.43
6094,Chloroquine Ph 250mg,250mg · 60 count,Retail Generic,172.85
6104,Chlorpromazine 100mg,100mg · 30 count,Retail Generic,31.54
6105,Chlorpromazine 100mg,100mg · 60 count,Retail Generic,57.09
6106,Chlorpromazine 100mg,100mg · 90 count,Retail Generic,82.63
6095,Chlorpromazine 10mg,10mg · 30 count,Retail Generic,15.25
6096,Chlorpromazine 10mg,10mg · 60 count,Retail Generic,24.49
6097,Chlorpromazine 10mg,10mg · 90 count,Retail Generic,33.74
6107,Chlorpromazine 200mg,200mg · 30 count,Retail Generic,42.70
6108,Chlorpromazine 200mg,200mg · 60 count,Retail Generic,79.39
6109,Chlorpromazine 200mg,200mg · 90 count,Retail Generic,116.09
6098,Chlorpromazine 25mg,25mg · 30 count,Retail Generic,17.24
6099,Chlorpromazine 25mg,25mg · 60 count,Retail Generic,28.48
6100,Chlorpromazine 25mg,25mg · 90 count,Retail Generic,39.72
6101,Chlorpromazine 50mg,50mg · 30 count,Retail Generic,23.83
6102,Chlorpromazine 50mg,50mg · 60 count,Retail Generic,41.66
6103,Chlorpromazine 50mg,50mg · 90 count,Retail Generic,59.48
6110,Chlorthalidone 25mg,25mg · 30 count,Retail Generic,9.19
6111,Chlorthalidone 25mg,25mg · 60 count,Retail Generic,12.39
6112,Chlorthalidone 25mg,25mg · 90 count,Retail Generic,15.58
6113,Chlorthalidone 50mg,50mg · 30 count,Retail Generic,11.23
6114,Chlorthalidone 50mg,50mg · 60 count,Retail Generic,16.46
6115,Chlorthalidone 50mg,50mg · 90 count,Retail Generic,21.69
6116,Chlorzoxazone 250mg,250mg · 30 count,Retail Generic,116.31
6117,Chlorzoxazone 375mg,375mg · 30 count,Retail Generic,26.36
6118,Chlorzoxazone 375mg,375mg · 60 count,Retail Generic,46.73
6119,Chlorzoxazone 375mg,375mg · 90 count,Retail Generic,67.09
6120,Chlorzoxazone 500mg,500mg · 30 count,Retail Generic,14.08
6121,Chlorzoxazone 500mg,500mg · 60 count,Retail Generic,22.17
6122,Chlorzoxazone 500mg,500mg · 90 count,Retail Generic,30.25
6123,Chlorzoxazone 750mg,750mg · 30 count,Retail Generic,26.68
6124,Chlorzoxazone 750mg,750mg · 60 count,Retail Generic,47.36
6125,Chlorzoxazone 750mg,750mg · 90 count,Retail Generic,68.05
6129,Cilostazol 100mg,100mg · 30 count,Retail Generic,10.58
6130,Cilostazol 100mg,100mg · 60 count,Retail Generic,15.16
6131,Cilostazol 100mg,100mg · 90 count,Retail Generic,19.74
6126,Cilostazol 50mg,50mg · 30 count,Retail Generic,9.93
6127,Cilostazol 50mg,50mg · 60 count,Retail Generic,13.86
6128,Cilostazol 50mg,50mg · 90 count,Retail Generic,17.79
6132,Cimetidine 200mg,200mg · 30 count,Retail Generic,13.86
6133,Cimetidine 200mg,200mg · 60 count,Retail Generic,21.71
6134,Cimetidine 200mg,200mg · 90 count,Retail Generic,29.57
6135,Cimetidine 300mg,300mg · 30 count,Retail Generic,15.30
6136,Cimetidine 300mg,300mg · 60 count,Retail Generic,24.59
6137,Cimetidine 300mg,300mg · 90 count,Retail Generic,33.89
6138,Cimetidine 400mg,400mg · 30 count,Retail Generic,19.16
6139,Cimetidine 400mg,400mg · 60 count,Retail Generic,32.31
6140,Cimetidine 400mg,400mg · 90 count,Retail Generic,45.47
6141,Cimetidine 800mg,800mg · 30 count,Retail Generic,34.92
6142,Cimetidine 800mg,800mg · 60 count,Retail Generic,63.83
6143,Cimetidine 800mg,800mg · 90 count,Retail Generic,92.75
6144,Cinacalcet 30mg,30mg · 30 count,Retail Generic,20.67
6145,Cinacalcet 30mg,30mg · 60 count,Retail Generic,35.34
6146,Cinacalcet 30mg,30mg · 90 count,Retail Generic,50.00
6147,Cinacalcet 60mg,60mg · 30 count,Retail Generic,30.64
6148,Cinacalcet 60mg,60mg · 60 count,Retail Generic,55.27
6149,Cinacalcet 60mg,60mg · 90 count,Retail Generic,79.91
6150,Cinacalcet 90mg,90mg · 30 count,Retail Generic,36.98
6151,Cinacalcet 90mg,90mg · 60 count,Retail Generic,67.95
6152,Cinacalcet 90mg,90mg · 90 count,Retail Generic,98.93
6153,Ciprofloxacin 250mg,250mg · 30 count,Retail Generic,9.20
6154,Ciprofloxacin 250mg,250mg · 60 count,Retail Generic,12.40
6155,Ciprofloxacin 250mg,250mg · 90 count,Retail Generic,15.60
6156,Ciprofloxacin 500mg,500mg · 30 count,Retail Generic,10.99
6157,Ciprofloxacin 500mg,500mg · 60 count,Retail Generic,15.99
6158,Ciprofloxacin 500mg,500mg · 90 count,Retail Generic,20.98
6159,Ciprofloxacin 750mg,750mg · 30 count,Retail Generic,15.05
6160,Ciprofloxacin 750mg,750mg · 60 count,Retail Generic,24.10
6161,Ciprofloxacin 750mg,750mg · 90 count,Retail Generic,33.16
6162,Citalopram 10mg,10mg · 30 count,Retail Generic,6.88
6163,Citalopram 10mg,10mg · 60 count,Retail Generic,7.76
6164,Citalopram 10mg,10mg · 90 count,Retail Generic,8.64
6165,Citalopram 20mg,20mg · 30 count,Retail Generic,7.05
6166,Citalopram 20mg,20mg · 60 count,Retail Generic,8.09
6167,Citalopram 20mg,20mg · 90 count,Retail Generic,9.14
6168,Citalopram 40mg,40mg · 30 count,Retail Generic,7.66
6169,Citalopram 40mg,40mg · 60 count,Retail Generic,9.31
6170,Citalopram 40mg,40mg · 90 count,Retail Generic,10.97
6174,Cl ER 10meq,10meq · 30 count,Retail Generic,9.39
6175,Cl ER 10meq,10meq · 60 count,Retail Generic,12.79
6176,Cl ER 10meq,10meq · 90 count,Retail Generic,16.18
6177,Cl ER 20meq,20meq · 30 count,Retail Generic,11.10
6178,Cl ER 20meq,20meq · 60 count,Retail Generic,16.20
6179,Cl ER 20meq,20meq · 90 count,Retail Generic,21.30
6171,Cl ER 8meq,8meq · 30 count,Retail Generic,10.55
6172,Cl ER 8meq,8meq · 60 count,Retail Generic,15.10
6173,Cl ER 8meq,8meq · 90 count,Retail Generic,19.65
6180,Claravis 10mg,10mg · 30 count,Retail Generic,72.05
6181,Claravis 10mg,10mg · 60 count,Retail Generic,138.09
6182,Claravis 20mg,20mg · 30 count,Retail Generic,76.69
6183,Claravis 20mg,20mg · 60 count,Retail Generic,147.38
6184,Claravis 30mg,30mg · 30 count,Retail Generic,79.22
6185,Claravis 30mg,30mg · 60 count,Retail Generic,152.44
6186,Claravis 40mg,40mg · 30 count,Retail Generic,85.54
6187,Claravis 40mg,40mg · 60 count,Retail Generic,165.08
6188,Clarithromycin 250mg,250mg · 30 count,Retail Generic,20.14
6189,Clarithromycin 250mg,250mg · 60 count,Retail Generic,34.28
6190,Clarithromycin 250mg,250mg · 90 count,Retail Generic,48.42
6191,Clarithromycin 500mg,500mg · 30 count,Retail Generic,21.69
6192,Clarithromycin 500mg,500mg · 60 count,Retail Generic,37.38
6193,Clarithromycin 500mg,500mg · 90 count,Retail Generic,53.08
6194,Clarithromycin ER 500mg,500mg · 30 count,Retail Generic,112.23
6195,Clemastine Fum 2.68mg,2.68mg · 30 count,Retail Generic,125.62
6196,Clemsza 2.68mg,2.68mg · 30 count,Retail Generic,125.62
6200,Clindamycin 150mg,150mg · 30 count,Retail Generic,9.94
6201,Clindamycin 150mg,150mg · 60 count,Retail Generic,13.89
6202,Clindamycin 150mg,150mg · 90 count,Retail Generic,17.83
6203,Clindamycin 300mg,300mg · 30 count,Retail Generic,12.66
6204,Clindamycin 300mg,300mg · 60 count,Retail Generic,19.32
6205,Clindamycin 300mg,300mg · 90 count,Retail Generic,25.97
6197,Clindamycin 75mg,75mg · 30 count,Retail Generic,16.43
6198,Clindamycin 75mg,75mg · 60 count,Retail Generic,26.86
6199,Clindamycin 75mg,75mg · 90 count,Retail Generic,37.28
6206,Clomipramine 25mg,25mg · 30 count,Retail Generic,14.25
6207,Clomipramine 25mg,25mg · 60 count,Retail Generic,22.50
6208,Clomipramine 25mg,25mg · 90 count,Retail Generic,30.75
6209,Clomipramine 50mg,50mg · 30 count,Retail Generic,16.10
6210,Clomipramine 50mg,50mg · 60 count,Retail Generic,26.20
6211,Clomipramine 50mg,50mg · 90 count,Retail Generic,36.29
6212,Clomipramine 75mg,75mg · 30 count,Retail Generic,18.53
6213,Clomipramine 75mg,75mg · 60 count,Retail Generic,31.06
6214,Clomipramine 75mg,75mg · 90 count,Retail Generic,43.59
6215,Clonidine 0.1mg,0.1mg · 30 count,Retail Generic,6.91
6216,Clonidine 0.1mg,0.1mg · 60 count,Retail Generic,7.83
6217,Clonidine 0.1mg,0.1mg · 90 count,Retail Generic,8.74
6218,Clonidine 0.2mg,0.2mg · 30 count,Retail Generic,7.28
6219,Clonidine 0.2mg,0.2mg · 60 count,Retail Generic,8.56
6220,Clonidine 0.2mg,0.2mg · 90 count,Retail Generic,9.84
6221,Clonidine 0.3mg,0.3mg · 30 count,Retail Generic,7.46
6222,Clonidine 0.3mg,0.3mg · 60 count,Retail Generic,8.92
6223,Clonidine 0.3mg,0.3mg · 90 count,Retail Generic,10.38
6224,Clonidine ER 0.1mg,0.1mg · 30 count,Retail Generic,15.36
6225,Clonidine ER 0.1mg,0.1mg · 60 count,Retail Generic,24.72
6226,Clonidine ER 0.1mg,0.1mg · 90 count,Retail Generic,34.08
6227,Clopidogrel 75mg,75mg · 30 count,Retail Generic,8.03
6228,Clopidogrel 75mg,75mg · 60 count,Retail Generic,10.05
6229,Clopidogrel 75mg,75mg · 90 count,Retail Generic,12.08
6236,Clozapine 100mg,100mg · 30 count,Retail Generic,27.73
6237,Clozapine 100mg,100mg · 60 count,Retail Generic,49.46
6238,Clozapine 100mg,100mg · 90 count,Retail Generic,71.19
6239,Clozapine 200mg,200mg · 30 count,Retail Generic,42.74
6240,Clozapine 200mg,200mg · 60 count,Retail Generic,79.49
6241,Clozapine 200mg,200mg · 90 count,Retail Generic,116.23
6230,Clozapine 25mg,25mg · 30 count,Retail Generic,14.86
6231,Clozapine 25mg,25mg · 60 count,Retail Generic,23.72
6232,Clozapine 25mg,25mg · 90 count,Retail Generic,32.57
6233,Clozapine 50mg,50mg · 30 count,Retail Generic,23.25
6234,Clozapine 50mg,50mg · 60 count,Retail Generic,40.50
6235,Clozapine 50mg,50mg · 90 count,Retail Generic,57.74
6245,Clozapine ODT 100mg,100mg · 30 count,Retail Generic,164.20
6242,Clozapine ODT 25mg,25mg · 30 count,Retail Generic,63.71
6243,Clozapine ODT 25mg,25mg · 60 count,Retail Generic,121.42
6244,Clozapine ODT 25mg,25mg · 90 count,Retail Generic,179.13
6246,Colchicine 0.6mg,0.6mg · 30 count,Retail Generic,10.92
6247,Colchicine 0.6mg,0.6mg · 60 count,Retail Generic,15.85
6248,Colchicine 0.6mg,0.6mg · 90 count,Retail Generic,20.77
6249,Colesevelam 625mg,625mg · 30 count,Retail Generic,16.15
6250,Colesevelam 625mg,625mg · 60 count,Retail Generic,26.29
6251,Colesevelam 625mg,625mg · 90 count,Retail Generic,36.44
6252,Colestipol 1gm,1gm · 30 count,Retail Generic,30.28
6253,Colestipol 1gm,1gm · 60 count,Retail Generic,54.55
6254,Colestipol 1gm,1gm · 90 count,Retail Generic,78.83
6255,Conjugated Estrogens 0.3mg,0.3mg · 30 count,Retail Generic,194.65
6259,Cyclobenzaprine 10mg,10mg · 30 count,Retail Generic,6.64
6260,Cyclobenzaprine 10mg,10mg · 60 count,Retail Generic,7.27
6261,Cyclobenzaprine 10mg,10mg · 90 count,Retail Generic,7.91
6256,Cyclobenzaprine 5mg,5mg · 30 count,Retail Generic,6.78
6257,Cyclobenzaprine 5mg,5mg · 60 count,Retail Generic,7.56
6258,Cyclobenzaprine 5mg,5mg · 90 count,Retail Generic,8.34
6262,Cyclobenzaprine ER 15mg,15mg · 30 count,Retail Generic,50.34
6263,Cyclobenzaprine ER 15mg,15mg · 60 count,Retail Generic,94.68
6264,Cyclobenzaprine ER 15mg,15mg · 90 count,Retail Generic,139.02
6265,Cyclobenzaprine ER 30mg,30mg · 30 count,Retail Generic,105.43
6266,Cyclophosphamide 25mg,25mg · 30 count,Retail Generic,48.29
6267,Cyclophosphamide 25mg,25mg · 60 count,Retail Generic,90.58
6268,Cyclophosphamide 25mg,25mg · 90 count,Retail Generic,132.87
6269,Cyclophosphamide 50mg,50mg · 30 count,Retail Generic,69.37
6270,Cyclophosphamide 50mg,50mg · 60 count,Retail Generic,132.74
6271,Cyclophosphamide 50mg,50mg · 90 count,Retail Generic,196.10
6272,Cyclosporine 25mg,25mg · 30 count,Retail Generic,107.91
6279,Cyclosporine Modified 100mg,100mg · 30 count,Retail Generic,58.07
6280,Cyclosporine Modified 100mg,100mg · 60 count,Retail Generic,110.13
6281,Cyclosporine Modified 100mg,100mg · 90 count,Retail Generic,162.20
6273,Cyclosporine Modified 25mg,25mg · 30 count,Retail Generic,17.71
6274,Cyclosporine Modified 25mg,25mg · 60 count,Retail Generic,29.43
6275,Cyclosporine Modified 25mg,25mg · 90 count,Retail Generic,41.14
6276,Cyclosporine Modified 50mg,50mg · 30 count,Retail Generic,31.84
6277,Cyclosporine Modified 50mg,50mg · 60 count,Retail Generic,57.67
6278,Cyclosporine Modified 50mg,50mg · 90 count,Retail Generic,83.51
6282,Cyproheptadine 4mg,4mg · 30 count,Retail Generic,8.34
6283,Cyproheptadine 4mg,4mg · 60 count,Retail Generic,10.68
6284,Cyproheptadine 4mg,4mg · 90 count,Retail Generic,13.02
6351,Dabigatran Etexilate 75mg,75mg · 30 count,Retail Generic,45.34
6352,Dabigatran Etexilate 75mg,75mg · 60 count,Retail Generic,84.69
6353,Dabigatran Etexilate 75mg,75mg · 90 count,Retail Generic,124.03
6355,Dalfampridine ER 10mg,10mg · 30 count,Retail Generic,22.17
6356,Dalfampridine ER 10mg,10mg · 60 count,Retail Generic,38.33
6357,Dalfampridine ER 10mg,10mg · 90 count,Retail Generic,54.50
6360,Danazol 100mg,100mg · 30 count,Retail Generic,68.79
6361,Danazol 100mg,100mg · 60 count,Retail Generic,131.59
6362,Danazol 100mg,100mg · 90 count,Retail Generic,194.38
6363,Danazol 200mg,200mg · 30 count,Retail Generic,124.33
6358,Danazol 50mg,50mg · 30 count,Retail Generic,76.58
6359,Danazol 50mg,50mg · 60 count,Retail Generic,147.17
6370,Dantrolene 100mg,100mg · 30 count,Retail Generic,33.98
6371,Dantrolene 100mg,100mg · 60 count,Retail Generic,61.96
6372,Dantrolene 100mg,100mg · 90 count,Retail Generic,89.95
6364,Dantrolene 25mg,25mg · 30 count,Retail Generic,20.95
6365,Dantrolene 25mg,25mg · 60 count,Retail Generic,35.90
6366,Dantrolene 25mg,25mg · 90 count,Retail Generic,50.85
6367,Dantrolene 50mg,50mg · 30 count,Retail Generic,32.08
6368,Dantrolene 50mg,50mg · 60 count,Retail Generic,58.16
6369,Dantrolene 50mg,50mg · 90 count,Retail Generic,84.25
6376,Dapagliflozin-Metformin ER 10-500mg,10-500mg · 30 count,Retail Generic,36.18
6377,Dapagliflozin-Metformin ER 10-500mg,10-500mg · 60 count,Retail Generic,66.35
6378,Dapagliflozin-Metformin ER 10-500mg,10-500mg · 90 count,Retail Generic,96.53
6373,Dapagliflozin-Metformin ER 5-500mg,5-500mg · 30 count,Retail Generic,30.77
6374,Dapagliflozin-Metformin ER 5-500mg,5-500mg · 60 count,Retail Generic,55.53
6375,Dapagliflozin-Metformin ER 5-500mg,5-500mg · 90 count,Retail Generic,80.30
6382,Dapsone 100mg,100mg · 30 count,Retail Generic,43.73
6383,Dapsone 100mg,100mg · 60 count,Retail Generic,81.45
6384,Dapsone 100mg,100mg · 90 count,Retail Generic,119.18
6379,Dapsone 25mg,25mg · 30 count,Retail Generic,26.50
6380,Dapsone 25mg,25mg · 60 count,Retail Generic,47.00
6381,Dapsone 25mg,25mg · 90 count,Retail Generic,67.50
6388,Darifenacin ER 15mg,15mg · 30 count,Retail Generic,20.76
6389,Darifenacin ER 15mg,15mg · 60 count,Retail Generic,35.51
6390,Darifenacin ER 15mg,15mg · 90 count,Retail Generic,50.27
6385,Darifenacin ER 7.5mg,7.5mg · 30 count,Retail Generic,27.08
6386,Darifenacin ER 7.5mg,7.5mg · 60 count,Retail Generic,48.17
6387,Darifenacin ER 7.5mg,7.5mg · 90 count,Retail Generic,69.25
6391,Darunavir 600mg,600mg · 30 count,Retail Generic,48.62
6392,Darunavir 600mg,600mg · 60 count,Retail Generic,91.25
6393,Darunavir 600mg,600mg · 90 count,Retail Generic,133.87
6394,Darunavir 800mg,800mg · 30 count,Retail Generic,95.12
6395,Darunavir 800mg,800mg · 60 count,Retail Generic,184.25
6417,Deferasirox 180mg,180mg · 30 count,Retail Generic,37.50
6418,Deferasirox 180mg,180mg · 60 count,Retail Generic,69.00
6419,Deferasirox 180mg,180mg · 90 count,Retail Generic,100.50
6420,Deferasirox 360mg,360mg · 30 count,Retail Generic,53.40
6421,Deferasirox 360mg,360mg · 60 count,Retail Generic,100.80
6422,Deferasirox 360mg,360mg · 90 count,Retail Generic,148.20
6423,Demeclocycline 150mg,150mg · 30 count,Retail Generic,107.25
6436,Desipramine 100mg,100mg · 30 count,Retail Generic,20.37
6437,Desipramine 100mg,100mg · 60 count,Retail Generic,34.73
6438,Desipramine 100mg,100mg · 90 count,Retail Generic,49.10
6424,Desipramine 10mg,10mg · 30 count,Retail Generic,10.45
6425,Desipramine 10mg,10mg · 60 count,Retail Generic,14.90
6426,Desipramine 10mg,10mg · 90 count,Retail Generic,19.35
6439,Desipramine 150mg,150mg · 30 count,Retail Generic,42.57
6440,Desipramine 150mg,150mg · 60 count,Retail Generic,79.13
6441,Desipramine 150mg,150mg · 90 count,Retail Generic,115.70
6427,Desipramine 25mg,25mg · 30 count,Retail Generic,11.52
6428,Desipramine 25mg,25mg · 60 count,Retail Generic,17.04
6429,Desipramine 25mg,25mg · 90 count,Retail Generic,22.56
6430,Desipramine 50mg,50mg · 30 count,Retail Generic,16.41
6431,Desipramine 50mg,50mg · 60 count,Retail Generic,26.83
6432,Desipramine 50mg,50mg · 90 count,Retail Generic,37.24
6433,Desipramine 75mg,75mg · 30 count,Retail Generic,17.29
6434,Desipramine 75mg,75mg · 60 count,Retail Generic,28.58
6435,Desipramine 75mg,75mg · 90 count,Retail Generic,39.86
6442,Desloratadine 5mg,5mg · 30 count,Retail Generic,16.69
6443,Desloratadine 5mg,5mg · 60 count,Retail Generic,27.38
6444,Desloratadine 5mg,5mg · 90 count,Retail Generic,38.07
6445,Desmopressin 0.1mg,0.1mg · 30 count,Retail Generic,15.81
6446,Desmopressin 0.1mg,0.1mg · 60 count,Retail Generic,25.61
6447,Desmopressin 0.1mg,0.1mg · 90 count,Retail Generic,35.42
6448,Desmopressin 0.2mg,0.2mg · 30 count,Retail Generic,19.57
6449,Desmopressin 0.2mg,0.2mg · 60 count,Retail Generic,33.15
6450,Desmopressin 0.2mg,0.2mg · 90 count,Retail Generic,46.72
6452,Desvenlafaxine ER 100mg,100mg · 30 count,Retail Generic,141.70
6451,Desvenlafaxine ER 50mg,50mg · 30 count,Retail Generic,144.74
6459,Desvenlafaxine Succnt ER 100mg,100mg · 30 count,Retail Generic,22.04
6460,Desvenlafaxine Succnt ER 100mg,100mg · 60 count,Retail Generic,38.08
6461,Desvenlafaxine Succnt ER 100mg,100mg · 90 count,Retail Generic,54.11
6453,Desvenlafaxine Succnt ER 25mg,25mg · 30 count,Retail Generic,22.18
6454,Desvenlafaxine Succnt ER 25mg,25mg · 60 count,Retail Generic,38.36
6455,Desvenlafaxine Succnt ER 25mg,25mg · 90 count,Retail Generic,54.55
6456,Desvenlafaxine Succnt ER 50mg,50mg · 30 count,Retail Generic,21.44
6457,Desvenlafaxine Succnt ER 50mg,50mg · 60 count,Retail Generic,36.87
6458,Desvenlafaxine Succnt ER 50mg,50mg · 90 count,Retail Generic,52.31
6462,Dexamethasone 0.5mg,0.5mg · 30 count,Retail Generic,9.11
6463,Dexamethasone 0.5mg,0.5mg · 60 count,Retail Generic,12.21
6464,Dexamethasone 0.5mg,0.5mg · 90 count,Retail Generic,15.31
6465,Dexamethasone 0.75mg,0.75mg · 30 count,Retail Generic,10.35
6466,Dexamethasone 0.75mg,0.75mg · 60 count,Retail Generic,14.71
6467,Dexamethasone 0.75mg,0.75mg · 90 count,Retail Generic,19.06
6471,Dexamethasone 1.5mg,1.5mg · 30 count,Retail Generic,14.93
6472,Dexamethasone 1.5mg,1.5mg · 60 count,Retail Generic,23.86
6473,Dexamethasone 1.5mg,1.5mg · 90 count,Retail Generic,32.79
6468,Dexamethasone 1mg,1mg · 30 count,Retail Generic,12.61
6469,Dexamethasone 1mg,1mg · 60 count,Retail Generic,19.22
6470,Dexamethasone 1mg,1mg · 90 count,Retail Generic,25.83
6474,Dexamethasone 2mg,2mg · 30 count,Retail Generic,18.23
6475,Dexamethasone 2mg,2mg · 60 count,Retail Generic,30.47
6476,Dexamethasone 2mg,2mg · 90 count,Retail Generic,42.70
6477,Dexamethasone 4mg,4mg · 30 count,Retail Generic,14.37
6478,Dexamethasone 4mg,4mg · 60 count,Retail Generic,22.73
6479,Dexamethasone 4mg,4mg · 90 count,Retail Generic,31.10
6480,Dexamethasone 6mg,6mg · 30 count,Retail Generic,25.88
6481,Dexamethasone 6mg,6mg · 60 count,Retail Generic,45.77
6482,Dexamethasone 6mg,6mg · 90 count,Retail Generic,65.65
6483,Dexlansoprazole DR 30mg,30mg · 30 count,Retail Generic,181.10
6484,Dexlansoprazole DR 60mg,60mg · 30 count,Retail Generic,162.01
6491,Diclofenac 25mg,25mg · 30 count,Retail Generic,112.53
6492,Diclofenac 50mg,50mg · 30 count,Retail Generic,9.85
6493,Diclofenac 50mg,50mg · 60 count,Retail Generic,13.70
6494,Diclofenac 50mg,50mg · 90 count,Retail Generic,17.55
6495,Diclofenac DR 50mg,50mg · 30 count,Retail Generic,9.05
6496,Diclofenac DR 50mg,50mg · 60 count,Retail Generic,12.10
6497,Diclofenac DR 50mg,50mg · 90 count,Retail Generic,15.15
6498,Diclofenac DR 75mg,75mg · 30 count,Retail Generic,8.81
6499,Diclofenac DR 75mg,75mg · 60 count,Retail Generic,11.62
6500,Diclofenac DR 75mg,75mg · 90 count,Retail Generic,14.43
6507,Diclofenac ER 100mg,100mg · 30 count,Retail Generic,29.42
6508,Diclofenac ER 100mg,100mg · 60 count,Retail Generic,52.85
6509,Diclofenac ER 100mg,100mg · 90 count,Retail Generic,76.27
6501,Diclofenac Ec 50mg,50mg · 30 count,Retail Generic,9.05
6502,Diclofenac Ec 50mg,50mg · 60 count,Retail Generic,12.10
6503,Diclofenac Ec 50mg,50mg · 90 count,Retail Generic,15.15
6504,Diclofenac Ec 75mg,75mg · 30 count,Retail Generic,8.81
6505,Diclofenac Ec 75mg,75mg · 60 count,Retail Generic,11.62
6506,Diclofenac Ec 75mg,75mg · 90 count,Retail Generic,14.43
6510,Diclofenac-Misoprostol DR 50-0.2mg,50-0.2mg · 30 count,Retail Generic,40.62
6511,Diclofenac-Misoprostol DR 50-0.2mg,50-0.2mg · 60 count,Retail Generic,75.24
6512,Diclofenac-Misoprostol DR 50-0.2mg,50-0.2mg · 90 count,Retail Generic,109.86
6513,Diclofenac-Misoprostol DR 75-0.2mg,75-0.2mg · 30 count,Retail Generic,42.95
6514,Diclofenac-Misoprostol DR 75-0.2mg,75-0.2mg · 60 count,Retail Generic,79.91
6515,Diclofenac-Misoprostol DR 75-0.2mg,75-0.2mg · 90 count,Retail Generic,116.86
6516,Dicloxacillin 250mg,250mg · 30 count,Retail Generic,26.89
6517,Dicloxacillin 250mg,250mg · 60 count,Retail Generic,47.77
6518,Dicloxacillin 250mg,250mg · 90 count,Retail Generic,68.66
6519,Dicloxacillin 500mg,500mg · 30 count,Retail Generic,42.10
6520,Dicloxacillin 500mg,500mg · 60 count,Retail Generic,78.19
6521,Dicloxacillin 500mg,500mg · 90 count,Retail Generic,114.29
6522,Dicyclomine 10mg,10mg · 30 count,Retail Generic,8.92
6523,Dicyclomine 10mg,10mg · 60 count,Retail Generic,11.83
6524,Dicyclomine 10mg,10mg · 90 count,Retail Generic,14.75
6525,Dicyclomine 20mg,20mg · 30 count,Retail Generic,8.30
6526,Dicyclomine 20mg,20mg · 60 count,Retail Generic,10.59
6527,Dicyclomine 20mg,20mg · 90 count,Retail Generic,12.89
6528,Diflunisal 500mg,500mg · 30 count,Retail Generic,48.23
6529,Diflunisal 500mg,500mg · 60 count,Retail Generic,90.46
6530,Diflunisal 500mg,500mg · 90 count,Retail Generic,132.69
6531,Digoxin 125mcg,125mcg · 30 count,Retail Generic,10.05
6532,Digoxin 125mcg,125mcg · 60 count,Retail Generic,14.10
6533,Digoxin 125mcg,125mcg · 90 count,Retail Generic,18.15
6534,Digoxin 250mcg,250mcg · 30 count,Retail Generic,11.55
6535,Digoxin 250mcg,250mcg · 60 count,Retail Generic,17.11
6536,Digoxin 250mcg,250mcg · 90 count,Retail Generic,22.66
6537,Dilantin 100mg,100mg · 30 count,Retail Generic,11.14
6538,Dilantin 100mg,100mg · 60 count,Retail Generic,16.27
6539,Dilantin 100mg,100mg · 90 count,Retail Generic,21.41
6540,Dilt XR 120mg,120mg · 30 count,Retail Generic,19.77
6541,Dilt XR 120mg,120mg · 60 count,Retail Generic,33.53
6542,Dilt XR 120mg,120mg · 90 count,Retail Generic,47.30
6543,Dilt XR 180mg,180mg · 30 count,Retail Generic,23.63
6544,Dilt XR 180mg,180mg · 60 count,Retail Generic,41.27
6545,Dilt XR 180mg,180mg · 90 count,Retail Generic,58.90
6546,Dilt XR 240mg,240mg · 30 count,Retail Generic,26.20
6547,Dilt XR 240mg,240mg · 60 count,Retail Generic,46.39
6548,Dilt XR 240mg,240mg · 90 count,Retail Generic,66.59
6558,Diltiazem 120mg,120mg · 30 count,Retail Generic,9.37
6559,Diltiazem 120mg,120mg · 60 count,Retail Generic,12.73
6560,Diltiazem 120mg,120mg · 90 count,Retail Generic,16.10
6567,Diltiazem 12hr ER 120mg,120mg · 30 count,Retail Generic,86.46
6568,Diltiazem 12hr ER 120mg,120mg · 60 count,Retail Generic,166.91
6561,Diltiazem 12hr ER 60mg,60mg · 30 count,Retail Generic,63.71
6562,Diltiazem 12hr ER 60mg,60mg · 60 count,Retail Generic,121.41
6563,Diltiazem 12hr ER 60mg,60mg · 90 count,Retail Generic,179.12
6564,Diltiazem 12hr ER 90mg,90mg · 30 count,Retail Generic,67.62
6565,Diltiazem 12hr ER 90mg,90mg · 60 count,Retail Generic,129.24
6566,Diltiazem 12hr ER 90mg,90mg · 90 count,Retail Generic,190.87
6569,Diltiazem 24h ER(La) 120mg,120mg · 30 count,Retail Generic,64.15
6570,Diltiazem 24h ER(La) 120mg,120mg · 60 count,Retail Generic,122.30
6571,Diltiazem 24h ER(La) 120mg,120mg · 90 count,Retail Generic,180.45
6572,Diltiazem 24h ER(La) 180mg,180mg · 30 count,Retail Generic,50.21
6573,Diltiazem 24h ER(La) 180mg,180mg · 60 count,Retail Generic,94.42
6574,Diltiazem 24h ER(La) 180mg,180mg · 90 count,Retail Generic,138.63
6575,Diltiazem 24h ER(La) 240mg,240mg · 30 count,Retail Generic,44.77
6576,Diltiazem 24h ER(La) 240mg,240mg · 60 count,Retail Generic,83.54
6577,Diltiazem 24h ER(La) 240mg,240mg · 90 count,Retail Generic,122.32
6578,Diltiazem 24h ER(La) 300mg,300mg · 30 count,Retail Generic,59.60
6579,Diltiazem 24h ER(La) 300mg,300mg · 60 count,Retail Generic,113.21
6580,Diltiazem 24h ER(La) 300mg,300mg · 90 count,Retail Generic,166.81
6581,Diltiazem 24h ER(La) 360mg,360mg · 30 count,Retail Generic,86.72
6582,Diltiazem 24h ER(La) 360mg,360mg · 60 count,Retail Generic,167.44
6583,Diltiazem 24h ER(La) 420mg,420mg · 30 count,Retail Generic,91.75
6584,Diltiazem 24h ER(La) 420mg,420mg · 60 count,Retail Generic,177.50
6585,Diltiazem 24hr ER 120mg,120mg · 30 count,Retail Generic,10.68
6586,Diltiazem 24hr ER 120mg,120mg · 60 count,Retail Generic,15.37
6587,Diltiazem 24hr ER 120mg,120mg · 90 count,Retail Generic,20.05
6588,Diltiazem 24hr ER 180mg,180mg · 30 count,Retail Generic,12.56
6589,Diltiazem 24hr ER 180mg,180mg · 60 count,Retail Generic,19.12
6590,Diltiazem 24hr ER 180mg,180mg · 90 count,Retail Generic,25.67
6591,Diltiazem 24hr ER 240mg,240mg · 30 count,Retail Generic,14.06
6592,Diltiazem 24hr ER 240mg,240mg · 60 count,Retail Generic,22.12
6593,Diltiazem 24hr ER 240mg,240mg · 90 count,Retail Generic,30.19
6594,Diltiazem 24hr ER 300mg,300mg · 30 count,Retail Generic,15.35
6595,Diltiazem 24hr ER 300mg,300mg · 60 count,Retail Generic,24.70
6596,Diltiazem 24hr ER 300mg,300mg · 90 count,Retail Generic,34.05
6597,Diltiazem 24hr ER 360mg,360mg · 30 count,Retail Generic,20.24
6598,Diltiazem 24hr ER 360mg,360mg · 60 count,Retail Generic,34.48
6599,Diltiazem 24hr ER 360mg,360mg · 90 count,Retail Generic,48.72
6549,Diltiazem 30mg,30mg · 30 count,Retail Generic,7.94
6550,Diltiazem 30mg,30mg · 60 count,Retail Generic,9.88
6551,Diltiazem 30mg,30mg · 90 count,Retail Generic,11.82
6552,Diltiazem 60mg,60mg · 30 count,Retail Generic,8.67
6553,Diltiazem 60mg,60mg · 60 count,Retail Generic,11.35
6554,Diltiazem 60mg,60mg · 90 count,Retail Generic,14.02
6555,Diltiazem 90mg,90mg · 30 count,Retail Generic,8.56
6556,Diltiazem 90mg,90mg · 60 count,Retail Generic,11.12
6557,Diltiazem 90mg,90mg · 90 count,Retail Generic,13.68
6600,Dipyridamole 25mg,25mg · 30 count,Retail Generic,12.44
6601,Dipyridamole 25mg,25mg · 60 count,Retail Generic,18.88
6602,Dipyridamole 25mg,25mg · 90 count,Retail Generic,25.32
6603,Dipyridamole 50mg,50mg · 30 count,Retail Generic,16.04
6604,Dipyridamole 50mg,50mg · 60 count,Retail Generic,26.08
6605,Dipyridamole 50mg,50mg · 90 count,Retail Generic,36.11
6606,Dipyridamole 75mg,75mg · 30 count,Retail Generic,15.58
6607,Dipyridamole 75mg,75mg · 60 count,Retail Generic,25.17
6608,Dipyridamole 75mg,75mg · 90 count,Retail Generic,34.75
6609,Disopyramide 100mg,100mg · 30 count,Retail Generic,36.31
6610,Disopyramide 100mg,100mg · 60 count,Retail Generic,66.61
6611,Disopyramide 100mg,100mg · 90 count,Retail Generic,96.92
6612,Disopyramide 150mg,150mg · 30 count,Retail Generic,64.04
6613,Disopyramide 150mg,150mg · 60 count,Retail Generic,122.08
6614,Disopyramide 150mg,150mg · 90 count,Retail Generic,180.12
6615,Disulfiram 250mg,250mg · 30 count,Retail Generic,65.82
6616,Disulfiram 250mg,250mg · 60 count,Retail Generic,125.63
6617,Disulfiram 250mg,250mg · 90 count,Retail Generic,185.45
6618,Divalproex DR 125mg,125mg · 30 count,Retail Generic,7.98
6619,Divalproex DR 125mg,125mg · 60 count,Retail Generic,9.95
6620,Divalproex DR 125mg,125mg · 90 count,Retail Generic,11.93
6621,Divalproex DR 250mg,250mg · 30 count,Retail Generic,9.40
6622,Divalproex DR 250mg,250mg · 60 count,Retail Generic,12.80
6623,Divalproex DR 250mg,250mg · 90 count,Retail Generic,16.21
6624,Divalproex DR 500mg,500mg · 30 count,Retail Generic,11.69
6625,Divalproex DR 500mg,500mg · 60 count,Retail Generic,17.38
6626,Divalproex DR 500mg,500mg · 90 count,Retail Generic,23.07
6627,Divalproex ER 250mg,250mg · 30 count,Retail Generic,10.67
6628,Divalproex ER 250mg,250mg · 60 count,Retail Generic,15.35
6629,Divalproex ER 250mg,250mg · 90 count,Retail Generic,20.02
6630,Divalproex ER 500mg,500mg · 30 count,Retail Generic,12.16
6631,Divalproex ER 500mg,500mg · 60 count,Retail Generic,18.33
6632,Divalproex ER 500mg,500mg · 90 count,Retail Generic,24.49
6633,Dofetilide 125mcg,125mcg · 30 count,Retail Generic,13.29
6634,Dofetilide 125mcg,125mcg · 60 count,Retail Generic,20.58
6635,Dofetilide 125mcg,125mcg · 90 count,Retail Generic,27.88
6636,Dofetilide 250mcg,250mcg · 30 count,Retail Generic,13.29
6637,Dofetilide 250mcg,250mcg · 60 count,Retail Generic,20.58
6638,Dofetilide 250mcg,250mcg · 90 count,Retail Generic,27.86
6639,Dofetilide 500mcg,500mcg · 30 count,Retail Generic,13.01
6640,Dofetilide 500mcg,500mcg · 60 count,Retail Generic,20.02
6641,Dofetilide 500mcg,500mcg · 90 count,Retail Generic,27.03
6642,Dolishale 90-20mcg,90-20mcg · 30 count,Retail Generic,51.52
6643,Dolishale 90-20mcg,90-20mcg · 60 count,Retail Generic,97.04
6644,Dolishale 90-20mcg,90-20mcg · 90 count,Retail Generic,142.57
6648,Donepezil 10mg,10mg · 30 count,Retail Generic,7.84
6649,Donepezil 10mg,10mg · 60 count,Retail Generic,9.68
6650,Donepezil 10mg,10mg · 90 count,Retail Generic,11.51
6645,Donepezil 5mg,5mg · 30 count,Retail Generic,7.58
6646,Donepezil 5mg,5mg · 60 count,Retail Generic,9.17
6647,Donepezil 5mg,5mg · 90 count,Retail Generic,10.75
6654,Donepezil ODT 10mg,10mg · 30 count,Retail Generic,17.06
6655,Donepezil ODT 10mg,10mg · 60 count,Retail Generic,28.12
6656,Donepezil ODT 10mg,10mg · 90 count,Retail Generic,39.19
6651,Donepezil ODT 5mg,5mg · 30 count,Retail Generic,16.20
6652,Donepezil ODT 5mg,5mg · 60 count,Retail Generic,26.40
6653,Donepezil ODT 5mg,5mg · 90 count,Retail Generic,36.60
6657,Doxazosin 1mg,1mg · 30 count,Retail Generic,8.87
6658,Doxazosin 1mg,1mg · 60 count,Retail Generic,11.74
6659,Doxazosin 1mg,1mg · 90 count,Retail Generic,14.61
6660,Doxazosin 2mg,2mg · 30 count,Retail Generic,8.55
6661,Doxazosin 2mg,2mg · 60 count,Retail Generic,11.10
6662,Doxazosin 2mg,2mg · 90 count,Retail Generic,13.64
6663,Doxazosin 4mg,4mg · 30 count,Retail Generic,9.34
6664,Doxazosin 4mg,4mg · 60 count,Retail Generic,12.68
6665,Doxazosin 4mg,4mg · 90 count,Retail Generic,16.01
6666,Doxazosin 8mg,8mg · 30 count,Retail Generic,9.95
6667,Doxazosin 8mg,8mg · 60 count,Retail Generic,13.90
6668,Doxazosin 8mg,8mg · 90 count,Retail Generic,17.85
6685,Doxepin 100mg,100mg · 30 count,Retail Generic,15.92
6686,Doxepin 100mg,100mg · 60 count,Retail Generic,25.83
6687,Doxepin 100mg,100mg · 90 count,Retail Generic,35.75
6673,Doxepin 10mg,10mg · 30 count,Retail Generic,8.85
6674,Doxepin 10mg,10mg · 60 count,Retail Generic,11.71
6675,Doxepin 10mg,10mg · 90 count,Retail Generic,14.56
6688,Doxepin 150mg,150mg · 30 count,Retail Generic,26.27
6689,Doxepin 150mg,150mg · 60 count,Retail Generic,46.54
6690,Doxepin 150mg,150mg · 90 count,Retail Generic,66.81
6676,Doxepin 25mg,25mg · 30 count,Retail Generic,11.05
6677,Doxepin 25mg,25mg · 60 count,Retail Generic,16.11
6678,Doxepin 25mg,25mg · 90 count,Retail Generic,21.16
6669,Doxepin 3mg,3mg · 30 count,Retail Generic,80.31
6670,Doxepin 3mg,3mg · 60 count,Retail Generic,154.62
6679,Doxepin 50mg,50mg · 30 count,Retail Generic,11.40
6680,Doxepin 50mg,50mg · 60 count,Retail Generic,16.81
6681,Doxepin 50mg,50mg · 90 count,Retail Generic,22.21
6671,Doxepin 6mg,6mg · 30 count,Retail Generic,72.88
6672,Doxepin 6mg,6mg · 60 count,Retail Generic,139.76
6682,Doxepin 75mg,75mg · 30 count,Retail Generic,12.67
6683,Doxepin 75mg,75mg · 60 count,Retail Generic,19.34
6684,Doxepin 75mg,75mg · 90 count,Retail Generic,26.01
6694,Doxycycline Hyc DR 100mg,100mg · 30 count,Retail Generic,70.44
6695,Doxycycline Hyc DR 100mg,100mg · 60 count,Retail Generic,134.88
6696,Doxycycline Hyc DR 100mg,100mg · 90 count,Retail Generic,199.32
6697,Doxycycline Hyc DR 150mg,150mg · 30 count,Retail Generic,46.71
6698,Doxycycline Hyc DR 150mg,150mg · 60 count,Retail Generic,87.41
6699,Doxycycline Hyc DR 150mg,150mg · 90 count,Retail Generic,128.12
6691,Doxycycline Hyc DR 50mg,50mg · 30 count,Retail Generic,55.47
6692,Doxycycline Hyc DR 50mg,50mg · 60 count,Retail Generic,104.93
6693,Doxycycline Hyc DR 50mg,50mg · 90 count,Retail Generic,154.40
6709,Doxycycline Hyclate 100mg,100mg · 30 count,Retail Generic,10.24
6710,Doxycycline Hyclate 100mg,100mg · 60 count,Retail Generic,14.47
6711,Doxycycline Hyclate 100mg,100mg · 90 count,Retail Generic,18.71
6712,Doxycycline Hyclate 150mg,150mg · 30 count,Retail Generic,38.88
6713,Doxycycline Hyclate 150mg,150mg · 60 count,Retail Generic,71.77
6714,Doxycycline Hyclate 150mg,150mg · 90 count,Retail Generic,104.65
6700,Doxycycline Hyclate 20mg,20mg · 30 count,Retail Generic,9.67
6701,Doxycycline Hyclate 20mg,20mg · 60 count,Retail Generic,13.34
6702,Doxycycline Hyclate 20mg,20mg · 90 count,Retail Generic,17.00
6703,Doxycycline Hyclate 50mg,50mg · 30 count,Retail Generic,11.82
6704,Doxycycline Hyclate 50mg,50mg · 60 count,Retail Generic,17.64
6705,Doxycycline Hyclate 50mg,50mg · 90 count,Retail Generic,23.46
6706,Doxycycline Hyclate 75mg,75mg · 30 count,Retail Generic,19.74
6707,Doxycycline Hyclate 75mg,75mg · 60 count,Retail Generic,33.48
6708,Doxycycline Hyclate 75mg,75mg · 90 count,Retail Generic,47.22
6721,Doxycycline Mono 100mg,100mg · 30 count,Retail Generic,14.63
6722,Doxycycline Mono 100mg,100mg · 60 count,Retail Generic,23.26
6723,Doxycycline Mono 100mg,100mg · 90 count,Retail Generic,31.89
6724,Doxycycline Mono 150mg,150mg · 30 count,Retail Generic,40.33
6725,Doxycycline Mono 150mg,150mg · 60 count,Retail Generic,74.65
6726,Doxycycline Mono 150mg,150mg · 90 count,Retail Generic,108.98
6715,Doxycycline Mono 50mg,50mg · 30 count,Retail Generic,11.64
6716,Doxycycline Mono 50mg,50mg · 60 count,Retail Generic,17.29
6717,Doxycycline Mono 50mg,50mg · 90 count,Retail Generic,22.93
6718,Doxycycline Mono 75mg,75mg · 30 count,Retail Generic,15.34
6719,Doxycycline Mono 75mg,75mg · 60 count,Retail Generic,24.69
6720,Doxycycline Mono 75mg,75mg · 90 count,Retail Generic,34.03
6727,Doxylamine-Pyridoxine 10-10mg,10-10mg · 30 count,Retail Generic,49.96
6728,Doxylamine-Pyridoxine 10-10mg,10-10mg · 60 count,Retail Generic,93.93
6729,Doxylamine-Pyridoxine 10-10mg,10-10mg · 90 count,Retail Generic,137.89
6730,Droxidopa 100mg,100mg · 30 count,Retail Generic,34.22
6731,Droxidopa 100mg,100mg · 60 count,Retail Generic,62.44
6732,Droxidopa 100mg,100mg · 90 count,Retail Generic,90.66
6733,Droxidopa 200mg,200mg · 30 count,Retail Generic,68.45
6734,Droxidopa 200mg,200mg · 60 count,Retail Generic,130.89
6735,Droxidopa 200mg,200mg · 90 count,Retail Generic,193.34
6736,Droxidopa 300mg,300mg · 30 count,Retail Generic,99.16
6737,Droxidopa 300mg,300mg · 60 count,Retail Generic,192.32
6738,Duloxetine DR 20mg,20mg · 30 count,Retail Generic,10.03
6739,Duloxetine DR 20mg,20mg · 60 count,Retail Generic,14.06
6740,Duloxetine DR 20mg,20mg · 90 count,Retail Generic,18.09
6741,Duloxetine DR 30mg,30mg · 30 count,Retail Generic,8.84
6742,Duloxetine DR 30mg,30mg · 60 count,Retail Generic,11.68
6743,Duloxetine DR 30mg,30mg · 90 count,Retail Generic,14.52
6744,Duloxetine DR 60mg,60mg · 30 count,Retail Generic,9.39
6745,Duloxetine DR 60mg,60mg · 60 count,Retail Generic,12.78
6746,Duloxetine DR 60mg,60mg · 90 count,Retail Generic,16.17
6747,Dutasteride 0.5mg,0.5mg · 30 count,Retail Generic,12.39
6748,Dutasteride 0.5mg,0.5mg · 60 count,Retail Generic,18.79
6749,Dutasteride 0.5mg,0.5mg · 90 count,Retail Generic,25.18
6901,ER 10meq,10meq · 30 count,Retail Generic,12.40
6902,ER 10meq,10meq · 60 count,Retail Generic,18.80
6903,ER 10meq,10meq · 90 count,Retail Generic,25.20
6904,ER 15meq,15meq · 30 count,Retail Generic,13.47
6905,ER 15meq,15meq · 60 count,Retail Generic,20.94
6906,ER 15meq,15meq · 90 count,Retail Generic,28.41
6898,ER 5meq,5meq · 30 count,Retail Generic,10.64
6899,ER 5meq,5meq · 60 count,Retail Generic,15.29
6900,ER 5meq,5meq · 90 count,Retail Generic,19.93
6849,Efavirenz 600mg,600mg · 30 count,Retail Generic,60.32
6850,Efavirenz 600mg,600mg · 60 count,Retail Generic,114.64
6851,Efavirenz 600mg,600mg · 90 count,Retail Generic,168.95
6852,Efavirenz-Emtricitabine-Tenofov Disop Fum 600-200-300mg,600-200-300mg · 30 count,Retail Generic,56.16
6853,Efavirenz-Emtricitabine-Tenofov Disop Fum 600-200-300mg,600-200-300mg · 60 count,Retail Generic,106.32
6854,Efavirenz-Emtricitabine-Tenofov Disop Fum 600-200-300mg,600-200-300mg · 90 count,Retail Generic,156.48
6855,Eletriptan 20mg,20mg · 30 count,Retail Generic,86.61
6856,Eletriptan 20mg,20mg · 60 count,Retail Generic,167.21
6857,Eletriptan 40mg,40mg · 30 count,Retail Generic,72.74
6858,Eletriptan 40mg,40mg · 60 count,Retail Generic,139.47
6859,Emtricitabine-Tenofovir Disoproxil 200-300mg,200-300mg · 30 count,Retail Generic,24.88
6860,Emtricitabine-Tenofovir Disoproxil 200-300mg,200-300mg · 60 count,Retail Generic,43.75
6861,Emtricitabine-Tenofovir Disoproxil 200-300mg,200-300mg · 90 count,Retail Generic,62.63
6862,Emzahh 0.35mg,0.35mg · 30 count,Retail Generic,9.06
6863,Emzahh 0.35mg,0.35mg · 60 count,Retail Generic,12.11
6864,Emzahh 0.35mg,0.35mg · 90 count,Retail Generic,15.17
6871,Enalapril 10mg,10mg · 30 count,Retail Generic,8.36
6872,Enalapril 10mg,10mg · 60 count,Retail Generic,10.71
6873,Enalapril 10mg,10mg · 90 count,Retail Generic,13.07
6865,Enalapril 2.5mg,2.5mg · 30 count,Retail Generic,8.46
6866,Enalapril 2.5mg,2.5mg · 60 count,Retail Generic,10.92
6867,Enalapril 2.5mg,2.5mg · 90 count,Retail Generic,13.38
6874,Enalapril 20mg,20mg · 30 count,Retail Generic,9.60
6875,Enalapril 20mg,20mg · 60 count,Retail Generic,13.21
6876,Enalapril 20mg,20mg · 90 count,Retail Generic,16.81
6868,Enalapril 5mg,5mg · 30 count,Retail Generic,8.58
6869,Enalapril 5mg,5mg · 60 count,Retail Generic,11.15
6870,Enalapril 5mg,5mg · 90 count,Retail Generic,13.73
6880,Enalapril-Hydrochlorothiazide 10-25mg,10-25mg · 30 count,Retail Generic,12.15
6881,Enalapril-Hydrochlorothiazide 10-25mg,10-25mg · 60 count,Retail Generic,18.30
6882,Enalapril-Hydrochlorothiazide 10-25mg,10-25mg · 90 count,Retail Generic,24.45
6877,Enalapril-Hydrochlorothiazide 5-12.5mg,5-12.5mg · 30 count,Retail Generic,12.77
6878,Enalapril-Hydrochlorothiazide 5-12.5mg,5-12.5mg · 60 count,Retail Generic,19.54
6879,Enalapril-Hydrochlorothiazide 5-12.5mg,5-12.5mg · 90 count,Retail Generic,26.31
6883,Entacapone 200mg,200mg · 30 count,Retail Generic,18.38
6884,Entacapone 200mg,200mg · 60 count,Retail Generic,30.75
6885,Entacapone 200mg,200mg · 90 count,Retail Generic,43.13
6886,Entecavir 0.5mg,0.5mg · 30 count,Retail Generic,13.95
6887,Entecavir 0.5mg,0.5mg · 60 count,Retail Generic,21.89
6888,Entecavir 0.5mg,0.5mg · 90 count,Retail Generic,29.84
6889,Entecavir 1mg,1mg · 30 count,Retail Generic,20.94
6890,Entecavir 1mg,1mg · 60 count,Retail Generic,35.89
6891,Entecavir 1mg,1mg · 90 count,Retail Generic,50.83
6892,Eplerenone 25mg,25mg · 30 count,Retail Generic,19.00
6893,Eplerenone 25mg,25mg · 60 count,Retail Generic,32.01
6894,Eplerenone 25mg,25mg · 90 count,Retail Generic,45.01
6895,Eplerenone 50mg,50mg · 30 count,Retail Generic,23.88
6896,Eplerenone 50mg,50mg · 60 count,Retail Generic,41.77
6897,Eplerenone 50mg,50mg · 90 count,Retail Generic,59.65
6910,Ergocalciferol 1.25mg,1.25mg · 30 count,Retail Generic,10.19
6911,Ergocalciferol 1.25mg,1.25mg · 60 count,Retail Generic,14.38
6912,Ergocalciferol 1.25mg,1.25mg · 90 count,Retail Generic,18.57
6913,Errin 0.35mg,0.35mg · 30 count,Retail Generic,9.06
6914,Errin 0.35mg,0.35mg · 60 count,Retail Generic,12.11
6915,Errin 0.35mg,0.35mg · 90 count,Retail Generic,15.17
6916,Ery-Tab DR 250mg,250mg · 30 count,Retail Generic,74.79
6917,Ery-Tab DR 250mg,250mg · 60 count,Retail Generic,143.58
6918,Ery-Tab DR 333mg,333mg · 30 count,Retail Generic,139.87
6919,Ery-Tab DR 500mg,500mg · 30 count,Retail Generic,130.31
6920,Erythromycin 250mg,250mg · 30 count,Retail Generic,59.30
6921,Erythromycin 250mg,250mg · 60 count,Retail Generic,112.60
6922,Erythromycin 250mg,250mg · 90 count,Retail Generic,165.90
6923,Erythromycin 500mg,500mg · 30 count,Retail Generic,109.15
6924,Erythromycin DR 250mg,250mg · 30 count,Retail Generic,74.79
6925,Erythromycin DR 250mg,250mg · 60 count,Retail Generic,143.58
6926,Erythromycin DR 333mg,333mg · 30 count,Retail Generic,139.87
6927,Erythromycin DR 500mg,500mg · 30 count,Retail Generic,130.31
6931,Escitalopram 10mg,10mg · 30 count,Retail Generic,7.55
6932,Escitalopram 10mg,10mg · 60 count,Retail Generic,9.09
6933,Escitalopram 10mg,10mg · 90 count,Retail Generic,10.64
6934,Escitalopram 20mg,20mg · 30 count,Retail Generic,8.27
6935,Escitalopram 20mg,20mg · 60 count,Retail Generic,10.54
6936,Escitalopram 20mg,20mg · 90 count,Retail Generic,12.82
6928,Escitalopram 5mg,5mg · 30 count,Retail Generic,7.53
6929,Escitalopram 5mg,5mg · 60 count,Retail Generic,9.07
6930,Escitalopram 5mg,5mg · 90 count,Retail Generic,10.60
6937,Eslicarbazepine 200mg,200mg · 30 count,Retail Generic,124.59
6938,Eslicarbazepine 400mg,400mg · 30 count,Retail Generic,126.85
6939,Eslicarbazepine 600mg,600mg · 30 count,Retail Generic,156.65
6940,Eslicarbazepine 800mg,800mg · 30 count,Retail Generic,140.44
6941,Esomeprazole Mag DR 20mg,20mg · 30 count,Retail Generic,12.05
6942,Esomeprazole Mag DR 20mg,20mg · 60 count,Retail Generic,18.09
6943,Esomeprazole Mag DR 20mg,20mg · 90 count,Retail Generic,24.14
6944,Esomeprazole Mag DR 40mg,40mg · 30 count,Retail Generic,11.15
6945,Esomeprazole Mag DR 40mg,40mg · 60 count,Retail Generic,16.29
6946,Esomeprazole Mag DR 40mg,40mg · 90 count,Retail Generic,21.44
6947,Estradiol 0.5mg,0.5mg · 30 count,Retail Generic,8.38
6948,Estradiol 0.5mg,0.5mg · 60 count,Retail Generic,10.75
6949,Estradiol 0.5mg,0.5mg · 90 count,Retail Generic,13.13
6950,Estradiol 1mg,1mg · 30 count,Retail Generic,8.53
6951,Estradiol 1mg,1mg · 60 count,Retail Generic,11.06
6952,Estradiol 1mg,1mg · 90 count,Retail Generic,13.59
6953,Estradiol 2mg,2mg · 30 count,Retail Generic,9.19
6954,Estradiol 2mg,2mg · 60 count,Retail Generic,12.37
6955,Estradiol 2mg,2mg · 90 count,Retail Generic,15.56
6956,Estradiol-Noreth 0.5-0.1mg,0.5-0.1mg · 30 count,Retail Generic,35.41
6957,Estradiol-Noreth 0.5-0.1mg,0.5-0.1mg · 60 count,Retail Generic,64.82
6958,Estradiol-Noreth 0.5-0.1mg,0.5-0.1mg · 90 count,Retail Generic,94.23
6959,Estradiol-Noreth 1-0.5mg,1-0.5mg · 30 count,Retail Generic,33.54
6960,Estradiol-Noreth 1-0.5mg,1-0.5mg · 60 count,Retail Generic,61.08
6961,Estradiol-Noreth 1-0.5mg,1-0.5mg · 90 count,Retail Generic,88.62
6962,Ethacrynic Acid 25mg,25mg · 30 count,Retail Generic,37.50
6963,Ethacrynic Acid 25mg,25mg · 60 count,Retail Generic,69.00
6964,Ethacrynic Acid 25mg,25mg · 90 count,Retail Generic,100.50
6965,Ethambutol 100mg,100mg · 30 count,Retail Generic,18.67
6966,Ethambutol 100mg,100mg · 60 count,Retail Generic,31.35
6967,Ethambutol 100mg,100mg · 90 count,Retail Generic,44.02
6968,Ethambutol 400mg,400mg · 30 count,Retail Generic,23.09
6969,Ethambutol 400mg,400mg · 60 count,Retail Generic,40.18
6970,Ethambutol 400mg,400mg · 90 count,Retail Generic,57.26
6971,Ethosuximide 250mg,250mg · 30 count,Retail Generic,15.34
6972,Ethosuximide 250mg,250mg · 60 count,Retail Generic,24.68
6973,Ethosuximide 250mg,250mg · 90 count,Retail Generic,34.02
6974,Etodolac 200mg,200mg · 30 count,Retail Generic,18.58
6975,Etodolac 200mg,200mg · 60 count,Retail Generic,31.15
6976,Etodolac 200mg,200mg · 90 count,Retail Generic,43.73
6977,Etodolac 300mg,300mg · 30 count,Retail Generic,18.47
6978,Etodolac 300mg,300mg · 60 count,Retail Generic,30.94
6979,Etodolac 300mg,300mg · 90 count,Retail Generic,43.41
6980,Etodolac 400mg,400mg · 30 count,Retail Generic,15.05
6981,Etodolac 400mg,400mg · 60 count,Retail Generic,24.10
6982,Etodolac 400mg,400mg · 90 count,Retail Generic,33.15
6983,Etodolac 500mg,500mg · 30 count,Retail Generic,17.06
6984,Etodolac 500mg,500mg · 60 count,Retail Generic,28.13
6985,Etodolac 500mg,500mg · 90 count,Retail Generic,39.19
6986,Etodolac ER 400mg,400mg · 30 count,Retail Generic,43.68
6987,Etodolac ER 400mg,400mg · 60 count,Retail Generic,81.36
6988,Etodolac ER 400mg,400mg · 90 count,Retail Generic,119.03
6989,Etodolac ER 500mg,500mg · 30 count,Retail Generic,38.66
6990,Etodolac ER 500mg,500mg · 60 count,Retail Generic,71.33
6991,Etodolac ER 500mg,500mg · 90 count,Retail Generic,103.99
6992,Etodolac ER 600mg,600mg · 30 count,Retail Generic,44.67
6993,Etodolac ER 600mg,600mg · 60 count,Retail Generic,83.34
6994,Etodolac ER 600mg,600mg · 90 count,Retail Generic,122.01
6995,Everolimus 0.25mg,0.25mg · 30 count,Retail Generic,86.65
6996,Everolimus 0.25mg,0.25mg · 60 count,Retail Generic,167.30
6997,Everolimus 0.5mg,0.5mg · 30 count,Retail Generic,147.33
7010,Evexithroid 120mg,120mg · 30 count,Retail Generic,50.03
7011,Evexithroid 120mg,120mg · 60 count,Retail Generic,94.06
7012,Evexithroid 120mg,120mg · 90 count,Retail Generic,138.10
6998,Evexithroid 15mg,15mg · 30 count,Retail Generic,25.12
6999,Evexithroid 15mg,15mg · 60 count,Retail Generic,44.24
7000,Evexithroid 15mg,15mg · 90 count,Retail Generic,63.37
7001,Evexithroid 30mg,30mg · 30 count,Retail Generic,27.03
7002,Evexithroid 30mg,30mg · 60 count,Retail Generic,48.06
7003,Evexithroid 30mg,30mg · 90 count,Retail Generic,69.09
7004,Evexithroid 60mg,60mg · 30 count,Retail Generic,29.90
7005,Evexithroid 60mg,60mg · 60 count,Retail Generic,53.81
7006,Evexithroid 60mg,60mg · 90 count,Retail Generic,77.71
7007,Evexithroid 90mg,90mg · 30 count,Retail Generic,44.04
7008,Evexithroid 90mg,90mg · 60 count,Retail Generic,82.09
7009,Evexithroid 90mg,90mg · 90 count,Retail Generic,120.13
7013,Exemestane 25mg,25mg · 30 count,Retail Generic,28.22
7014,Exemestane 25mg,25mg · 60 count,Retail Generic,50.44
7015,Exemestane 25mg,25mg · 90 count,Retail Generic,72.66
7016,Ezetimibe 10mg,10mg · 30 count,Retail Generic,8.67
7017,Ezetimibe 10mg,10mg · 60 count,Retail Generic,11.35
7018,Ezetimibe 10mg,10mg · 90 count,Retail Generic,14.02
7019,Ezetimibe-Simvastatin 10-10mg,10-10mg · 30 count,Retail Generic,18.07
7020,Ezetimibe-Simvastatin 10-10mg,10-10mg · 60 count,Retail Generic,30.13
7021,Ezetimibe-Simvastatin 10-10mg,10-10mg · 90 count,Retail Generic,42.20
7022,Ezetimibe-Simvastatin 10-20mg,10-20mg · 30 count,Retail Generic,16.63
7023,Ezetimibe-Simvastatin 10-20mg,10-20mg · 60 count,Retail Generic,27.27
7024,Ezetimibe-Simvastatin 10-20mg,10-20mg · 90 count,Retail Generic,37.90
7025,Ezetimibe-Simvastatin 10-40mg,10-40mg · 30 count,Retail Generic,19.91
7026,Ezetimibe-Simvastatin 10-40mg,10-40mg · 60 count,Retail Generic,33.83
7027,Ezetimibe-Simvastatin 10-40mg,10-40mg · 90 count,Retail Generic,47.74
7028,Ezetimibe-Simvastatin 10-80mg,10-80mg · 30 count,Retail Generic,19.98
7029,Ezetimibe-Simvastatin 10-80mg,10-80mg · 60 count,Retail Generic,33.95
7030,Ezetimibe-Simvastatin 10-80mg,10-80mg · 90 count,Retail Generic,47.93
7094,Famciclovir 125mg,125mg · 30 count,Retail Generic,16.12
7095,Famciclovir 125mg,125mg · 60 count,Retail Generic,26.25
7096,Famciclovir 125mg,125mg · 90 count,Retail Generic,36.37
7097,Famciclovir 250mg,250mg · 30 count,Retail Generic,21.09
7098,Famciclovir 250mg,250mg · 60 count,Retail Generic,36.19
7099,Famciclovir 250mg,250mg · 90 count,Retail Generic,51.28
7100,Famciclovir 500mg,500mg · 30 count,Retail Generic,37.07
7101,Famciclovir 500mg,500mg · 60 count,Retail Generic,68.15
7102,Famciclovir 500mg,500mg · 90 count,Retail Generic,99.22
7103,Famotidine 20mg,20mg · 30 count,Retail Generic,7.06
7104,Famotidine 20mg,20mg · 60 count,Retail Generic,8.12
7105,Famotidine 20mg,20mg · 90 count,Retail Generic,9.18
7106,Famotidine 40mg,40mg · 30 count,Retail Generic,7.87
7107,Famotidine 40mg,40mg · 60 count,Retail Generic,9.75
7108,Famotidine 40mg,40mg · 90 count,Retail Generic,11.62
7115,Febuxostat 40mg,40mg · 30 count,Retail Generic,13.88
7116,Febuxostat 40mg,40mg · 60 count,Retail Generic,21.75
7117,Febuxostat 40mg,40mg · 90 count,Retail Generic,29.63
7118,Febuxostat 80mg,80mg · 30 count,Retail Generic,17.98
7119,Febuxostat 80mg,80mg · 60 count,Retail Generic,29.97
7120,Febuxostat 80mg,80mg · 90 count,Retail Generic,41.95
7121,Felbamate 400mg,400mg · 30 count,Retail Generic,41.08
7122,Felbamate 400mg,400mg · 60 count,Retail Generic,76.16
7123,Felbamate 400mg,400mg · 90 count,Retail Generic,111.24
7124,Felbamate 600mg,600mg · 30 count,Retail Generic,55.55
7125,Felbamate 600mg,600mg · 60 count,Retail Generic,105.11
7126,Felbamate 600mg,600mg · 90 count,Retail Generic,154.66
7133,Felodipine ER 10mg,10mg · 30 count,Retail Generic,11.69
7134,Felodipine ER 10mg,10mg · 60 count,Retail Generic,17.38
7135,Felodipine ER 10mg,10mg · 90 count,Retail Generic,23.07
7127,Felodipine ER 2.5mg,2.5mg · 30 count,Retail Generic,11.13
7128,Felodipine ER 2.5mg,2.5mg · 60 count,Retail Generic,16.26
7129,Felodipine ER 2.5mg,2.5mg · 90 count,Retail Generic,21.39
7130,Felodipine ER 5mg,5mg · 30 count,Retail Generic,10.88
7131,Felodipine ER 5mg,5mg · 60 count,Retail Generic,15.76
7132,Felodipine ER 5mg,5mg · 90 count,Retail Generic,20.65
7148,Fenofibrate 130mg,130mg · 30 count,Retail Generic,34.42
7149,Fenofibrate 130mg,130mg · 60 count,Retail Generic,62.84
7150,Fenofibrate 130mg,130mg · 90 count,Retail Generic,91.26
7151,Fenofibrate 134mg,134mg · 30 count,Retail Generic,10.35
7152,Fenofibrate 134mg,134mg · 60 count,Retail Generic,14.69
7153,Fenofibrate 134mg,134mg · 90 count,Retail Generic,19.04
7154,Fenofibrate 145mg,145mg · 30 count,Retail Generic,10.22
7155,Fenofibrate 145mg,145mg · 60 count,Retail Generic,14.44
7156,Fenofibrate 145mg,145mg · 90 count,Retail Generic,18.66
7157,Fenofibrate 160mg,160mg · 30 count,Retail Generic,9.21
7158,Fenofibrate 160mg,160mg · 60 count,Retail Generic,12.42
7159,Fenofibrate 160mg,160mg · 90 count,Retail Generic,15.63
7160,Fenofibrate 200mg,200mg · 30 count,Retail Generic,11.73
7161,Fenofibrate 200mg,200mg · 60 count,Retail Generic,17.47
7162,Fenofibrate 200mg,200mg · 90 count,Retail Generic,23.20
7136,Fenofibrate 43mg,43mg · 30 count,Retail Generic,17.30
7137,Fenofibrate 43mg,43mg · 60 count,Retail Generic,28.59
7138,Fenofibrate 43mg,43mg · 90 count,Retail Generic,39.89
7139,Fenofibrate 48mg,48mg · 30 count,Retail Generic,9.07
7140,Fenofibrate 48mg,48mg · 60 count,Retail Generic,12.14
7141,Fenofibrate 48mg,48mg · 90 count,Retail Generic,15.20
7142,Fenofibrate 54mg,54mg · 30 count,Retail Generic,8.02
7143,Fenofibrate 54mg,54mg · 60 count,Retail Generic,10.04
7144,Fenofibrate 54mg,54mg · 90 count,Retail Generic,12.06
7145,Fenofibrate 67mg,67mg · 30 count,Retail Generic,9.08
7146,Fenofibrate 67mg,67mg · 60 count,Retail Generic,12.16
7147,Fenofibrate 67mg,67mg · 90 count,Retail Generic,15.24
7166,Fenofibric Acid DR 135mg,135mg · 30 count,Retail Generic,15.30
7167,Fenofibric Acid DR 135mg,135mg · 60 count,Retail Generic,24.60
7168,Fenofibric Acid DR 135mg,135mg · 90 count,Retail Generic,33.90
7163,Fenofibric Acid DR 45mg,45mg · 30 count,Retail Generic,11.38
7164,Fenofibric Acid DR 45mg,45mg · 60 count,Retail Generic,16.75
7165,Fenofibric Acid DR 45mg,45mg · 90 count,Retail Generic,22.13
7169,Fesoterodine ER 4mg,4mg · 30 count,Retail Generic,38.71
7170,Fesoterodine ER 4mg,4mg · 60 count,Retail Generic,71.42
7171,Fesoterodine ER 4mg,4mg · 90 count,Retail Generic,104.13
7172,Fesoterodine ER 8mg,8mg · 30 count,Retail Generic,39.52
7173,Fesoterodine ER 8mg,8mg · 60 count,Retail Generic,73.04
7174,Fesoterodine ER 8mg,8mg · 90 count,Retail Generic,106.55
7175,Fexmid 7.5mg,7.5mg · 30 count,Retail Generic,16.43
7176,Fexmid 7.5mg,7.5mg · 60 count,Retail Generic,26.85
7177,Fexmid 7.5mg,7.5mg · 90 count,Retail Generic,37.28
7178,Finasteride 1mg,1mg · 30 count,Retail Generic,7.58
7179,Finasteride 1mg,1mg · 60 count,Retail Generic,9.16
7180,Finasteride 1mg,1mg · 90 count,Retail Generic,10.74
7181,Finasteride 5mg,5mg · 30 count,Retail Generic,8.53
7182,Finasteride 5mg,5mg · 60 count,Retail Generic,11.05
7183,Finasteride 5mg,5mg · 90 count,Retail Generic,13.58
7184,Fingolimod 0.5mg,0.5mg · 30 count,Retail Generic,197.76
7185,Flavoxate 100mg,100mg · 30 count,Retail Generic,32.84
7186,Flavoxate 100mg,100mg · 60 count,Retail Generic,59.69
7187,Flavoxate 100mg,100mg · 90 count,Retail Generic,86.53
7191,Flecainide 100mg,100mg · 30 count,Retail Generic,12.61
7192,Flecainide 100mg,100mg · 60 count,Retail Generic,19.21
7193,Flecainide 100mg,100mg · 90 count,Retail Generic,25.82
7194,Flecainide 150mg,150mg · 30 count,Retail Generic,17.08
7195,Flecainide 150mg,150mg · 60 count,Retail Generic,28.17
7196,Flecainide 150mg,150mg · 90 count,Retail Generic,39.25
7188,Flecainide 50mg,50mg · 30 count,Retail Generic,10.18
7189,Flecainide 50mg,50mg · 60 count,Retail Generic,14.36
7190,Flecainide 50mg,50mg · 90 count,Retail Generic,18.55
7200,Fluconazole 100mg,100mg · 30 count,Retail Generic,14.55
7201,Fluconazole 100mg,100mg · 60 count,Retail Generic,23.10
7202,Fluconazole 100mg,100mg · 90 count,Retail Generic,31.65
7203,Fluconazole 150mg,150mg · 30 count,Retail Generic,26.85
7204,Fluconazole 150mg,150mg · 60 count,Retail Generic,47.69
7205,Fluconazole 150mg,150mg · 90 count,Retail Generic,68.54
7206,Fluconazole 200mg,200mg · 30 count,Retail Generic,22.27
7207,Fluconazole 200mg,200mg · 60 count,Retail Generic,38.53
7208,Fluconazole 200mg,200mg · 90 count,Retail Generic,54.80
7197,Fluconazole 50mg,50mg · 30 count,Retail Generic,11.73
7198,Fluconazole 50mg,50mg · 60 count,Retail Generic,17.47
7199,Fluconazole 50mg,50mg · 90 count,Retail Generic,23.20
7209,Fludrocortisone 0.1mg,0.1mg · 30 count,Retail Generic,17.66
7210,Fludrocortisone 0.1mg,0.1mg · 60 count,Retail Generic,29.32
7211,Fludrocortisone 0.1mg,0.1mg · 90 count,Retail Generic,40.98
7212,Fluoxetine 10mg,10mg · 30 count,Retail Generic,7.19
7213,Fluoxetine 10mg,10mg · 60 count,Retail Generic,8.37
7214,Fluoxetine 10mg,10mg · 90 count,Retail Generic,9.56
7215,Fluoxetine 20mg,20mg · 30 count,Retail Generic,7.08
7216,Fluoxetine 20mg,20mg · 60 count,Retail Generic,8.16
7217,Fluoxetine 20mg,20mg · 90 count,Retail Generic,9.24
7218,Fluoxetine 40mg,40mg · 30 count,Retail Generic,8.24
7219,Fluoxetine 40mg,40mg · 60 count,Retail Generic,10.47
7220,Fluoxetine 40mg,40mg · 90 count,Retail Generic,12.71
7221,Fluoxetine 60mg,60mg · 30 count,Retail Generic,20.22
7222,Fluoxetine 60mg,60mg · 60 count,Retail Generic,34.44
7223,Fluoxetine 60mg,60mg · 90 count,Retail Generic,48.66
7233,Fluphenazine 10mg,10mg · 30 count,Retail Generic,22.58
7234,Fluphenazine 10mg,10mg · 60 count,Retail Generic,39.17
7235,Fluphenazine 10mg,10mg · 90 count,Retail Generic,55.75
7224,Fluphenazine 1mg,1mg · 30 count,Retail Generic,16.45
7225,Fluphenazine 1mg,1mg · 60 count,Retail Generic,26.91
7226,Fluphenazine 1mg,1mg · 90 count,Retail Generic,37.36
7227,Fluphenazine 2.5mg,2.5mg · 30 count,Retail Generic,23.58
7228,Fluphenazine 2.5mg,2.5mg · 60 count,Retail Generic,41.17
7229,Fluphenazine 2.5mg,2.5mg · 90 count,Retail Generic,58.75
7230,Fluphenazine 5mg,5mg · 30 count,Retail Generic,19.41
7231,Fluphenazine 5mg,5mg · 60 count,Retail Generic,32.82
7232,Fluphenazine 5mg,5mg · 90 count,Retail Generic,46.23
7236,Flurbiprofen 100mg,100mg · 30 count,Retail Generic,123.95
7237,Fluvastatin 20mg,20mg · 30 count,Retail Generic,117.11
7238,Fluvastatin 40mg,40mg · 30 count,Retail Generic,110.87
7239,Fluvastatin ER 80mg,80mg · 30 count,Retail Generic,97.02
7240,Fluvastatin ER 80mg,80mg · 60 count,Retail Generic,188.05
7247,Fluvoxamine 100mg,100mg · 30 count,Retail Generic,15.76
7248,Fluvoxamine 100mg,100mg · 60 count,Retail Generic,25.52
7249,Fluvoxamine 100mg,100mg · 90 count,Retail Generic,35.27
7241,Fluvoxamine 25mg,25mg · 30 count,Retail Generic,13.35
7242,Fluvoxamine 25mg,25mg · 60 count,Retail Generic,20.70
7243,Fluvoxamine 25mg,25mg · 90 count,Retail Generic,28.05
7244,Fluvoxamine 50mg,50mg · 30 count,Retail Generic,14.35
7245,Fluvoxamine 50mg,50mg · 60 count,Retail Generic,22.69
7246,Fluvoxamine 50mg,50mg · 90 count,Retail Generic,31.04
7250,Fluvoxamine ER 100mg,100mg · 30 count,Retail Generic,183.53
7251,Fluvoxamine ER 150mg,150mg · 30 count,Retail Generic,187.90
7252,Folic Acid 1mg,1mg · 30 count,Retail Generic,6.83
7253,Folic Acid 1mg,1mg · 60 count,Retail Generic,7.66
7254,Folic Acid 1mg,1mg · 90 count,Retail Generic,8.49
7255,Fosinopril 10mg,10mg · 30 count,Retail Generic,12.22
7256,Fosinopril 10mg,10mg · 60 count,Retail Generic,18.45
7257,Fosinopril 10mg,10mg · 90 count,Retail Generic,24.67
7258,Fosinopril 20mg,20mg · 30 count,Retail Generic,11.95
7259,Fosinopril 20mg,20mg · 60 count,Retail Generic,17.89
7260,Fosinopril 20mg,20mg · 90 count,Retail Generic,23.84
7261,Fosinopril 40mg,40mg · 30 count,Retail Generic,13.80
7262,Fosinopril 40mg,40mg · 60 count,Retail Generic,21.60
7263,Fosinopril 40mg,40mg · 90 count,Retail Generic,29.40
7264,Fosinopril-Hydrochlorothiazide 10-12.5mg,10-12.5mg · 30 count,Retail Generic,19.75
7265,Fosinopril-Hydrochlorothiazide 10-12.5mg,10-12.5mg · 60 count,Retail Generic,33.50
7266,Fosinopril-Hydrochlorothiazide 10-12.5mg,10-12.5mg · 90 count,Retail Generic,47.25
7267,Fosinopril-Hydrochlorothiazide 20-12.5mg,20-12.5mg · 30 count,Retail Generic,26.24
7268,Fosinopril-Hydrochlorothiazide 20-12.5mg,20-12.5mg · 60 count,Retail Generic,46.49
7269,Fosinopril-Hydrochlorothiazide 20-12.5mg,20-12.5mg · 90 count,Retail Generic,66.73
7270,Frovatriptan 2.5mg,2.5mg · 30 count,Retail Generic,131.88
7271,Furosemide 20mg,20mg · 30 count,Retail Generic,7.01
7272,Furosemide 20mg,20mg · 60 count,Retail Generic,8.02
7273,Furosemide 20mg,20mg · 90 count,Retail Generic,9.03
7274,Furosemide 40mg,40mg · 30 count,Retail Generic,7.17
7275,Furosemide 40mg,40mg · 60 count,Retail Generic,8.35
7276,Furosemide 40mg,40mg · 90 count,Retail Generic,9.52
7277,Furosemide 80mg,80mg · 30 count,Retail Generic,7.84
7278,Furosemide 80mg,80mg · 60 count,Retail Generic,9.68
7279,Furosemide 80mg,80mg · 90 count,Retail Generic,11.52
7289,Gabapentin 100mg,100mg · 30 count,Retail Generic,6.76
7290,Gabapentin 100mg,100mg · 60 count,Retail Generic,7.53
7291,Gabapentin 100mg,100mg · 90 count,Retail Generic,8.29
7292,Gabapentin 300mg,300mg · 30 count,Retail Generic,7.22
7293,Gabapentin 300mg,300mg · 60 count,Retail Generic,8.45
7294,Gabapentin 300mg,300mg · 90 count,Retail Generic,9.67
7295,Gabapentin 400mg,400mg · 30 count,Retail Generic,7.50
7296,Gabapentin 400mg,400mg · 60 count,Retail Generic,9.00
7297,Gabapentin 400mg,400mg · 90 count,Retail Generic,10.50
7298,Gabapentin 600mg,600mg · 30 count,Retail Generic,8.47
7299,Gabapentin 600mg,600mg · 60 count,Retail Generic,10.95
7300,Gabapentin 600mg,600mg · 90 count,Retail Generic,13.42
7301,Gabapentin 800mg,800mg · 30 count,Retail Generic,9.60
7302,Gabapentin 800mg,800mg · 60 count,Retail Generic,13.20
7303,Gabapentin 800mg,800mg · 90 count,Retail Generic,16.80
7304,Gabapentin ER 300mg,300mg · 30 count,Retail Generic,58.91
7305,Gabapentin ER 300mg,300mg · 60 count,Retail Generic,111.83
7306,Gabapentin ER 300mg,300mg · 90 count,Retail Generic,164.74
7307,Gabapentin ER 600mg,600mg · 30 count,Retail Generic,60.78
7308,Gabapentin ER 600mg,600mg · 60 count,Retail Generic,115.56
7309,Gabapentin ER 600mg,600mg · 90 count,Retail Generic,170.35
7316,Galantamine 12mg,12mg · 30 count,Retail Generic,26.64
7317,Galantamine 12mg,12mg · 60 count,Retail Generic,47.28
7318,Galantamine 12mg,12mg · 90 count,Retail Generic,67.92
7310,Galantamine 4mg,4mg · 30 count,Retail Generic,17.81
7311,Galantamine 4mg,4mg · 60 count,Retail Generic,29.62
7312,Galantamine 4mg,4mg · 90 count,Retail Generic,41.43
7313,Galantamine 8mg,8mg · 30 count,Retail Generic,19.85
7314,Galantamine 8mg,8mg · 60 count,Retail Generic,33.70
7315,Galantamine 8mg,8mg · 90 count,Retail Generic,47.56
7322,Galantamine ER 16mg,16mg · 30 count,Retail Generic,39.71
7323,Galantamine ER 16mg,16mg · 60 count,Retail Generic,73.43
7324,Galantamine ER 16mg,16mg · 90 count,Retail Generic,107.14
7325,Galantamine ER 24mg,24mg · 30 count,Retail Generic,45.85
7326,Galantamine ER 24mg,24mg · 60 count,Retail Generic,85.69
7327,Galantamine ER 24mg,24mg · 90 count,Retail Generic,125.54
7319,Galantamine ER 8mg,8mg · 30 count,Retail Generic,37.96
7320,Galantamine ER 8mg,8mg · 60 count,Retail Generic,69.93
7321,Galantamine ER 8mg,8mg · 90 count,Retail Generic,101.89
7328,Gallifrey 5mg,5mg · 30 count,Retail Generic,16.87
7329,Gallifrey 5mg,5mg · 60 count,Retail Generic,27.74
7330,Gallifrey 5mg,5mg · 90 count,Retail Generic,38.61
7331,Gemfibrozil 600mg,600mg · 30 count,Retail Generic,9.76
7332,Gemfibrozil 600mg,600mg · 60 count,Retail Generic,13.51
7333,Gemfibrozil 600mg,600mg · 90 count,Retail Generic,17.27
7334,Glimepiride 1mg,1mg · 30 count,Retail Generic,6.90
7335,Glimepiride 1mg,1mg · 60 count,Retail Generic,7.79
7336,Glimepiride 1mg,1mg · 90 count,Retail Generic,8.69
7337,Glimepiride 2mg,2mg · 30 count,Retail Generic,7.09
7338,Glimepiride 2mg,2mg · 60 count,Retail Generic,8.18
7339,Glimepiride 2mg,2mg · 90 count,Retail Generic,9.27
7340,Glimepiride 4mg,4mg · 30 count,Retail Generic,7.35
7341,Glimepiride 4mg,4mg · 60 count,Retail Generic,8.70
7342,Glimepiride 4mg,4mg · 90 count,Retail Generic,10.05
7346,Glipizide 10mg,10mg · 30 count,Retail Generic,7.71
7347,Glipizide 10mg,10mg · 60 count,Retail Generic,9.43
7348,Glipizide 10mg,10mg · 90 count,Retail Generic,11.14
7343,Glipizide 5mg,5mg · 30 count,Retail Generic,7.30
7344,Glipizide 5mg,5mg · 60 count,Retail Generic,8.59
7345,Glipizide 5mg,5mg · 90 count,Retail Generic,9.89
7355,Glipizide ER 10mg,10mg · 30 count,Retail Generic,10.73
7356,Glipizide ER 10mg,10mg · 60 count,Retail Generic,15.46
7357,Glipizide ER 10mg,10mg · 90 count,Retail Generic,20.19
7349,Glipizide ER 2.5mg,2.5mg · 30 count,Retail Generic,9.88
7350,Glipizide ER 2.5mg,2.5mg · 60 count,Retail Generic,13.75
7351,Glipizide ER 2.5mg,2.5mg · 90 count,Retail Generic,17.63
7352,Glipizide ER 5mg,5mg · 30 count,Retail Generic,8.82
7353,Glipizide ER 5mg,5mg · 60 count,Retail Generic,11.63
7354,Glipizide ER 5mg,5mg · 90 count,Retail Generic,14.45
7358,Glipizide-Metformin 2.5-250mg,2.5-250mg · 30 count,Retail Generic,12.38
7359,Glipizide-Metformin 2.5-250mg,2.5-250mg · 60 count,Retail Generic,18.76
7360,Glipizide-Metformin 2.5-250mg,2.5-250mg · 90 count,Retail Generic,25.15
7361,Glipizide-Metformin 2.5-500mg,2.5-500mg · 30 count,Retail Generic,17.06
7362,Glipizide-Metformin 2.5-500mg,2.5-500mg · 60 count,Retail Generic,28.11
7363,Glipizide-Metformin 2.5-500mg,2.5-500mg · 90 count,Retail Generic,39.17
7364,Glipizide-Metformin 5-500mg,5-500mg · 30 count,Retail Generic,13.95
7365,Glipizide-Metformin 5-500mg,5-500mg · 60 count,Retail Generic,21.90
7366,Glipizide-Metformin 5-500mg,5-500mg · 90 count,Retail Generic,29.85
7367,Glyburide 1.25mg,1.25mg · 30 count,Retail Generic,8.68
7368,Glyburide 1.25mg,1.25mg · 60 count,Retail Generic,11.35
7369,Glyburide 1.25mg,1.25mg · 90 count,Retail Generic,14.03
7370,Glyburide 2.5mg,2.5mg · 30 count,Retail Generic,9.00
7371,Glyburide 2.5mg,2.5mg · 60 count,Retail Generic,12.00
7372,Glyburide 2.5mg,2.5mg · 90 count,Retail Generic,15.00
7373,Glyburide 5mg,5mg · 30 count,Retail Generic,7.92
7374,Glyburide 5mg,5mg · 60 count,Retail Generic,9.84
7375,Glyburide 5mg,5mg · 90 count,Retail Generic,11.76
7382,Glyburide Micro 3mg,3mg · 30 count,Retail Generic,10.50
7383,Glyburide Micro 3mg,3mg · 60 count,Retail Generic,15.00
7384,Glyburide Micro 3mg,3mg · 90 count,Retail Generic,19.50
7385,Glyburide Micro 6mg,6mg · 30 count,Retail Generic,14.30
7386,Glyburide Micro 6mg,6mg · 60 count,Retail Generic,22.60
7387,Glyburide Micro 6mg,6mg · 90 count,Retail Generic,30.90
7376,Glyburide-Metformin 2.5-500mg,2.5-500mg · 30 count,Retail Generic,12.87
7377,Glyburide-Metformin 2.5-500mg,2.5-500mg · 60 count,Retail Generic,19.74
7378,Glyburide-Metformin 2.5-500mg,2.5-500mg · 90 count,Retail Generic,26.62
7379,Glyburide-Metformin 5-500mg,5-500mg · 30 count,Retail Generic,13.25
7380,Glyburide-Metformin 5-500mg,5-500mg · 60 count,Retail Generic,20.49
7381,Glyburide-Metformin 5-500mg,5-500mg · 90 count,Retail Generic,27.74
7388,Glycopyrrolate 1mg,1mg · 30 count,Retail Generic,9.97
7389,Glycopyrrolate 1mg,1mg · 60 count,Retail Generic,13.95
7390,Glycopyrrolate 1mg,1mg · 90 count,Retail Generic,17.92
7391,Glycopyrrolate 2mg,2mg · 30 count,Retail Generic,14.49
7392,Glycopyrrolate 2mg,2mg · 60 count,Retail Generic,22.99
7393,Glycopyrrolate 2mg,2mg · 90 count,Retail Generic,31.48
7394,Granisetron 1mg,1mg · 30 count,Retail Generic,49.62
7395,Granisetron 1mg,1mg · 60 count,Retail Generic,93.24
7396,Granisetron 1mg,1mg · 90 count,Retail Generic,136.86
7397,Griseofulvin Ultra 125mg,125mg · 30 count,Retail Generic,125.74
7398,Griseofulvin Ultra 250mg,250mg · 30 count,Retail Generic,138.16
7399,Guanfacine 1mg,1mg · 30 count,Retail Generic,12.08
7400,Guanfacine 1mg,1mg · 60 count,Retail Generic,18.17
7401,Guanfacine 1mg,1mg · 90 count,Retail Generic,24.25
7402,Guanfacine 2mg,2mg · 30 count,Retail Generic,15.93
7403,Guanfacine 2mg,2mg · 60 count,Retail Generic,25.85
7404,Guanfacine 2mg,2mg · 90 count,Retail Generic,35.78
7405,Guanfacine ER 1mg,1mg · 30 count,Retail Generic,12.31
7406,Guanfacine ER 1mg,1mg · 60 count,Retail Generic,18.62
7407,Guanfacine ER 1mg,1mg · 90 count,Retail Generic,24.93
7408,Guanfacine ER 2mg,2mg · 30 count,Retail Generic,13.80
7409,Guanfacine ER 2mg,2mg · 60 count,Retail Generic,21.60
7410,Guanfacine ER 2mg,2mg · 90 count,Retail Generic,29.40
7411,Guanfacine ER 3mg,3mg · 30 count,Retail Generic,13.15
7412,Guanfacine ER 3mg,3mg · 60 count,Retail Generic,20.29
7413,Guanfacine ER 3mg,3mg · 90 count,Retail Generic,27.44
7414,Guanfacine ER 4mg,4mg · 30 count,Retail Generic,13.29
7415,Guanfacine ER 4mg,4mg · 60 count,Retail Generic,20.57
7416,Guanfacine ER 4mg,4mg · 90 count,Retail Generic,27.86
7421,Haloperidol 0.5mg,0.5mg · 30 count,Retail Generic,10.06
7422,Haloperidol 0.5mg,0.5mg · 60 count,Retail Generic,14.13
7423,Haloperidol 0.5mg,0.5mg · 90 count,Retail Generic,18.19
7433,Haloperidol 10mg,10mg · 30 count,Retail Generic,14.55
7434,Haloperidol 10mg,10mg · 60 count,Retail Generic,23.10
7435,Haloperidol 10mg,10mg · 90 count,Retail Generic,31.64
7424,Haloperidol 1mg,1mg · 30 count,Retail Generic,12.63
7425,Haloperidol 1mg,1mg · 60 count,Retail Generic,19.26
7426,Haloperidol 1mg,1mg · 90 count,Retail Generic,25.89
7436,Haloperidol 20mg,20mg · 30 count,Retail Generic,17.09
7437,Haloperidol 20mg,20mg · 60 count,Retail Generic,28.18
7438,Haloperidol 20mg,20mg · 90 count,Retail Generic,39.28
7427,Haloperidol 2mg,2mg · 30 count,Retail Generic,12.15
7428,Haloperidol 2mg,2mg · 60 count,Retail Generic,18.30
7429,Haloperidol 2mg,2mg · 90 count,Retail Generic,24.44
7430,Haloperidol 5mg,5mg · 30 count,Retail Generic,12.86
7431,Haloperidol 5mg,5mg · 60 count,Retail Generic,19.72
7432,Haloperidol 5mg,5mg · 90 count,Retail Generic,26.58
7439,Heather 0.35mg,0.35mg · 30 count,Retail Generic,9.06
7440,Heather 0.35mg,0.35mg · 60 count,Retail Generic,12.11
7441,Heather 0.35mg,0.35mg · 90 count,Retail Generic,15.17
7451,Hydralazine 100mg,100mg · 30 count,Retail Generic,8.77
7452,Hydralazine 100mg,100mg · 60 count,Retail Generic,11.54
7453,Hydralazine 100mg,100mg · 90 count,Retail Generic,14.30
7442,Hydralazine 10mg,10mg · 30 count,Retail Generic,7.07
7443,Hydralazine 10mg,10mg · 60 count,Retail Generic,8.15
7444,Hydralazine 10mg,10mg · 90 count,Retail Generic,9.22
7445,Hydralazine 25mg,25mg · 30 count,Retail Generic,7.35
7446,Hydralazine 25mg,25mg · 60 count,Retail Generic,8.70
7447,Hydralazine 25mg,25mg · 90 count,Retail Generic,10.05
7448,Hydralazine 50mg,50mg · 30 count,Retail Generic,7.71
7449,Hydralazine 50mg,50mg · 60 count,Retail Generic,9.42
7450,Hydralazine 50mg,50mg · 90 count,Retail Generic,11.13
7454,Hydrochlorothiazide 12.5mg,12.5mg · 30 count,Retail Generic,7.45
7455,Hydrochlorothiazide 12.5mg,12.5mg · 60 count,Retail Generic,8.90
7456,Hydrochlorothiazide 12.5mg,12.5mg · 90 count,Retail Generic,10.35
7457,Hydrochlorothiazide 25mg,25mg · 30 count,Retail Generic,6.45
7458,Hydrochlorothiazide 25mg,25mg · 60 count,Retail Generic,6.89
7459,Hydrochlorothiazide 25mg,25mg · 90 count,Retail Generic,7.34
7460,Hydrochlorothiazide 50mg,50mg · 30 count,Retail Generic,7.20
7461,Hydrochlorothiazide 50mg,50mg · 60 count,Retail Generic,8.39
7462,Hydrochlorothiazide 50mg,50mg · 90 count,Retail Generic,9.59
7466,Hydrocortisone 10mg,10mg · 30 count,Retail Generic,13.73
7467,Hydrocortisone 10mg,10mg · 60 count,Retail Generic,21.45
7468,Hydrocortisone 10mg,10mg · 90 count,Retail Generic,29.18
7469,Hydrocortisone 20mg,20mg · 30 count,Retail Generic,18.35
7470,Hydrocortisone 20mg,20mg · 60 count,Retail Generic,30.70
7471,Hydrocortisone 20mg,20mg · 90 count,Retail Generic,43.05
7463,Hydrocortisone 5mg,5mg · 30 count,Retail Generic,11.23
7464,Hydrocortisone 5mg,5mg · 60 count,Retail Generic,16.47
7465,Hydrocortisone 5mg,5mg · 90 count,Retail Generic,21.70
7472,Hydroxychloroquine 100mg,100mg · 30 count,Retail Generic,13.31
7473,Hydroxychloroquine 100mg,100mg · 60 count,Retail Generic,20.63
7474,Hydroxychloroquine 100mg,100mg · 90 count,Retail Generic,27.94
7475,Hydroxychloroquine 200mg,200mg · 30 count,Retail Generic,11.79
7476,Hydroxychloroquine 200mg,200mg · 60 count,Retail Generic,17.57
7477,Hydroxychloroquine 200mg,200mg · 90 count,Retail Generic,23.36
7478,Hydroxychloroquine 300mg,300mg · 30 count,Retail Generic,25.49
7479,Hydroxychloroquine 300mg,300mg · 60 count,Retail Generic,44.99
7480,Hydroxychloroquine 300mg,300mg · 90 count,Retail Generic,64.48
7481,Hydroxychloroquine 400mg,400mg · 30 count,Retail Generic,30.80
7482,Hydroxychloroquine 400mg,400mg · 60 count,Retail Generic,55.60
7483,Hydroxychloroquine 400mg,400mg · 90 count,Retail Generic,80.39
7484,Hydroxyurea 500mg,500mg · 30 count,Retail Generic,13.30
7485,Hydroxyurea 500mg,500mg · 60 count,Retail Generic,20.59
7486,Hydroxyurea 500mg,500mg · 90 count,Retail Generic,27.89
7487,Hydroxyzine 10mg,10mg · 30 count,Retail Generic,7.17
7488,Hydroxyzine 10mg,10mg · 60 count,Retail Generic,8.35
7489,Hydroxyzine 10mg,10mg · 90 count,Retail Generic,9.52
7490,Hydroxyzine 25mg,25mg · 30 count,Retail Generic,7.26
7491,Hydroxyzine 25mg,25mg · 60 count,Retail Generic,8.52
7492,Hydroxyzine 25mg,25mg · 90 count,Retail Generic,9.78
7493,Hydroxyzine 50mg,50mg · 30 count,Retail Generic,8.38
7494,Hydroxyzine 50mg,50mg · 60 count,Retail Generic,10.75
7495,Hydroxyzine 50mg,50mg · 90 count,Retail Generic,13.13
7502,Hydroxyzine Pam 100mg,100mg · 30 count,Retail Generic,20.88
7503,Hydroxyzine Pam 100mg,100mg · 60 count,Retail Generic,35.76
7504,Hydroxyzine Pam 100mg,100mg · 90 count,Retail Generic,50.64
7496,Hydroxyzine Pam 25mg,25mg · 30 count,Retail Generic,8.31
7497,Hydroxyzine Pam 25mg,25mg · 60 count,Retail Generic,10.63
7498,Hydroxyzine Pam 25mg,25mg · 90 count,Retail Generic,12.94
7499,Hydroxyzine Pam 50mg,50mg · 30 count,Retail Generic,9.00
7500,Hydroxyzine Pam 50mg,50mg · 60 count,Retail Generic,12.00
7501,Hydroxyzine Pam 50mg,50mg · 90 count,Retail Generic,14.99
7505,Hyoscyamine 0.125mg,0.125mg · 30 count,Retail Generic,13.02
7506,Hyoscyamine 0.125mg,0.125mg · 60 count,Retail Generic,20.05
7507,Hyoscyamine 0.125mg,0.125mg · 90 count,Retail Generic,27.07
7508,Hyoscyamine ER 0.375mg,0.375mg · 30 count,Retail Generic,26.70
7509,Hyoscyamine ER 0.375mg,0.375mg · 60 count,Retail Generic,47.41
7510,Hyoscyamine ER 0.375mg,0.375mg · 90 count,Retail Generic,68.11
7511,Ibandronate 150mg,150mg · 30 count,Retail Generic,112.24
7512,Ibu 400mg,400mg · 30 count,Retail Generic,7.47
7513,Ibu 400mg,400mg · 60 count,Retail Generic,8.94
7514,Ibu 400mg,400mg · 90 count,Retail Generic,10.41
7515,Ibu 600mg,600mg · 30 count,Retail Generic,7.66
7516,Ibu 600mg,600mg · 60 count,Retail Generic,9.31
7517,Ibu 600mg,600mg · 90 count,Retail Generic,10.97
7518,Ibu 800mg,800mg · 30 count,Retail Generic,8.02
7519,Ibu 800mg,800mg · 60 count,Retail Generic,10.04
7520,Ibu 800mg,800mg · 90 count,Retail Generic,12.07
7521,Ibuprofen 400mg,400mg · 30 count,Retail Generic,7.47
7522,Ibuprofen 400mg,400mg · 60 count,Retail Generic,8.94
7523,Ibuprofen 400mg,400mg · 90 count,Retail Generic,10.41
7524,Ibuprofen 600mg,600mg · 30 count,Retail Generic,7.66
7525,Ibuprofen 600mg,600mg · 60 count,Retail Generic,9.31
7526,Ibuprofen 600mg,600mg · 90 count,Retail Generic,10.97
7527,Ibuprofen 800mg,800mg · 30 count,Retail Generic,8.02
7528,Ibuprofen 800mg,800mg · 60 count,Retail Generic,10.04
7529,Ibuprofen 800mg,800mg · 90 count,Retail Generic,12.07
7530,Ibuprofen-Famotidin 800-26.6mg,800-26.6mg · 30 count,Retail Generic,30.64
7531,Ibuprofen-Famotidin 800-26.6mg,800-26.6mg · 60 count,Retail Generic,55.29
7532,Ibuprofen-Famotidin 800-26.6mg,800-26.6mg · 90 count,Retail Generic,79.93
7533,Icosapent Ethyl 0.5gm,0.5gm · 30 count,Retail Generic,20.64
7534,Icosapent Ethyl 0.5gm,0.5gm · 60 count,Retail Generic,35.28
7535,Icosapent Ethyl 0.5gm,0.5gm · 90 count,Retail Generic,49.92
7536,Icosapent Ethyl 500mg,500mg · 30 count,Retail Generic,20.64
7537,Icosapent Ethyl 500mg,500mg · 60 count,Retail Generic,35.28
7538,Icosapent Ethyl 500mg,500mg · 90 count,Retail Generic,49.92
7539,Imatinib 100mg,100mg · 30 count,Retail Generic,37.45
7540,Imatinib 100mg,100mg · 60 count,Retail Generic,68.90
7541,Imatinib 100mg,100mg · 90 count,Retail Generic,100.34
7542,Imatinib 400mg,400mg · 30 count,Retail Generic,42.36
7543,Imatinib 400mg,400mg · 60 count,Retail Generic,78.72
7544,Imatinib 400mg,400mg · 90 count,Retail Generic,115.08
7545,Imipramine 10mg,10mg · 30 count,Retail Generic,8.34
7546,Imipramine 10mg,10mg · 60 count,Retail Generic,10.69
7547,Imipramine 10mg,10mg · 90 count,Retail Generic,13.03
7548,Imipramine 25mg,25mg · 30 count,Retail Generic,9.14
7549,Imipramine 25mg,25mg · 60 count,Retail Generic,12.28
7550,Imipramine 25mg,25mg · 90 count,Retail Generic,15.42
7551,Imipramine 50mg,50mg · 30 count,Retail Generic,11.41
7552,Imipramine 50mg,50mg · 60 count,Retail Generic,16.82
7553,Imipramine 50mg,50mg · 90 count,Retail Generic,22.22
7555,Imipramine Pamoate 100mg,100mg · 30 count,Retail Generic,138.81
7556,Imipramine Pamoate 150mg,150mg · 30 count,Retail Generic,114.76
7554,Imipramine Pamoate 75mg,75mg · 30 count,Retail Generic,114.24
7557,Incassia 0.35mg,0.35mg · 30 count,Retail Generic,9.06
7558,Incassia 0.35mg,0.35mg · 60 count,Retail Generic,12.11
7559,Incassia 0.35mg,0.35mg · 90 count,Retail Generic,15.17
7560,Indapamide 1.25mg,1.25mg · 30 count,Retail Generic,9.81
7561,Indapamide 1.25mg,1.25mg · 60 count,Retail Generic,13.62
7562,Indapamide 1.25mg,1.25mg · 90 count,Retail Generic,17.43
7563,Indapamide 2.5mg,2.5mg · 30 count,Retail Generic,10.28
7564,Indapamide 2.5mg,2.5mg · 60 count,Retail Generic,14.55
7565,Indapamide 2.5mg,2.5mg · 90 count,Retail Generic,18.83
7566,Indomethacin 25mg,25mg · 30 count,Retail Generic,9.74
7567,Indomethacin 25mg,25mg · 60 count,Retail Generic,13.48
7568,Indomethacin 25mg,25mg · 90 count,Retail Generic,17.22
7569,Indomethacin 50mg,50mg · 30 count,Retail Generic,10.85
7570,Indomethacin 50mg,50mg · 60 count,Retail Generic,15.70
7571,Indomethacin 50mg,50mg · 90 count,Retail Generic,20.54
7572,Indomethacin ER 75mg,75mg · 30 count,Retail Generic,13.09
7573,Indomethacin ER 75mg,75mg · 60 count,Retail Generic,20.17
7574,Indomethacin ER 75mg,75mg · 90 count,Retail Generic,27.26
7578,Irbesartan 150mg,150mg · 30 count,Retail Generic,10.17
7579,Irbesartan 150mg,150mg · 60 count,Retail Generic,14.34
7580,Irbesartan 150mg,150mg · 90 count,Retail Generic,18.51
7581,Irbesartan 300mg,300mg · 30 count,Retail Generic,11.43
7582,Irbesartan 300mg,300mg · 60 count,Retail Generic,16.86
7583,Irbesartan 300mg,300mg · 90 count,Retail Generic,22.29
7575,Irbesartan 75mg,75mg · 30 count,Retail Generic,9.27
7576,Irbesartan 75mg,75mg · 60 count,Retail Generic,12.55
7577,Irbesartan 75mg,75mg · 90 count,Retail Generic,15.82
7584,Irbesartan-Hydrochlorothiazide 150-12.5mg,150-12.5mg · 30 count,Retail Generic,12.03
7585,Irbesartan-Hydrochlorothiazide 150-12.5mg,150-12.5mg · 60 count,Retail Generic,18.05
7586,Irbesartan-Hydrochlorothiazide 150-12.5mg,150-12.5mg · 90 count,Retail Generic,24.08
7587,Irbesartan-Hydrochlorothiazide 300-12.5mg,300-12.5mg · 30 count,Retail Generic,13.66
7588,Irbesartan-Hydrochlorothiazide 300-12.5mg,300-12.5mg · 60 count,Retail Generic,21.33
7589,Irbesartan-Hydrochlorothiazide 300-12.5mg,300-12.5mg · 90 count,Retail Generic,28.99
7590,Isoniazid 100mg,100mg · 30 count,Retail Generic,64.02
7591,Isoniazid 100mg,100mg · 60 count,Retail Generic,122.04
7592,Isoniazid 100mg,100mg · 90 count,Retail Generic,180.06
7593,Isoniazid 300mg,300mg · 30 count,Retail Generic,122.26
7597,Isosorbide Dinitrate 10mg,10mg · 30 count,Retail Generic,13.22
7598,Isosorbide Dinitrate 10mg,10mg · 60 count,Retail Generic,20.44
7599,Isosorbide Dinitrate 10mg,10mg · 90 count,Retail Generic,27.66
7600,Isosorbide Dinitrate 20mg,20mg · 30 count,Retail Generic,13.61
7601,Isosorbide Dinitrate 20mg,20mg · 60 count,Retail Generic,21.22
7602,Isosorbide Dinitrate 20mg,20mg · 90 count,Retail Generic,28.83
7603,Isosorbide Dinitrate 30mg,30mg · 30 count,Retail Generic,16.54
7604,Isosorbide Dinitrate 30mg,30mg · 60 count,Retail Generic,27.08
7605,Isosorbide Dinitrate 30mg,30mg · 90 count,Retail Generic,37.62
7594,Isosorbide Dinitrate 5mg,5mg · 30 count,Retail Generic,13.41
7595,Isosorbide Dinitrate 5mg,5mg · 60 count,Retail Generic,20.83
7596,Isosorbide Dinitrate 5mg,5mg · 90 count,Retail Generic,28.24
7609,Isosorbide Mononit 10mg,10mg · 30 count,Retail Generic,110.09
7610,Isosorbide Mononit 20mg,20mg · 30 count,Retail Generic,127.88
7617,Isosorbide Mononit ER 120mg,120mg · 30 count,Retail Generic,12.60
7618,Isosorbide Mononit ER 120mg,120mg · 60 count,Retail Generic,19.20
7619,Isosorbide Mononit ER 120mg,120mg · 90 count,Retail Generic,25.80
7611,Isosorbide Mononit ER 30mg,30mg · 30 count,Retail Generic,8.50
7612,Isosorbide Mononit ER 30mg,30mg · 60 count,Retail Generic,11.01
7613,Isosorbide Mononit ER 30mg,30mg · 90 count,Retail Generic,13.51
7614,Isosorbide Mononit ER 60mg,60mg · 30 count,Retail Generic,9.51
7615,Isosorbide Mononit ER 60mg,60mg · 60 count,Retail Generic,13.02
7616,Isosorbide Mononit ER 60mg,60mg · 90 count,Retail Generic,16.53
7606,Isosorbide-Hydralazine 20-37.5mg,20-37.5mg · 30 count,Retail Generic,32.28
7607,Isosorbide-Hydralazine 20-37.5mg,20-37.5mg · 60 count,Retail Generic,58.55
7608,Isosorbide-Hydralazine 20-37.5mg,20-37.5mg · 90 count,Retail Generic,84.83
7620,Isotretinoin 10mg,10mg · 30 count,Retail Generic,72.05
7621,Isotretinoin 10mg,10mg · 60 count,Retail Generic,138.09
7622,Isotretinoin 20mg,20mg · 30 count,Retail Generic,76.69
7623,Isotretinoin 20mg,20mg · 60 count,Retail Generic,147.38
7624,Isotretinoin 30mg,30mg · 30 count,Retail Generic,79.22
7625,Isotretinoin 30mg,30mg · 60 count,Retail Generic,152.44
7626,Isotretinoin 40mg,40mg · 30 count,Retail Generic,85.54
7627,Isotretinoin 40mg,40mg · 60 count,Retail Generic,165.08
7628,Isradipine 2.5mg,2.5mg · 30 count,Retail Generic,71.05
7629,Isradipine 2.5mg,2.5mg · 60 count,Retail Generic,136.10
7630,Isradipine 5mg,5mg · 30 count,Retail Generic,82.77
7631,Isradipine 5mg,5mg · 60 count,Retail Generic,159.53
7632,Itraconazole 100mg,100mg · 30 count,Retail Generic,37.67
7633,Itraconazole 100mg,100mg · 60 count,Retail Generic,69.34
7634,Itraconazole 100mg,100mg · 90 count,Retail Generic,101.01
7635,Ivabradine 5mg,5mg · 30 count,Retail Generic,87.77
7636,Ivabradine 5mg,5mg · 60 count,Retail Generic,169.55
7637,Ivabradine 7.5mg,7.5mg · 30 count,Retail Generic,80.74
7638,Ivabradine 7.5mg,7.5mg · 60 count,Retail Generic,155.48
7639,Ivermectin 3mg,3mg · 30 count,Retail Generic,116.23
7664,Jantoven 10mg,10mg · 30 count,Retail Generic,9.82
7665,Jantoven 10mg,10mg · 60 count,Retail Generic,13.64
7666,Jantoven 10mg,10mg · 90 count,Retail Generic,17.46
7640,Jantoven 1mg,1mg · 30 count,Retail Generic,8.90
7641,Jantoven 1mg,1mg · 60 count,Retail Generic,11.80
7642,Jantoven 1mg,1mg · 90 count,Retail Generic,14.70
7646,Jantoven 2.5mg,2.5mg · 30 count,Retail Generic,8.99
7647,Jantoven 2.5mg,2.5mg · 60 count,Retail Generic,11.98
7648,Jantoven 2.5mg,2.5mg · 90 count,Retail Generic,14.96
7643,Jantoven 2mg,2mg · 30 count,Retail Generic,9.01
7644,Jantoven 2mg,2mg · 60 count,Retail Generic,12.01
7645,Jantoven 2mg,2mg · 90 count,Retail Generic,15.02
7649,Jantoven 3mg,3mg · 30 count,Retail Generic,9.20
7650,Jantoven 3mg,3mg · 60 count,Retail Generic,12.41
7651,Jantoven 3mg,3mg · 90 count,Retail Generic,15.61
7652,Jantoven 4mg,4mg · 30 count,Retail Generic,8.81
7653,Jantoven 4mg,4mg · 60 count,Retail Generic,11.63
7654,Jantoven 4mg,4mg · 90 count,Retail Generic,14.44
7655,Jantoven 5mg,5mg · 30 count,Retail Generic,9.19
7656,Jantoven 5mg,5mg · 60 count,Retail Generic,12.39
7657,Jantoven 5mg,5mg · 90 count,Retail Generic,15.58
7658,Jantoven 6mg,6mg · 30 count,Retail Generic,9.79
7659,Jantoven 6mg,6mg · 60 count,Retail Generic,13.58
7660,Jantoven 6mg,6mg · 90 count,Retail Generic,17.37
7661,Jantoven 7.5mg,7.5mg · 30 count,Retail Generic,9.69
7662,Jantoven 7.5mg,7.5mg · 60 count,Retail Generic,13.39
7663,Jantoven 7.5mg,7.5mg · 90 count,Retail Generic,17.08
7667,Jencycla 0.35mg,0.35mg · 30 count,Retail Generic,9.06
7668,Jencycla 0.35mg,0.35mg · 60 count,Retail Generic,12.11
7669,Jencycla 0.35mg,0.35mg · 90 count,Retail Generic,15.17
7670,Ketoconazole 200mg,200mg · 30 count,Retail Generic,30.73
7671,Ketoconazole 200mg,200mg · 60 count,Retail Generic,55.45
7672,Ketoconazole 200mg,200mg · 90 count,Retail Generic,80.18
7673,Ketorolac 10mg,10mg · 30 count,Retail Generic,11.29
7674,Ketorolac 10mg,10mg · 60 count,Retail Generic,16.59
7675,Ketorolac 10mg,10mg · 90 count,Retail Generic,21.88
7676,Labetalol 100mg,100mg · 30 count,Retail Generic,9.04
7677,Labetalol 100mg,100mg · 60 count,Retail Generic,12.07
7678,Labetalol 100mg,100mg · 90 count,Retail Generic,15.11
7679,Labetalol 200mg,200mg · 30 count,Retail Generic,11.19
7680,Labetalol 200mg,200mg · 60 count,Retail Generic,16.38
7681,Labetalol 200mg,200mg · 90 count,Retail Generic,21.56
7682,Labetalol 300mg,300mg · 30 count,Retail Generic,13.52
7683,Labetalol 300mg,300mg · 60 count,Retail Generic,21.04
7684,Labetalol 300mg,300mg · 90 count,Retail Generic,28.56
7685,Labetalol 400mg,400mg · 30 count,Retail Generic,58.62
7686,Labetalol 400mg,400mg · 60 count,Retail Generic,111.25
7687,Labetalol 400mg,400mg · 90 count,Retail Generic,163.87
7688,Lamivudine 150mg,150mg · 30 count,Retail Generic,21.40
7689,Lamivudine 150mg,150mg · 60 count,Retail Generic,36.81
7690,Lamivudine 150mg,150mg · 90 count,Retail Generic,52.21
7691,Lamivudine 300mg,300mg · 30 count,Retail Generic,53.44
7692,Lamivudine 300mg,300mg · 60 count,Retail Generic,100.89
7693,Lamivudine 300mg,300mg · 90 count,Retail Generic,148.33
7697,Lamotrigine 100mg,100mg · 30 count,Retail Generic,7.65
7698,Lamotrigine 100mg,100mg · 60 count,Retail Generic,9.30
7699,Lamotrigine 100mg,100mg · 90 count,Retail Generic,10.95
7700,Lamotrigine 150mg,150mg · 30 count,Retail Generic,8.39
7701,Lamotrigine 150mg,150mg · 60 count,Retail Generic,10.77
7702,Lamotrigine 150mg,150mg · 90 count,Retail Generic,13.16
7703,Lamotrigine 200mg,200mg · 30 count,Retail Generic,8.89
7704,Lamotrigine 200mg,200mg · 60 count,Retail Generic,11.78
7705,Lamotrigine 200mg,200mg · 90 count,Retail Generic,14.67
7694,Lamotrigine 25mg,25mg · 30 count,Retail Generic,7.08
7695,Lamotrigine 25mg,25mg · 60 count,Retail Generic,8.17
7696,Lamotrigine 25mg,25mg · 90 count,Retail Generic,9.25
7712,Lamotrigine ER 100mg,100mg · 30 count,Retail Generic,33.11
7713,Lamotrigine ER 100mg,100mg · 60 count,Retail Generic,60.22
7714,Lamotrigine ER 100mg,100mg · 90 count,Retail Generic,87.34
7715,Lamotrigine ER 200mg,200mg · 30 count,Retail Generic,32.57
7716,Lamotrigine ER 200mg,200mg · 60 count,Retail Generic,59.14
7717,Lamotrigine ER 200mg,200mg · 90 count,Retail Generic,85.71
7718,Lamotrigine ER 250mg,250mg · 30 count,Retail Generic,49.71
7719,Lamotrigine ER 250mg,250mg · 60 count,Retail Generic,93.42
7720,Lamotrigine ER 250mg,250mg · 90 count,Retail Generic,137.13
7706,Lamotrigine ER 25mg,25mg · 30 count,Retail Generic,18.86
7707,Lamotrigine ER 25mg,25mg · 60 count,Retail Generic,31.72
7708,Lamotrigine ER 25mg,25mg · 90 count,Retail Generic,44.58
7721,Lamotrigine ER 300mg,300mg · 30 count,Retail Generic,58.67
7722,Lamotrigine ER 300mg,300mg · 60 count,Retail Generic,111.34
7723,Lamotrigine ER 300mg,300mg · 90 count,Retail Generic,164.01
7709,Lamotrigine ER 50mg,50mg · 30 count,Retail Generic,30.64
7710,Lamotrigine ER 50mg,50mg · 60 count,Retail Generic,55.29
7711,Lamotrigine ER 50mg,50mg · 90 count,Retail Generic,79.93
7730,Lamotrigine ODT 100mg,100mg · 30 count,Retail Generic,76.39
7731,Lamotrigine ODT 100mg,100mg · 60 count,Retail Generic,146.78
7732,Lamotrigine ODT 200mg,200mg · 30 count,Retail Generic,90.29
7733,Lamotrigine ODT 200mg,200mg · 60 count,Retail Generic,174.58
7724,Lamotrigine ODT 25mg,25mg · 30 count,Retail Generic,65.90
7725,Lamotrigine ODT 25mg,25mg · 60 count,Retail Generic,125.80
7726,Lamotrigine ODT 25mg,25mg · 90 count,Retail Generic,185.70
7727,Lamotrigine ODT 50mg,50mg · 30 count,Retail Generic,60.60
7728,Lamotrigine ODT 50mg,50mg · 60 count,Retail Generic,115.20
7729,Lamotrigine ODT 50mg,50mg · 90 count,Retail Generic,169.80
7734,Lansoprazole DR 15mg,15mg · 30 count,Retail Generic,12.14
7735,Lansoprazole DR 15mg,15mg · 60 count,Retail Generic,18.29
7736,Lansoprazole DR 15mg,15mg · 90 count,Retail Generic,24.43
7737,Lansoprazole DR 30mg,30mg · 30 count,Retail Generic,9.85
7738,Lansoprazole DR 30mg,30mg · 60 count,Retail Generic,13.70
7739,Lansoprazole DR 30mg,30mg · 90 count,Retail Generic,17.55
7740,Leflunomide 10mg,10mg · 30 count,Retail Generic,18.60
7741,Leflunomide 10mg,10mg · 60 count,Retail Generic,31.19
7742,Leflunomide 10mg,10mg · 90 count,Retail Generic,43.79
7743,Leflunomide 20mg,20mg · 30 count,Retail Generic,17.44
7744,Leflunomide 20mg,20mg · 60 count,Retail Generic,28.88
7745,Leflunomide 20mg,20mg · 90 count,Retail Generic,40.33
7746,Letrozole 2.5mg,2.5mg · 30 count,Retail Generic,11.19
7747,Letrozole 2.5mg,2.5mg · 60 count,Retail Generic,16.37
7748,Letrozole 2.5mg,2.5mg · 90 count,Retail Generic,21.56
7752,Leucovorin 10mg,10mg · 30 count,Retail Generic,87.81
7753,Leucovorin 10mg,10mg · 60 count,Retail Generic,169.62
7754,Leucovorin 15mg,15mg · 30 count,Retail Generic,89.25
7755,Leucovorin 15mg,15mg · 60 count,Retail Generic,172.50
7756,Leucovorin 25mg,25mg · 30 count,Retail Generic,119.53
7749,Leucovorin 5mg,5mg · 30 count,Retail Generic,21.57
7750,Leucovorin 5mg,5mg · 60 count,Retail Generic,37.13
7751,Leucovorin 5mg,5mg · 90 count,Retail Generic,52.70
7757,"Levetiracetam 1,000mg","1,000mg · 30 count",Retail Generic,11.99
7758,"Levetiracetam 1,000mg","1,000mg · 60 count",Retail Generic,17.98
7759,"Levetiracetam 1,000mg","1,000mg · 90 count",Retail Generic,23.96
7760,Levetiracetam 250mg,250mg · 30 count,Retail Generic,8.18
7761,Levetiracetam 250mg,250mg · 60 count,Retail Generic,10.36
7762,Levetiracetam 250mg,250mg · 90 count,Retail Generic,12.54
7763,Levetiracetam 500mg,500mg · 30 count,Retail Generic,8.77
7764,Levetiracetam 500mg,500mg · 60 count,Retail Generic,11.53
7765,Levetiracetam 500mg,500mg · 90 count,Retail Generic,14.30
7766,Levetiracetam 750mg,750mg · 30 count,Retail Generic,10.11
7767,Levetiracetam 750mg,750mg · 60 count,Retail Generic,14.22
7768,Levetiracetam 750mg,750mg · 90 count,Retail Generic,18.34
7769,Levetiracetam ER 500mg,500mg · 30 count,Retail Generic,12.82
7770,Levetiracetam ER 500mg,500mg · 60 count,Retail Generic,19.63
7771,Levetiracetam ER 500mg,500mg · 90 count,Retail Generic,26.45
7772,Levetiracetam ER 750mg,750mg · 30 count,Retail Generic,15.13
7773,Levetiracetam ER 750mg,750mg · 60 count,Retail Generic,24.27
7774,Levetiracetam ER 750mg,750mg · 90 count,Retail Generic,33.40
7775,Levocarnitine 330mg,330mg · 30 count,Retail Generic,33.19
7776,Levocarnitine 330mg,330mg · 60 count,Retail Generic,60.38
7777,Levocarnitine 330mg,330mg · 90 count,Retail Generic,87.57
7778,Levocetirizine 5mg,5mg · 30 count,Retail Generic,8.05
7779,Levocetirizine 5mg,5mg · 60 count,Retail Generic,10.09
7780,Levocetirizine 5mg,5mg · 90 count,Retail Generic,12.14
7781,Levofloxacin 250mg,250mg · 30 count,Retail Generic,9.94
7782,Levofloxacin 250mg,250mg · 60 count,Retail Generic,13.87
7783,Levofloxacin 250mg,250mg · 90 count,Retail Generic,17.81
7784,Levofloxacin 500mg,500mg · 30 count,Retail Generic,11.32
7785,Levofloxacin 500mg,500mg · 60 count,Retail Generic,16.63
7786,Levofloxacin 500mg,500mg · 90 count,Retail Generic,21.95
7787,Levofloxacin 750mg,750mg · 30 count,Retail Generic,16.45
7788,Levofloxacin 750mg,750mg · 60 count,Retail Generic,26.90
7789,Levofloxacin 750mg,750mg · 90 count,Retail Generic,37.34
7790,Levonor-Eth Estra 0.09-0.02mg,0.09-0.02mg · 30 count,Retail Generic,51.52
7791,Levonor-Eth Estra 0.09-0.02mg,0.09-0.02mg · 60 count,Retail Generic,97.04
7792,Levonor-Eth Estra 0.09-0.02mg,0.09-0.02mg · 90 count,Retail Generic,142.57
7805,Levothyroxine 100mcg,100mcg · 30 count,Retail Generic,8.06
7806,Levothyroxine 100mcg,100mcg · 60 count,Retail Generic,10.11
7807,Levothyroxine 100mcg,100mcg · 90 count,Retail Generic,12.17
7808,Levothyroxine 112mcg,112mcg · 30 count,Retail Generic,8.38
7809,Levothyroxine 112mcg,112mcg · 60 count,Retail Generic,10.77
7810,Levothyroxine 112mcg,112mcg · 90 count,Retail Generic,13.15
7811,Levothyroxine 125mcg,125mcg · 30 count,Retail Generic,8.39
7812,Levothyroxine 125mcg,125mcg · 60 count,Retail Generic,10.79
7813,Levothyroxine 125mcg,125mcg · 90 count,Retail Generic,13.18
7814,Levothyroxine 137mcg,137mcg · 30 count,Retail Generic,8.72
7815,Levothyroxine 137mcg,137mcg · 60 count,Retail Generic,11.43
7816,Levothyroxine 137mcg,137mcg · 90 count,Retail Generic,14.15
7817,Levothyroxine 150mcg,150mcg · 30 count,Retail Generic,8.66
7818,Levothyroxine 150mcg,150mcg · 60 count,Retail Generic,11.33
7819,Levothyroxine 150mcg,150mcg · 90 count,Retail Generic,13.99
7820,Levothyroxine 175mcg,175mcg · 30 count,Retail Generic,9.82
7821,Levothyroxine 175mcg,175mcg · 60 count,Retail Generic,13.63
7822,Levothyroxine 175mcg,175mcg · 90 count,Retail Generic,17.45
7823,Levothyroxine 200mcg,200mcg · 30 count,Retail Generic,9.02
7824,Levothyroxine 200mcg,200mcg · 60 count,Retail Generic,12.05
7825,Levothyroxine 200mcg,200mcg · 90 count,Retail Generic,15.07
7793,Levothyroxine 25mcg,25mcg · 30 count,Retail Generic,7.42
7794,Levothyroxine 25mcg,25mcg · 60 count,Retail Generic,8.84
7795,Levothyroxine 25mcg,25mcg · 90 count,Retail Generic,10.26
7826,Levothyroxine 300mcg,300mcg · 30 count,Retail Generic,10.44
7827,Levothyroxine 300mcg,300mcg · 60 count,Retail Generic,14.89
7828,Levothyroxine 300mcg,300mcg · 90 count,Retail Generic,19.33
7796,Levothyroxine 50mcg,50mcg · 30 count,Retail Generic,7.81
7797,Levothyroxine 50mcg,50mcg · 60 count,Retail Generic,9.62
7798,Levothyroxine 50mcg,50mcg · 90 count,Retail Generic,11.42
7799,Levothyroxine 75mcg,75mcg · 30 count,Retail Generic,7.90
7800,Levothyroxine 75mcg,75mcg · 60 count,Retail Generic,9.80
7801,Levothyroxine 75mcg,75mcg · 90 count,Retail Generic,11.71
7802,Levothyroxine 88mcg,88mcg · 30 count,Retail Generic,8.01
7803,Levothyroxine 88mcg,88mcg · 60 count,Retail Generic,10.03
7804,Levothyroxine 88mcg,88mcg · 90 count,Retail Generic,12.04
7829,Linezolid 600mg,600mg · 30 count,Retail Generic,61.94
7830,Linezolid 600mg,600mg · 60 count,Retail Generic,117.88
7831,Linezolid 600mg,600mg · 90 count,Retail Generic,173.82
7835,Liomny 25mcg,25mcg · 30 count,Retail Generic,17.49
7836,Liomny 25mcg,25mcg · 60 count,Retail Generic,28.98
7837,Liomny 25mcg,25mcg · 90 count,Retail Generic,40.47
7838,Liomny 50mcg,50mcg · 30 count,Retail Generic,19.01
7839,Liomny 50mcg,50mcg · 60 count,Retail Generic,32.03
7840,Liomny 50mcg,50mcg · 90 count,Retail Generic,45.04
7832,Liomny 5mcg,5mcg · 30 count,Retail Generic,13.53
7833,Liomny 5mcg,5mcg · 60 count,Retail Generic,21.07
7834,Liomny 5mcg,5mcg · 90 count,Retail Generic,28.60
7844,Liothyronine 25mcg,25mcg · 30 count,Retail Generic,17.62
7845,Liothyronine 25mcg,25mcg · 60 count,Retail Generic,29.24
7846,Liothyronine 25mcg,25mcg · 90 count,Retail Generic,40.86
7847,Liothyronine 50mcg,50mcg · 30 count,Retail Generic,19.43
7848,Liothyronine 50mcg,50mcg · 60 count,Retail Generic,32.87
7849,Liothyronine 50mcg,50mcg · 90 count,Retail Generic,46.30
7841,Liothyronine 5mcg,5mcg · 30 count,Retail Generic,14.40
7842,Liothyronine 5mcg,5mcg · 60 count,Retail Generic,22.81
7843,Liothyronine 5mcg,5mcg · 90 count,Retail Generic,31.21
7856,Lisinopril 10mg,10mg · 30 count,Retail Generic,6.68
7857,Lisinopril 10mg,10mg · 60 count,Retail Generic,7.35
7858,Lisinopril 10mg,10mg · 90 count,Retail Generic,8.03
7850,Lisinopril 2.5mg,2.5mg · 30 count,Retail Generic,6.52
7851,Lisinopril 2.5mg,2.5mg · 60 count,Retail Generic,7.05
7852,Lisinopril 2.5mg,2.5mg · 90 count,Retail Generic,7.57
7859,Lisinopril 20mg,20mg · 30 count,Retail Generic,6.94
7860,Lisinopril 20mg,20mg · 60 count,Retail Generic,7.89
7861,Lisinopril 20mg,20mg · 90 count,Retail Generic,8.83
7862,Lisinopril 30mg,30mg · 30 count,Retail Generic,7.98
7863,Lisinopril 30mg,30mg · 60 count,Retail Generic,9.97
7864,Lisinopril 30mg,30mg · 90 count,Retail Generic,11.95
7865,Lisinopril 40mg,40mg · 30 count,Retail Generic,7.68
7866,Lisinopril 40mg,40mg · 60 count,Retail Generic,9.37
7867,Lisinopril 40mg,40mg · 90 count,Retail Generic,11.05
7853,Lisinopril 5mg,5mg · 30 count,Retail Generic,6.54
7854,Lisinopril 5mg,5mg · 60 count,Retail Generic,7.08
7855,Lisinopril 5mg,5mg · 90 count,Retail Generic,7.63
7868,Lisinopril-Hydrochlorothiazide 10-12.5mg,10-12.5mg · 30 count,Retail Generic,7.10
7869,Lisinopril-Hydrochlorothiazide 10-12.5mg,10-12.5mg · 60 count,Retail Generic,8.21
7870,Lisinopril-Hydrochlorothiazide 10-12.5mg,10-12.5mg · 90 count,Retail Generic,9.31
7871,Lisinopril-Hydrochlorothiazide 20-12.5mg,20-12.5mg · 30 count,Retail Generic,7.49
7872,Lisinopril-Hydrochlorothiazide 20-12.5mg,20-12.5mg · 60 count,Retail Generic,8.98
7873,Lisinopril-Hydrochlorothiazide 20-12.5mg,20-12.5mg · 90 count,Retail Generic,10.47
7874,Lisinopril-Hydrochlorothiazide 20-25mg,20-25mg · 30 count,Retail Generic,7.54
7875,Lisinopril-Hydrochlorothiazide 20-25mg,20-25mg · 60 count,Retail Generic,9.08
7876,Lisinopril-Hydrochlorothiazide 20-25mg,20-25mg · 90 count,Retail Generic,10.62
7877,Lithium Carbonate 150mg,150mg · 30 count,Retail Generic,9.13
7878,Lithium Carbonate 150mg,150mg · 60 count,Retail Generic,12.27
7879,Lithium Carbonate 150mg,150mg · 90 count,Retail Generic,15.40
7880,Lithium Carbonate 300mg,300mg · 30 count,Retail Generic,9.86
7881,Lithium Carbonate 300mg,300mg · 60 count,Retail Generic,13.72
7882,Lithium Carbonate 300mg,300mg · 90 count,Retail Generic,17.59
7883,Lithium Carbonate 600mg,600mg · 30 count,Retail Generic,14.90
7884,Lithium Carbonate 600mg,600mg · 60 count,Retail Generic,23.80
7885,Lithium Carbonate 600mg,600mg · 90 count,Retail Generic,32.70
7886,Lithium Carbonate ER 300mg,300mg · 30 count,Retail Generic,13.55
7887,Lithium Carbonate ER 300mg,300mg · 60 count,Retail Generic,21.10
7888,Lithium Carbonate ER 300mg,300mg · 90 count,Retail Generic,28.65
7889,Lithium Carbonate ER 450mg,450mg · 30 count,Retail Generic,15.28
7890,Lithium Carbonate ER 450mg,450mg · 60 count,Retail Generic,24.56
7891,Lithium Carbonate ER 450mg,450mg · 90 count,Retail Generic,33.84
7892,Lofena 25mg,25mg · 30 count,Retail Generic,165.87
7893,Loperamide 2mg,2mg · 30 count,Retail Generic,8.10
7894,Loperamide 2mg,2mg · 60 count,Retail Generic,10.20
7895,Loperamide 2mg,2mg · 90 count,Retail Generic,12.30
7896,Lopinavir-Ritonavr 200-50mg,200-50mg · 30 count,Retail Generic,193.21
7903,Losartan 100mg,100mg · 30 count,Retail Generic,7.53
7904,Losartan 100mg,100mg · 60 count,Retail Generic,9.06
7905,Losartan 100mg,100mg · 90 count,Retail Generic,10.59
7897,Losartan 25mg,25mg · 30 count,Retail Generic,6.81
7898,Losartan 25mg,25mg · 60 count,Retail Generic,7.62
7899,Losartan 25mg,25mg · 90 count,Retail Generic,8.43
7900,Losartan 50mg,50mg · 30 count,Retail Generic,7.12
7901,Losartan 50mg,50mg · 60 count,Retail Generic,8.24
7902,Losartan 50mg,50mg · 90 count,Retail Generic,9.36
7909,Losartan-Hydrochlorothiazide 100-12.5mg,100-12.5mg · 30 count,Retail Generic,8.92
7910,Losartan-Hydrochlorothiazide 100-12.5mg,100-12.5mg · 60 count,Retail Generic,11.84
7911,Losartan-Hydrochlorothiazide 100-12.5mg,100-12.5mg · 90 count,Retail Generic,14.77
7912,Losartan-Hydrochlorothiazide 100-25mg,100-25mg · 30 count,Retail Generic,8.96
7913,Losartan-Hydrochlorothiazide 100-25mg,100-25mg · 60 count,Retail Generic,11.93
7914,Losartan-Hydrochlorothiazide 100-25mg,100-25mg · 90 count,Retail Generic,14.89
7906,Losartan-Hydrochlorothiazide 50-12.5mg,50-12.5mg · 30 count,Retail Generic,8.74
7907,Losartan-Hydrochlorothiazide 50-12.5mg,50-12.5mg · 60 count,Retail Generic,11.48
7908,Losartan-Hydrochlorothiazide 50-12.5mg,50-12.5mg · 90 count,Retail Generic,14.22
7915,Lovastatin 10mg,10mg · 30 count,Retail Generic,7.54
7916,Lovastatin 10mg,10mg · 60 count,Retail Generic,9.08
7917,Lovastatin 10mg,10mg · 90 count,Retail Generic,10.62
7918,Lovastatin 20mg,20mg · 30 count,Retail Generic,7.60
7919,Lovastatin 20mg,20mg · 60 count,Retail Generic,9.20
7920,Lovastatin 20mg,20mg · 90 count,Retail Generic,10.80
7921,Lovastatin 40mg,40mg · 30 count,Retail Generic,7.95
7922,Lovastatin 40mg,40mg · 60 count,Retail Generic,9.90
7923,Lovastatin 40mg,40mg · 90 count,Retail Generic,11.84
7927,Loxapine 10mg,10mg · 30 count,Retail Generic,23.83
7928,Loxapine 10mg,10mg · 60 count,Retail Generic,41.67
7929,Loxapine 10mg,10mg · 90 count,Retail Generic,59.50
7930,Loxapine 25mg,25mg · 30 count,Retail Generic,24.57
7931,Loxapine 25mg,25mg · 60 count,Retail Generic,43.15
7932,Loxapine 25mg,25mg · 90 count,Retail Generic,61.72
7933,Loxapine 50mg,50mg · 30 count,Retail Generic,37.79
7934,Loxapine 50mg,50mg · 60 count,Retail Generic,69.57
7935,Loxapine 50mg,50mg · 90 count,Retail Generic,101.36
7924,Loxapine 5mg,5mg · 30 count,Retail Generic,17.13
7925,Loxapine 5mg,5mg · 60 count,Retail Generic,28.26
7926,Loxapine 5mg,5mg · 90 count,Retail Generic,39.39
7939,Lubiprostone 24mcg,24mcg · 30 count,Retail Generic,34.54
7940,Lubiprostone 24mcg,24mcg · 60 count,Retail Generic,63.07
7941,Lubiprostone 24mcg,24mcg · 90 count,Retail Generic,91.61
7936,Lubiprostone 8mcg,8mcg · 30 count,Retail Generic,30.77
7937,Lubiprostone 8mcg,8mcg · 60 count,Retail Generic,55.53
7938,Lubiprostone 8mcg,8mcg · 90 count,Retail Generic,80.30
7954,Lurasidone 120mg,120mg · 30 count,Retail Generic,24.39
7955,Lurasidone 120mg,120mg · 60 count,Retail Generic,42.79
7956,Lurasidone 120mg,120mg · 90 count,Retail Generic,61.18
7942,Lurasidone 20mg,20mg · 30 count,Retail Generic,12.03
7943,Lurasidone 20mg,20mg · 60 count,Retail Generic,18.05
7944,Lurasidone 20mg,20mg · 90 count,Retail Generic,24.08
7945,Lurasidone 40mg,40mg · 30 count,Retail Generic,15.47
7946,Lurasidone 40mg,40mg · 60 count,Retail Generic,24.93
7947,Lurasidone 40mg,40mg · 90 count,Retail Generic,34.40
7948,Lurasidone 60mg,60mg · 30 count,Retail Generic,18.40
7949,Lurasidone 60mg,60mg · 60 count,Retail Generic,30.81
7950,Lurasidone 60mg,60mg · 90 count,Retail Generic,43.21
7951,Lurasidone 80mg,80mg · 30 count,Retail Generic,20.17
7952,Lurasidone 80mg,80mg · 60 count,Retail Generic,34.33
7953,Lurasidone 80mg,80mg · 90 count,Retail Generic,48.50
7957,Lurbiro 100mg,100mg · 30 count,Retail Generic,123.95
7958,Lyleq 0.35mg,0.35mg · 30 count,Retail Generic,9.06
7959,Lyleq 0.35mg,0.35mg · 60 count,Retail Generic,12.11
7960,Lyleq 0.35mg,0.35mg · 90 count,Retail Generic,15.17
7961,Matzim La 180mg,180mg · 30 count,Retail Generic,50.21
7962,Matzim La 180mg,180mg · 60 count,Retail Generic,94.42
7963,Matzim La 180mg,180mg · 90 count,Retail Generic,138.63
7964,Matzim La 240mg,240mg · 30 count,Retail Generic,44.77
7965,Matzim La 240mg,240mg · 60 count,Retail Generic,83.54
7966,Matzim La 240mg,240mg · 90 count,Retail Generic,122.32
7967,Matzim La 300mg,300mg · 30 count,Retail Generic,59.60
7968,Matzim La 300mg,300mg · 60 count,Retail Generic,113.21
7969,Matzim La 300mg,300mg · 90 count,Retail Generic,166.81
7970,Matzim La 360mg,360mg · 30 count,Retail Generic,86.72
7971,Matzim La 360mg,360mg · 60 count,Retail Generic,167.44
7972,Matzim La 420mg,420mg · 30 count,Retail Generic,91.75
7973,Matzim La 420mg,420mg · 60 count,Retail Generic,177.50
7974,Meclizine 25mg,25mg · 30 count,Retail Generic,9.04
7975,Meclizine 25mg,25mg · 60 count,Retail Generic,12.07
7976,Meclizine 25mg,25mg · 90 count,Retail Generic,15.11
7977,Meclizine 50mg,50mg · 30 count,Retail Generic,97.97
7978,Meclizine 50mg,50mg · 60 count,Retail Generic,189.93
7985,Medroxyprogesterone 10mg,10mg · 30 count,Retail Generic,11.28
7986,Medroxyprogesterone 10mg,10mg · 60 count,Retail Generic,16.56
7987,Medroxyprogesterone 10mg,10mg · 90 count,Retail Generic,21.84
7979,Medroxyprogesterone 2.5mg,2.5mg · 30 count,Retail Generic,10.31
7980,Medroxyprogesterone 2.5mg,2.5mg · 60 count,Retail Generic,14.61
7981,Medroxyprogesterone 2.5mg,2.5mg · 90 count,Retail Generic,18.92
7982,Medroxyprogesterone 5mg,5mg · 30 count,Retail Generic,11.31
7983,Medroxyprogesterone 5mg,5mg · 60 count,Retail Generic,16.62
7984,Medroxyprogesterone 5mg,5mg · 90 count,Retail Generic,21.93
7988,Mefenamic Acid 250mg,250mg · 30 count,Retail Generic,42.75
7989,Mefenamic Acid 250mg,250mg · 60 count,Retail Generic,79.50
7990,Mefenamic Acid 250mg,250mg · 90 count,Retail Generic,116.25
7991,Mefloquine 250mg,250mg · 30 count,Retail Generic,173.36
7992,Megestrol 20mg,20mg · 30 count,Retail Generic,12.25
7993,Megestrol 20mg,20mg · 60 count,Retail Generic,18.51
7994,Megestrol 20mg,20mg · 90 count,Retail Generic,24.76
7995,Megestrol 40mg,40mg · 30 count,Retail Generic,13.76
7996,Megestrol 40mg,40mg · 60 count,Retail Generic,21.51
7997,Megestrol 40mg,40mg · 90 count,Retail Generic,29.27
7998,Meleya 0.35mg,0.35mg · 30 count,Retail Generic,9.06
7999,Meleya 0.35mg,0.35mg · 60 count,Retail Generic,12.11
8000,Meleya 0.35mg,0.35mg · 90 count,Retail Generic,15.17
8004,Meloxicam 15mg,15mg · 30 count,Retail Generic,6.73
8005,Meloxicam 15mg,15mg · 60 count,Retail Generic,7.45
8006,Meloxicam 15mg,15mg · 90 count,Retail Generic,8.18
8001,Meloxicam 7.5mg,7.5mg · 30 count,Retail Generic,6.63
8002,Meloxicam 7.5mg,7.5mg · 60 count,Retail Generic,7.25
8003,Meloxicam 7.5mg,7.5mg · 90 count,Retail Generic,7.88
8010,Memantine 10mg,10mg · 30 count,Retail Generic,8.28
8011,Memantine 10mg,10mg · 60 count,Retail Generic,10.57
8012,Memantine 10mg,10mg · 90 count,Retail Generic,12.85
8007,Memantine 5mg,5mg · 30 count,Retail Generic,8.93
8008,Memantine 5mg,5mg · 60 count,Retail Generic,11.87
8009,Memantine 5mg,5mg · 90 count,Retail Generic,14.80
8016,Memantine ER 14mg,14mg · 30 count,Retail Generic,16.94
8017,Memantine ER 14mg,14mg · 60 count,Retail Generic,27.89
8018,Memantine ER 14mg,14mg · 90 count,Retail Generic,38.83
8019,Memantine ER 21mg,21mg · 30 count,Retail Generic,16.88
8020,Memantine ER 21mg,21mg · 60 count,Retail Generic,27.75
8021,Memantine ER 21mg,21mg · 90 count,Retail Generic,38.63
8022,Memantine ER 28mg,28mg · 30 count,Retail Generic,25.39
8023,Memantine ER 28mg,28mg · 60 count,Retail Generic,44.78
8024,Memantine ER 28mg,28mg · 90 count,Retail Generic,64.18
8013,Memantine ER 7mg,7mg · 30 count,Retail Generic,19.52
8014,Memantine ER 7mg,7mg · 60 count,Retail Generic,33.05
8015,Memantine ER 7mg,7mg · 90 count,Retail Generic,46.57
8025,Mercaptopurine 50mg,50mg · 30 count,Retail Generic,44.03
8026,Mercaptopurine 50mg,50mg · 60 count,Retail Generic,82.07
8027,Mercaptopurine 50mg,50mg · 90 count,Retail Generic,120.10
8028,Mesalamine DR 1.2gm,1.2gm · 30 count,Retail Generic,37.44
8029,Mesalamine DR 1.2gm,1.2gm · 60 count,Retail Generic,68.89
8030,Mesalamine DR 1.2gm,1.2gm · 90 count,Retail Generic,100.33
8031,Mesalamine DR 400mg,400mg · 30 count,Retail Generic,81.23
8032,Mesalamine DR 400mg,400mg · 60 count,Retail Generic,156.45
8033,Mesalamine ER 500mg,500mg · 30 count,Retail Generic,130.94
8034,Metaxalone 400mg,400mg · 30 count,Retail Generic,106.33
8035,Metaxalone 800mg,800mg · 30 count,Retail Generic,20.93
8036,Metaxalone 800mg,800mg · 60 count,Retail Generic,35.87
8037,Metaxalone 800mg,800mg · 90 count,Retail Generic,50.80
8038,"Metformin 1,000mg","1,000mg · 30 count",Retail Generic,6.87
8039,"Metformin 1,000mg","1,000mg · 60 count",Retail Generic,7.74
8040,"Metformin 1,000mg","1,000mg · 90 count",Retail Generic,8.61
8041,Metformin 500mg,500mg · 30 count,Retail Generic,6.51
8042,Metformin 500mg,500mg · 60 count,Retail Generic,7.02
8043,Metformin 500mg,500mg · 90 count,Retail Generic,7.53
8044,Metformin 850mg,850mg · 30 count,Retail Generic,6.84
8045,Metformin 850mg,850mg · 60 count,Retail Generic,7.68
8046,Metformin 850mg,850mg · 90 count,Retail Generic,8.52
8047,Metformin ER 500mg,500mg · 30 count,Retail Generic,7.07
8048,Metformin ER 500mg,500mg · 60 count,Retail Generic,8.15
8049,Metformin ER 500mg,500mg · 90 count,Retail Generic,9.22
8050,Metformin ER 750mg,750mg · 30 count,Retail Generic,8.02
8051,Metformin ER 750mg,750mg · 60 count,Retail Generic,10.03
8052,Metformin ER 750mg,750mg · 90 count,Retail Generic,12.05
8053,Methazolamide 25mg,25mg · 30 count,Retail Generic,41.46
8054,Methazolamide 25mg,25mg · 60 count,Retail Generic,76.92
8055,Methazolamide 25mg,25mg · 90 count,Retail Generic,112.38
8056,Methazolamide 50mg,50mg · 30 count,Retail Generic,61.00
8057,Methazolamide 50mg,50mg · 60 count,Retail Generic,116.00
8058,Methazolamide 50mg,50mg · 90 count,Retail Generic,171.00
8059,Methenamine Hipp 1gm,1gm · 30 count,Retail Generic,17.69
8060,Methenamine Hipp 1gm,1gm · 60 count,Retail Generic,29.38
8061,Methenamine Hipp 1gm,1gm · 90 count,Retail Generic,41.07
8062,Methenamine Mand 1gm,1gm · 30 count,Retail Generic,102.01
8063,Methenamine Mand 1gm,1gm · 60 count,Retail Generic,198.02
8064,Methenamine Mand 500mg,500mg · 30 count,Retail Generic,55.23
8065,Methenamine Mand 500mg,500mg · 60 count,Retail Generic,104.47
8066,Methenamine Mand 500mg,500mg · 90 count,Retail Generic,153.70
8070,Methimazole 10mg,10mg · 30 count,Retail Generic,10.50
8071,Methimazole 10mg,10mg · 60 count,Retail Generic,15.00
8072,Methimazole 10mg,10mg · 90 count,Retail Generic,19.49
8067,Methimazole 5mg,5mg · 30 count,Retail Generic,8.74
8068,Methimazole 5mg,5mg · 60 count,Retail Generic,11.48
8069,Methimazole 5mg,5mg · 90 count,Retail Generic,14.22
8073,Methocarbamol 500mg,500mg · 30 count,Retail Generic,7.29
8074,Methocarbamol 500mg,500mg · 60 count,Retail Generic,8.57
8075,Methocarbamol 500mg,500mg · 90 count,Retail Generic,9.86
8076,Methocarbamol 750mg,750mg · 30 count,Retail Generic,7.56
8077,Methocarbamol 750mg,750mg · 60 count,Retail Generic,9.12
8078,Methocarbamol 750mg,750mg · 90 count,Retail Generic,10.68
8079,Methotrexate 2.5mg,2.5mg · 30 count,Retail Generic,11.69
8080,Methotrexate 2.5mg,2.5mg · 60 count,Retail Generic,17.38
8081,Methotrexate 2.5mg,2.5mg · 90 count,Retail Generic,23.07
8082,Methscopolamine Brom 2.5mg,2.5mg · 30 count,Retail Generic,33.74
8083,Methscopolamine Brom 2.5mg,2.5mg · 60 count,Retail Generic,61.47
8084,Methscopolamine Brom 2.5mg,2.5mg · 90 count,Retail Generic,89.21
8085,Methscopolamine Brom 5mg,5mg · 30 count,Retail Generic,56.10
8086,Methscopolamine Brom 5mg,5mg · 60 count,Retail Generic,106.20
8087,Methscopolamine Brom 5mg,5mg · 90 count,Retail Generic,156.29
8088,Methylergonovine 0.2mg,0.2mg · 30 count,Retail Generic,169.03
8095,Methylprednisolone 16mg,16mg · 30 count,Retail Generic,61.49
8096,Methylprednisolone 16mg,16mg · 60 count,Retail Generic,116.99
8097,Methylprednisolone 16mg,16mg · 90 count,Retail Generic,172.48
8098,Methylprednisolone 32mg,32mg · 30 count,Retail Generic,100.39
8099,Methylprednisolone 32mg,32mg · 60 count,Retail Generic,194.78
8089,Methylprednisolone 4mg,4mg · 30 count,Retail Generic,11.14
8090,Methylprednisolone 4mg,4mg · 60 count,Retail Generic,16.28
8091,Methylprednisolone 4mg,4mg · 90 count,Retail Generic,21.42
8092,Methylprednisolone 8mg,8mg · 30 count,Retail Generic,40.14
8093,Methylprednisolone 8mg,8mg · 60 count,Retail Generic,74.28
8094,Methylprednisolone 8mg,8mg · 90 count,Retail Generic,108.41
8103,Metoclopramide 10mg,10mg · 30 count,Retail Generic,7.81
8104,Metoclopramide 10mg,10mg · 60 count,Retail Generic,9.61
8105,Metoclopramide 10mg,10mg · 90 count,Retail Generic,11.42
8100,Metoclopramide 5mg,5mg · 30 count,Retail Generic,7.56
8101,Metoclopramide 5mg,5mg · 60 count,Retail Generic,9.12
8102,Metoclopramide 5mg,5mg · 90 count,Retail Generic,10.67
8112,Metolazone 10mg,10mg · 30 count,Retail Generic,18.90
8113,Metolazone 10mg,10mg · 60 count,Retail Generic,31.81
8114,Metolazone 10mg,10mg · 90 count,Retail Generic,44.71
8106,Metolazone 2.5mg,2.5mg · 30 count,Retail Generic,13.66
8107,Metolazone 2.5mg,2.5mg · 60 count,Retail Generic,21.33
8108,Metolazone 2.5mg,2.5mg · 90 count,Retail Generic,28.99
8109,Metolazone 5mg,5mg · 30 count,Retail Generic,17.69
8110,Metolazone 5mg,5mg · 60 count,Retail Generic,29.37
8111,Metolazone 5mg,5mg · 90 count,Retail Generic,41.06
8127,Metoprolol 100mg,100mg · 30 count,Retail Generic,6.94
8128,Metoprolol 100mg,100mg · 60 count,Retail Generic,7.87
8129,Metoprolol 100mg,100mg · 90 count,Retail Generic,8.81
8115,Metoprolol 25mg,25mg · 30 count,Retail Generic,6.64
8116,Metoprolol 25mg,25mg · 60 count,Retail Generic,7.27
8117,Metoprolol 25mg,25mg · 90 count,Retail Generic,7.91
8118,Metoprolol 37.5mg,37.5mg · 30 count,Retail Generic,8.77
8119,Metoprolol 37.5mg,37.5mg · 60 count,Retail Generic,11.54
8120,Metoprolol 37.5mg,37.5mg · 90 count,Retail Generic,14.31
8121,Metoprolol 50mg,50mg · 30 count,Retail Generic,6.71
8122,Metoprolol 50mg,50mg · 60 count,Retail Generic,7.43
8123,Metoprolol 50mg,50mg · 90 count,Retail Generic,8.14
8124,Metoprolol 75mg,75mg · 30 count,Retail Generic,11.04
8125,Metoprolol 75mg,75mg · 60 count,Retail Generic,16.08
8126,Metoprolol 75mg,75mg · 90 count,Retail Generic,21.12
8136,Metoprolol ER 100mg,100mg · 30 count,Retail Generic,9.14
8137,Metoprolol ER 100mg,100mg · 60 count,Retail Generic,12.28
8138,Metoprolol ER 100mg,100mg · 90 count,Retail Generic,15.42
8139,Metoprolol ER 200mg,200mg · 30 count,Retail Generic,13.19
8140,Metoprolol ER 200mg,200mg · 60 count,Retail Generic,20.38
8141,Metoprolol ER 200mg,200mg · 90 count,Retail Generic,27.57
8130,Metoprolol ER 25mg,25mg · 30 count,Retail Generic,8.06
8131,Metoprolol ER 25mg,25mg · 60 count,Retail Generic,10.13
8132,Metoprolol ER 25mg,25mg · 90 count,Retail Generic,12.19
8133,Metoprolol ER 50mg,50mg · 30 count,Retail Generic,8.30
8134,Metoprolol ER 50mg,50mg · 60 count,Retail Generic,10.61
8135,Metoprolol ER 50mg,50mg · 90 count,Retail Generic,12.91
8145,Metoprolol-Hydrochlorothiazide 100-25mg,100-25mg · 30 count,Retail Generic,50.74
8146,Metoprolol-Hydrochlorothiazide 100-25mg,100-25mg · 60 count,Retail Generic,95.49
8147,Metoprolol-Hydrochlorothiazide 100-25mg,100-25mg · 90 count,Retail Generic,140.23
8142,Metoprolol-Hydrochlorothiazide 50-25mg,50-25mg · 30 count,Retail Generic,41.73
8143,Metoprolol-Hydrochlorothiazide 50-25mg,50-25mg · 60 count,Retail Generic,77.46
8144,Metoprolol-Hydrochlorothiazide 50-25mg,50-25mg · 90 count,Retail Generic,113.19
8148,Metronidazole 250mg,250mg · 30 count,Retail Generic,8.24
8149,Metronidazole 250mg,250mg · 60 count,Retail Generic,10.49
8150,Metronidazole 250mg,250mg · 90 count,Retail Generic,12.73
8151,Metronidazole 500mg,500mg · 30 count,Retail Generic,9.70
8152,Metronidazole 500mg,500mg · 60 count,Retail Generic,13.41
8153,Metronidazole 500mg,500mg · 90 count,Retail Generic,17.11
8154,Mexiletine 150mg,150mg · 30 count,Retail Generic,14.70
8155,Mexiletine 150mg,150mg · 60 count,Retail Generic,23.39
8156,Mexiletine 150mg,150mg · 90 count,Retail Generic,32.09
8157,Mexiletine 200mg,200mg · 30 count,Retail Generic,16.13
8158,Mexiletine 200mg,200mg · 60 count,Retail Generic,26.26
8159,Mexiletine 200mg,200mg · 90 count,Retail Generic,36.38
8160,Mexiletine 250mg,250mg · 30 count,Retail Generic,21.02
8161,Mexiletine 250mg,250mg · 60 count,Retail Generic,36.03
8162,Mexiletine 250mg,250mg · 90 count,Retail Generic,51.05
8169,Midodrine 10mg,10mg · 30 count,Retail Generic,11.35
8170,Midodrine 10mg,10mg · 60 count,Retail Generic,16.71
8171,Midodrine 10mg,10mg · 90 count,Retail Generic,22.06
8163,Midodrine 2.5mg,2.5mg · 30 count,Retail Generic,8.58
8164,Midodrine 2.5mg,2.5mg · 60 count,Retail Generic,11.17
8165,Midodrine 2.5mg,2.5mg · 90 count,Retail Generic,13.75
8166,Midodrine 5mg,5mg · 30 count,Retail Generic,10.02
8167,Midodrine 5mg,5mg · 60 count,Retail Generic,14.05
8168,Midodrine 5mg,5mg · 90 count,Retail Generic,18.07
8172,Miglitol 25mg,25mg · 30 count,Retail Generic,69.16
8173,Miglitol 25mg,25mg · 60 count,Retail Generic,132.33
8174,Miglitol 25mg,25mg · 90 count,Retail Generic,195.49
8175,Miglitol 50mg,50mg · 30 count,Retail Generic,69.51
8176,Miglitol 50mg,50mg · 60 count,Retail Generic,133.01
8177,Miglitol 50mg,50mg · 90 count,Retail Generic,196.52
8182,Milnacipran 100mg,100mg · 30 count,Retail Generic,129.34
8178,Milnacipran 12.5mg,12.5mg · 30 count,Retail Generic,19.06
8179,Milnacipran 12.5mg,12.5mg · 60 count,Retail Generic,32.11
8180,Milnacipran 12.5mg,12.5mg · 90 count,Retail Generic,45.17
8181,Milnacipran 50mg,50mg · 30 count,Retail Generic,128.79
8183,Mimvey 1-0.5mg,1-0.5mg · 30 count,Retail Generic,33.54
8184,Mimvey 1-0.5mg,1-0.5mg · 60 count,Retail Generic,61.08
8185,Mimvey 1-0.5mg,1-0.5mg · 90 count,Retail Generic,88.62
8192,Minocycline 100mg,100mg · 30 count,Retail Generic,19.04
8193,Minocycline 100mg,100mg · 60 count,Retail Generic,32.08
8194,Minocycline 100mg,100mg · 90 count,Retail Generic,45.12
8186,Minocycline 50mg,50mg · 30 count,Retail Generic,12.45
8187,Minocycline 50mg,50mg · 60 count,Retail Generic,18.90
8188,Minocycline 50mg,50mg · 90 count,Retail Generic,25.35
8189,Minocycline 75mg,75mg · 30 count,Retail Generic,17.01
8190,Minocycline 75mg,75mg · 60 count,Retail Generic,28.01
8191,Minocycline 75mg,75mg · 90 count,Retail Generic,39.02
8197,Minocycline ER 105mg,105mg · 30 count,Retail Generic,68.43
8198,Minocycline ER 105mg,105mg · 60 count,Retail Generic,130.86
8199,Minocycline ER 105mg,105mg · 90 count,Retail Generic,193.29
8195,Minocycline ER 55mg,55mg · 30 count,Retail Generic,110.89
8196,Minocycline ER 90mg,90mg · 30 count,Retail Generic,115.10
8203,Minoxidil 10mg,10mg · 30 count,Retail Generic,13.10
8204,Minoxidil 10mg,10mg · 60 count,Retail Generic,20.19
8205,Minoxidil 10mg,10mg · 90 count,Retail Generic,27.29
8200,Minoxidil 2.5mg,2.5mg · 30 count,Retail Generic,9.48
8201,Minoxidil 2.5mg,2.5mg · 60 count,Retail Generic,12.97
8202,Minoxidil 2.5mg,2.5mg · 90 count,Retail Generic,16.45
8209,Mirtazapine 15mg,15mg · 30 count,Retail Generic,8.60
8210,Mirtazapine 15mg,15mg · 60 count,Retail Generic,11.21
8211,Mirtazapine 15mg,15mg · 90 count,Retail Generic,13.81
8212,Mirtazapine 30mg,30mg · 30 count,Retail Generic,9.25
8213,Mirtazapine 30mg,30mg · 60 count,Retail Generic,12.50
8214,Mirtazapine 30mg,30mg · 90 count,Retail Generic,15.75
8215,Mirtazapine 45mg,45mg · 30 count,Retail Generic,10.03
8216,Mirtazapine 45mg,45mg · 60 count,Retail Generic,14.06
8217,Mirtazapine 45mg,45mg · 90 count,Retail Generic,18.09
8206,Mirtazapine 7.5mg,7.5mg · 30 count,Retail Generic,19.97
8207,Mirtazapine 7.5mg,7.5mg · 60 count,Retail Generic,33.94
8208,Mirtazapine 7.5mg,7.5mg · 90 count,Retail Generic,47.91
8218,Misoprostol 100mcg,100mcg · 30 count,Retail Generic,22.63
8219,Misoprostol 100mcg,100mcg · 60 count,Retail Generic,39.26
8220,Misoprostol 100mcg,100mcg · 90 count,Retail Generic,55.89
8221,Misoprostol 200mcg,200mcg · 30 count,Retail Generic,31.24
8222,Misoprostol 200mcg,200mcg · 60 count,Retail Generic,56.48
8223,Misoprostol 200mcg,200mcg · 90 count,Retail Generic,81.73
8227,Moexipril 15mg,15mg · 30 count,Retail Generic,41.90
8228,Moexipril 15mg,15mg · 60 count,Retail Generic,77.81
8229,Moexipril 15mg,15mg · 90 count,Retail Generic,113.71
8224,Moexipril 7.5mg,7.5mg · 30 count,Retail Generic,40.81
8225,Moexipril 7.5mg,7.5mg · 60 count,Retail Generic,75.63
8226,Moexipril 7.5mg,7.5mg · 90 count,Retail Generic,110.44
8230,Montelukast 10mg,10mg · 30 count,Retail Generic,7.70
8231,Montelukast 10mg,10mg · 60 count,Retail Generic,9.41
8232,Montelukast 10mg,10mg · 90 count,Retail Generic,11.11
8233,Moxifloxacin 400mg,400mg · 30 count,Retail Generic,62.67
8234,Moxifloxacin 400mg,400mg · 60 count,Retail Generic,119.35
8235,Moxifloxacin 400mg,400mg · 90 count,Retail Generic,176.02
8236,Mycophenolate 250mg,250mg · 30 count,Retail Generic,11.17
8237,Mycophenolate 250mg,250mg · 60 count,Retail Generic,16.33
8238,Mycophenolate 250mg,250mg · 90 count,Retail Generic,21.50
8239,Mycophenolate 500mg,500mg · 30 count,Retail Generic,16.08
8240,Mycophenolate 500mg,500mg · 60 count,Retail Generic,26.15
8241,Mycophenolate 500mg,500mg · 90 count,Retail Generic,36.23
8242,Mycophenolic Acid DR 180mg,180mg · 30 count,Retail Generic,11.05
8243,Mycophenolic Acid DR 180mg,180mg · 60 count,Retail Generic,16.11
8244,Mycophenolic Acid DR 180mg,180mg · 90 count,Retail Generic,21.16
8245,Mycophenolic Acid DR 360mg,360mg · 30 count,Retail Generic,14.80
8246,Mycophenolic Acid DR 360mg,360mg · 60 count,Retail Generic,23.59
8247,Mycophenolic Acid DR 360mg,360mg · 90 count,Retail Generic,32.39
8248,Nabumetone 500mg,500mg · 30 count,Retail Generic,10.45
8249,Nabumetone 500mg,500mg · 60 count,Retail Generic,14.90
8250,Nabumetone 500mg,500mg · 90 count,Retail Generic,19.35
8251,Nabumetone 750mg,750mg · 30 count,Retail Generic,11.83
8252,Nabumetone 750mg,750mg · 60 count,Retail Generic,17.65
8253,Nabumetone 750mg,750mg · 90 count,Retail Generic,23.48
8254,Nadolol 20mg,20mg · 30 count,Retail Generic,12.08
8255,Nadolol 20mg,20mg · 60 count,Retail Generic,18.16
8256,Nadolol 20mg,20mg · 90 count,Retail Generic,24.24
8257,Nadolol 40mg,40mg · 30 count,Retail Generic,14.60
8258,Nadolol 40mg,40mg · 60 count,Retail Generic,23.21
8259,Nadolol 40mg,40mg · 90 count,Retail Generic,31.81
8260,Nadolol 80mg,80mg · 30 count,Retail Generic,15.28
8261,Nadolol 80mg,80mg · 60 count,Retail Generic,24.56
8262,Nadolol 80mg,80mg · 90 count,Retail Generic,33.85
8263,Naltrexone 50mg,50mg · 30 count,Retail Generic,51.52
8264,Naltrexone 50mg,50mg · 60 count,Retail Generic,97.03
8265,Naltrexone 50mg,50mg · 90 count,Retail Generic,142.55
8266,Naproxen 250mg,250mg · 30 count,Retail Generic,7.71
8267,Naproxen 250mg,250mg · 60 count,Retail Generic,9.41
8268,Naproxen 250mg,250mg · 90 count,Retail Generic,11.12
8269,Naproxen 275mg,275mg · 30 count,Retail Generic,16.87
8270,Naproxen 275mg,275mg · 60 count,Retail Generic,27.74
8271,Naproxen 275mg,275mg · 90 count,Retail Generic,38.61
8272,Naproxen 375mg,375mg · 30 count,Retail Generic,8.10
8273,Naproxen 375mg,375mg · 60 count,Retail Generic,10.21
8274,Naproxen 375mg,375mg · 90 count,Retail Generic,12.31
8275,Naproxen 500mg,500mg · 30 count,Retail Generic,8.36
8276,Naproxen 500mg,500mg · 60 count,Retail Generic,10.71
8277,Naproxen 500mg,500mg · 90 count,Retail Generic,13.07
8278,Naproxen 550mg,550mg · 30 count,Retail Generic,12.90
8279,Naproxen 550mg,550mg · 60 count,Retail Generic,19.80
8280,Naproxen 550mg,550mg · 90 count,Retail Generic,26.70
8281,Naproxen DR 375mg,375mg · 30 count,Retail Generic,53.11
8282,Naproxen DR 375mg,375mg · 60 count,Retail Generic,100.22
8283,Naproxen DR 375mg,375mg · 90 count,Retail Generic,147.33
8284,Naproxen DR 500mg,500mg · 30 count,Retail Generic,78.74
8285,Naproxen DR 500mg,500mg · 60 count,Retail Generic,151.49
8286,Naproxen-Esomepraz DR 375-20mg,375-20mg · 30 count,Retail Generic,70.14
8287,Naproxen-Esomepraz DR 375-20mg,375-20mg · 60 count,Retail Generic,134.28
8288,Naproxen-Esomepraz DR 375-20mg,375-20mg · 90 count,Retail Generic,198.42
8289,Naproxen-Esomepraz DR 500-20mg,500-20mg · 30 count,Retail Generic,95.54
8290,Naproxen-Esomepraz DR 500-20mg,500-20mg · 60 count,Retail Generic,185.08
8291,Naratriptan 1mg,1mg · 30 count,Retail Generic,80.17
8292,Naratriptan 1mg,1mg · 60 count,Retail Generic,154.33
8293,Naratriptan 2.5mg,2.5mg · 30 count,Retail Generic,48.39
8294,Naratriptan 2.5mg,2.5mg · 60 count,Retail Generic,90.78
8295,Naratriptan 2.5mg,2.5mg · 90 count,Retail Generic,133.16
8299,Nateglinide 120mg,120mg · 30 count,Retail Generic,15.39
8300,Nateglinide 120mg,120mg · 60 count,Retail Generic,24.79
8301,Nateglinide 120mg,120mg · 90 count,Retail Generic,34.18
8296,Nateglinide 60mg,60mg · 30 count,Retail Generic,13.10
8297,Nateglinide 60mg,60mg · 60 count,Retail Generic,20.21
8298,Nateglinide 60mg,60mg · 90 count,Retail Generic,27.31
8308,Nebivolol 10mg,10mg · 30 count,Retail Generic,10.96
8309,Nebivolol 10mg,10mg · 60 count,Retail Generic,15.91
8310,Nebivolol 10mg,10mg · 90 count,Retail Generic,20.87
8302,Nebivolol 2.5mg,2.5mg · 30 count,Retail Generic,10.26
8303,Nebivolol 2.5mg,2.5mg · 60 count,Retail Generic,14.51
8304,Nebivolol 2.5mg,2.5mg · 90 count,Retail Generic,18.77
8311,Nebivolol 20mg,20mg · 30 count,Retail Generic,12.73
8312,Nebivolol 20mg,20mg · 60 count,Retail Generic,19.47
8313,Nebivolol 20mg,20mg · 90 count,Retail Generic,26.20
8305,Nebivolol 5mg,5mg · 30 count,Retail Generic,9.97
8306,Nebivolol 5mg,5mg · 60 count,Retail Generic,13.95
8307,Nebivolol 5mg,5mg · 90 count,Retail Generic,17.92
8314,Nefazodone 100mg,100mg · 30 count,Retail Generic,52.00
8315,Nefazodone 100mg,100mg · 60 count,Retail Generic,98.00
8316,Nefazodone 100mg,100mg · 90 count,Retail Generic,144.00
8317,Nefazodone 150mg,150mg · 30 count,Retail Generic,51.45
8318,Nefazodone 150mg,150mg · 60 count,Retail Generic,96.89
8319,Nefazodone 150mg,150mg · 90 count,Retail Generic,142.34
8320,Nefazodone 200mg,200mg · 30 count,Retail Generic,57.17
8321,Nefazodone 200mg,200mg · 60 count,Retail Generic,108.34
8322,Nefazodone 200mg,200mg · 90 count,Retail Generic,159.51
8323,Neomycin 500mg,500mg · 30 count,Retail Generic,39.82
8324,Neomycin 500mg,500mg · 60 count,Retail Generic,73.64
8325,Neomycin 500mg,500mg · 90 count,Retail Generic,107.47
8326,Nevirapine 200mg,200mg · 30 count,Retail Generic,10.98
8327,Nevirapine 200mg,200mg · 60 count,Retail Generic,15.95
8328,Nevirapine 200mg,200mg · 90 count,Retail Generic,20.93
8329,Nevirapine ER 400mg,400mg · 30 count,Retail Generic,53.09
8330,Nevirapine ER 400mg,400mg · 60 count,Retail Generic,100.17
8331,Nevirapine ER 400mg,400mg · 90 count,Retail Generic,147.26
8332,"Niacin ER 1,000mg","1,000mg · 30 count",Retail Generic,15.91
8333,"Niacin ER 1,000mg","1,000mg · 60 count",Retail Generic,25.82
8334,"Niacin ER 1,000mg","1,000mg · 90 count",Retail Generic,35.73
8335,Niacin ER 500mg,500mg · 30 count,Retail Generic,11.95
8336,Niacin ER 500mg,500mg · 60 count,Retail Generic,17.89
8337,Niacin ER 500mg,500mg · 90 count,Retail Generic,23.84
8338,Niacin ER 750mg,750mg · 30 count,Retail Generic,17.46
8339,Niacin ER 750mg,750mg · 60 count,Retail Generic,28.92
8340,Niacin ER 750mg,750mg · 90 count,Retail Generic,40.38
8341,Nicardipine 20mg,20mg · 30 count,Retail Generic,51.00
8342,Nicardipine 20mg,20mg · 60 count,Retail Generic,95.99
8343,Nicardipine 20mg,20mg · 90 count,Retail Generic,140.99
8344,Nicardipine 30mg,30mg · 30 count,Retail Generic,147.98
8345,Nifedipine 10mg,10mg · 30 count,Retail Generic,16.90
8346,Nifedipine 10mg,10mg · 60 count,Retail Generic,27.79
8347,Nifedipine 10mg,10mg · 90 count,Retail Generic,38.69
8348,Nifedipine 20mg,20mg · 30 count,Retail Generic,26.53
8349,Nifedipine 20mg,20mg · 60 count,Retail Generic,47.07
8350,Nifedipine 20mg,20mg · 90 count,Retail Generic,67.60
8351,Nifedipine ER 30mg,30mg · 30 count,Retail Generic,9.75
8352,Nifedipine ER 30mg,30mg · 60 count,Retail Generic,13.49
8353,Nifedipine ER 30mg,30mg · 90 count,Retail Generic,17.24
8354,Nifedipine ER 60mg,60mg · 30 count,Retail Generic,11.08
8355,Nifedipine ER 60mg,60mg · 60 count,Retail Generic,16.16
8356,Nifedipine ER 60mg,60mg · 90 count,Retail Generic,21.24
8357,Nifedipine ER 90mg,90mg · 30 count,Retail Generic,14.21
8358,Nifedipine ER 90mg,90mg · 60 count,Retail Generic,22.41
8359,Nifedipine ER 90mg,90mg · 90 count,Retail Generic,30.62
8360,Nimodipine 30mg,30mg · 30 count,Retail Generic,60.65
8361,Nimodipine 30mg,30mg · 60 count,Retail Generic,115.30
8362,Nimodipine 30mg,30mg · 90 count,Retail Generic,169.95
8364,Nisoldipine ER 17mg,17mg · 30 count,Retail Generic,173.72
8363,Nisoldipine ER 8.5mg,8.5mg · 30 count,Retail Generic,139.38
8371,Nitrofurantoin Mcr 100mg,100mg · 30 count,Retail Generic,14.42
8372,Nitrofurantoin Mcr 100mg,100mg · 60 count,Retail Generic,22.84
8373,Nitrofurantoin Mcr 100mg,100mg · 90 count,Retail Generic,31.26
8365,Nitrofurantoin Mcr 25mg,25mg · 30 count,Retail Generic,54.56
8366,Nitrofurantoin Mcr 25mg,25mg · 60 count,Retail Generic,103.13
8367,Nitrofurantoin Mcr 25mg,25mg · 90 count,Retail Generic,151.69
8368,Nitrofurantoin Mcr 50mg,50mg · 30 count,Retail Generic,11.72
8369,Nitrofurantoin Mcr 50mg,50mg · 60 count,Retail Generic,17.45
8370,Nitrofurantoin Mcr 50mg,50mg · 90 count,Retail Generic,23.17
8374,Nitrofurantoin Mono-Mcr 100mg,100mg · 30 count,Retail Generic,18.67
8375,Nitrofurantoin Mono-Mcr 100mg,100mg · 60 count,Retail Generic,31.34
8376,Nitrofurantoin Mono-Mcr 100mg,100mg · 90 count,Retail Generic,44.01
8389,Niva Thyroid 120mg,120mg · 30 count,Retail Generic,49.86
8390,Niva Thyroid 120mg,120mg · 60 count,Retail Generic,93.73
8391,Niva Thyroid 120mg,120mg · 90 count,Retail Generic,137.59
8377,Niva Thyroid 15mg,15mg · 30 count,Retail Generic,25.03
8378,Niva Thyroid 15mg,15mg · 60 count,Retail Generic,44.05
8379,Niva Thyroid 15mg,15mg · 90 count,Retail Generic,63.08
8380,Niva Thyroid 30mg,30mg · 30 count,Retail Generic,27.05
8381,Niva Thyroid 30mg,30mg · 60 count,Retail Generic,48.11
8382,Niva Thyroid 30mg,30mg · 90 count,Retail Generic,69.16
8383,Niva Thyroid 60mg,60mg · 30 count,Retail Generic,30.14
8384,Niva Thyroid 60mg,60mg · 60 count,Retail Generic,54.28
8385,Niva Thyroid 60mg,60mg · 90 count,Retail Generic,78.42
8386,Niva Thyroid 90mg,90mg · 30 count,Retail Generic,43.79
8387,Niva Thyroid 90mg,90mg · 60 count,Retail Generic,81.58
8388,Niva Thyroid 90mg,90mg · 90 count,Retail Generic,119.37
8392,Nizatidine 150mg,150mg · 30 count,Retail Generic,34.08
8393,Nizatidine 150mg,150mg · 60 count,Retail Generic,62.16
8394,Nizatidine 150mg,150mg · 90 count,Retail Generic,90.24
8395,Nizatidine 300mg,300mg · 30 count,Retail Generic,34.02
8396,Nizatidine 300mg,300mg · 60 count,Retail Generic,62.03
8397,Nizatidine 300mg,300mg · 90 count,Retail Generic,90.05
8398,Norethind-Eth Estrad 1-0.02mg,1-0.02mg · 30 count,Retail Generic,12.07
8399,Norethind-Eth Estrad 1-0.02mg,1-0.02mg · 60 count,Retail Generic,18.15
8400,Norethind-Eth Estrad 1-0.02mg,1-0.02mg · 90 count,Retail Generic,24.22
8401,Norethindrone 0.35mg,0.35mg · 30 count,Retail Generic,9.06
8402,Norethindrone 0.35mg,0.35mg · 60 count,Retail Generic,12.11
8403,Norethindrone 0.35mg,0.35mg · 90 count,Retail Generic,15.17
8404,Norethindrone 5mg,5mg · 30 count,Retail Generic,16.87
8405,Norethindrone 5mg,5mg · 60 count,Retail Generic,27.74
8406,Norethindrone 5mg,5mg · 90 count,Retail Generic,38.61
8407,Nortriptyline 10mg,10mg · 30 count,Retail Generic,10.23
8408,Nortriptyline 10mg,10mg · 60 count,Retail Generic,14.46
8409,Nortriptyline 10mg,10mg · 90 count,Retail Generic,18.69
8410,Nortriptyline 25mg,25mg · 30 count,Retail Generic,12.03
8411,Nortriptyline 25mg,25mg · 60 count,Retail Generic,18.06
8412,Nortriptyline 25mg,25mg · 90 count,Retail Generic,24.09
8413,Nortriptyline 50mg,50mg · 30 count,Retail Generic,14.29
8414,Nortriptyline 50mg,50mg · 60 count,Retail Generic,22.57
8415,Nortriptyline 50mg,50mg · 90 count,Retail Generic,30.86
8416,Nortriptyline 75mg,75mg · 30 count,Retail Generic,16.47
8417,Nortriptyline 75mg,75mg · 60 count,Retail Generic,26.94
8418,Nortriptyline 75mg,75mg · 90 count,Retail Generic,37.41
8431,Np Thyroid 120mg,120mg · 30 count,Retail Generic,49.86
8432,Np Thyroid 120mg,120mg · 60 count,Retail Generic,93.73
8433,Np Thyroid 120mg,120mg · 90 count,Retail Generic,137.59
8419,Np Thyroid 15mg,15mg · 30 count,Retail Generic,25.03
8420,Np Thyroid 15mg,15mg · 60 count,Retail Generic,44.05
8421,Np Thyroid 15mg,15mg · 90 count,Retail Generic,63.08
8422,Np Thyroid 30mg,30mg · 30 count,Retail Generic,27.05
8423,Np Thyroid 30mg,30mg · 60 count,Retail Generic,48.11
8424,Np Thyroid 30mg,30mg · 90 count,Retail Generic,69.16
8425,Np Thyroid 60mg,60mg · 30 count,Retail Generic,30.14
8426,Np Thyroid 60mg,60mg · 60 count,Retail Generic,54.28
8427,Np Thyroid 60mg,60mg · 90 count,Retail Generic,78.42
8428,Np Thyroid 90mg,90mg · 30 count,Retail Generic,43.79
8429,Np Thyroid 90mg,90mg · 60 count,Retail Generic,81.58
8430,Np Thyroid 90mg,90mg · 90 count,Retail Generic,119.37
8447,Olanzapine 10mg,10mg · 30 count,Retail Generic,9.85
8448,Olanzapine 10mg,10mg · 60 count,Retail Generic,13.70
8449,Olanzapine 10mg,10mg · 90 count,Retail Generic,17.54
8450,Olanzapine 15mg,15mg · 30 count,Retail Generic,10.76
8451,Olanzapine 15mg,15mg · 60 count,Retail Generic,15.53
8452,Olanzapine 15mg,15mg · 90 count,Retail Generic,20.29
8438,Olanzapine 2.5mg,2.5mg · 30 count,Retail Generic,8.79
8439,Olanzapine 2.5mg,2.5mg · 60 count,Retail Generic,11.58
8440,Olanzapine 2.5mg,2.5mg · 90 count,Retail Generic,14.38
8453,Olanzapine 20mg,20mg · 30 count,Retail Generic,11.34
8454,Olanzapine 20mg,20mg · 60 count,Retail Generic,16.69
8455,Olanzapine 20mg,20mg · 90 count,Retail Generic,22.03
8441,Olanzapine 5mg,5mg · 30 count,Retail Generic,9.28
8442,Olanzapine 5mg,5mg · 60 count,Retail Generic,12.56
8443,Olanzapine 5mg,5mg · 90 count,Retail Generic,15.85
8444,Olanzapine 7.5mg,7.5mg · 30 count,Retail Generic,9.18
8445,Olanzapine 7.5mg,7.5mg · 60 count,Retail Generic,12.35
8446,Olanzapine 7.5mg,7.5mg · 90 count,Retail Generic,15.53
8462,Olanzapine ODT 10mg,10mg · 30 count,Retail Generic,21.33
8463,Olanzapine ODT 10mg,10mg · 60 count,Retail Generic,36.66
8464,Olanzapine ODT 10mg,10mg · 90 count,Retail Generic,52.00
8465,Olanzapine ODT 15mg,15mg · 30 count,Retail Generic,30.35
8466,Olanzapine ODT 15mg,15mg · 60 count,Retail Generic,54.69
8467,Olanzapine ODT 15mg,15mg · 90 count,Retail Generic,79.04
8468,Olanzapine ODT 20mg,20mg · 30 count,Retail Generic,35.00
8469,Olanzapine ODT 20mg,20mg · 60 count,Retail Generic,64.00
8470,Olanzapine ODT 20mg,20mg · 90 count,Retail Generic,93.00
8459,Olanzapine ODT 5mg,5mg · 30 count,Retail Generic,17.71
8460,Olanzapine ODT 5mg,5mg · 60 count,Retail Generic,29.43
8461,Olanzapine ODT 5mg,5mg · 90 count,Retail Generic,41.14
8456,Olanzapine-Fluoxetine 3-25mg,3-25mg · 30 count,Retail Generic,143.58
8457,Olanzapine-Fluoxetine 6-25mg,6-25mg · 30 count,Retail Generic,169.01
8458,Olanzapine-Fluoxetine 6-50mg,6-50mg · 30 count,Retail Generic,182.35
8483,Olmesartan Medoxomil 20mg,20mg · 30 count,Retail Generic,8.68
8484,Olmesartan Medoxomil 20mg,20mg · 60 count,Retail Generic,11.37
8485,Olmesartan Medoxomil 20mg,20mg · 90 count,Retail Generic,14.05
8486,Olmesartan Medoxomil 40mg,40mg · 30 count,Retail Generic,10.42
8487,Olmesartan Medoxomil 40mg,40mg · 60 count,Retail Generic,14.84
8488,Olmesartan Medoxomil 40mg,40mg · 90 count,Retail Generic,19.27
8480,Olmesartan Medoxomil 5mg,5mg · 30 count,Retail Generic,8.12
8481,Olmesartan Medoxomil 5mg,5mg · 60 count,Retail Generic,10.23
8482,Olmesartan Medoxomil 5mg,5mg · 90 count,Retail Generic,12.35
8471,Olmesartan-Hydrochlorothiazide 20-12.5mg,20-12.5mg · 30 count,Retail Generic,12.08
8472,Olmesartan-Hydrochlorothiazide 20-12.5mg,20-12.5mg · 60 count,Retail Generic,18.16
8473,Olmesartan-Hydrochlorothiazide 20-12.5mg,20-12.5mg · 90 count,Retail Generic,24.24
8474,Olmesartan-Hydrochlorothiazide 40-12.5mg,40-12.5mg · 30 count,Retail Generic,14.11
8475,Olmesartan-Hydrochlorothiazide 40-12.5mg,40-12.5mg · 60 count,Retail Generic,22.22
8476,Olmesartan-Hydrochlorothiazide 40-12.5mg,40-12.5mg · 90 count,Retail Generic,30.33
8477,Olmesartan-Hydrochlorothiazide 40-25mg,40-25mg · 30 count,Retail Generic,13.50
8478,Olmesartan-Hydrochlorothiazide 40-25mg,40-25mg · 60 count,Retail Generic,21.01
8479,Olmesartan-Hydrochlorothiazide 40-25mg,40-25mg · 90 count,Retail Generic,28.51
8489,Olmsrtn-Amldpn-Hydrochlorothiazide 40-10-25mg,40-10-25mg · 30 count,Retail Generic,55.28
8490,Olmsrtn-Amldpn-Hydrochlorothiazide 40-10-25mg,40-10-25mg · 60 count,Retail Generic,104.57
8491,Olmsrtn-Amldpn-Hydrochlorothiazide 40-10-25mg,40-10-25mg · 90 count,Retail Generic,153.85
8492,Olmsrtn-Amldpn-Hydrochlorothiazide 40-5-25mg,40-5-25mg · 30 count,Retail Generic,48.53
8493,Olmsrtn-Amldpn-Hydrochlorothiazide 40-5-25mg,40-5-25mg · 60 count,Retail Generic,91.06
8494,Olmsrtn-Amldpn-Hydrochlorothiazide 40-5-25mg,40-5-25mg · 90 count,Retail Generic,133.60
8495,Omega-3 Ethyl Esters 1gm,1gm · 30 count,Retail Generic,12.01
8496,Omega-3 Ethyl Esters 1gm,1gm · 60 count,Retail Generic,18.02
8497,Omega-3 Ethyl Esters 1gm,1gm · 90 count,Retail Generic,24.03
8498,Omeprazole DR 10mg,10mg · 30 count,Retail Generic,8.58
8499,Omeprazole DR 10mg,10mg · 60 count,Retail Generic,11.16
8500,Omeprazole DR 10mg,10mg · 90 count,Retail Generic,13.74
8501,Omeprazole DR 20mg,20mg · 30 count,Retail Generic,7.08
8502,Omeprazole DR 20mg,20mg · 60 count,Retail Generic,8.17
8503,Omeprazole DR 20mg,20mg · 90 count,Retail Generic,9.25
8504,Omeprazole DR 40mg,40mg · 30 count,Retail Generic,7.87
8505,Omeprazole DR 40mg,40mg · 60 count,Retail Generic,9.74
8506,Omeprazole DR 40mg,40mg · 90 count,Retail Generic,11.61
8507,Ondansetron 4mg,4mg · 30 count,Retail Generic,8.49
8508,Ondansetron 4mg,4mg · 60 count,Retail Generic,10.97
8509,Ondansetron 4mg,4mg · 90 count,Retail Generic,13.46
8510,Ondansetron 8mg,8mg · 30 count,Retail Generic,9.53
8511,Ondansetron 8mg,8mg · 60 count,Retail Generic,13.06
8512,Ondansetron 8mg,8mg · 90 count,Retail Generic,16.60
8513,Ondansetron ODT 4mg,4mg · 30 count,Retail Generic,11.57
8514,Ondansetron ODT 4mg,4mg · 60 count,Retail Generic,17.15
8515,Ondansetron ODT 4mg,4mg · 90 count,Retail Generic,22.72
8516,Ondansetron ODT 8mg,8mg · 30 count,Retail Generic,12.22
8517,Ondansetron ODT 8mg,8mg · 60 count,Retail Generic,18.44
8518,Ondansetron ODT 8mg,8mg · 90 count,Retail Generic,24.66
8519,Orphenadrine ER 100mg,100mg · 30 count,Retail Generic,21.51
8520,Orphenadrine ER 100mg,100mg · 60 count,Retail Generic,37.02
8521,Orphenadrine ER 100mg,100mg · 90 count,Retail Generic,52.53
8522,Orquidea 0.35mg,0.35mg · 30 count,Retail Generic,9.06
8523,Orquidea 0.35mg,0.35mg · 60 count,Retail Generic,12.11
8524,Orquidea 0.35mg,0.35mg · 90 count,Retail Generic,15.17
8525,Oscimin 0.125mg,0.125mg · 30 count,Retail Generic,13.02
8526,Oscimin 0.125mg,0.125mg · 60 count,Retail Generic,20.05
8527,Oscimin 0.125mg,0.125mg · 90 count,Retail Generic,27.07
8528,Oseltamivir Phos 30mg,30mg · 30 count,Retail Generic,35.86
8529,Oseltamivir Phos 30mg,30mg · 60 count,Retail Generic,65.71
8530,Oseltamivir Phos 30mg,30mg · 90 count,Retail Generic,95.57
8531,Oseltamivir Phos 45mg,45mg · 30 count,Retail Generic,47.40
8532,Oseltamivir Phos 45mg,45mg · 60 count,Retail Generic,88.81
8533,Oseltamivir Phos 45mg,45mg · 90 count,Retail Generic,130.21
8534,Oseltamivir Phos 75mg,75mg · 30 count,Retail Generic,38.88
8535,Oseltamivir Phos 75mg,75mg · 60 count,Retail Generic,71.76
8536,Oseltamivir Phos 75mg,75mg · 90 count,Retail Generic,104.65
8537,Oxaprozin 600mg,600mg · 30 count,Retail Generic,26.82
8538,Oxaprozin 600mg,600mg · 60 count,Retail Generic,47.65
8539,Oxaprozin 600mg,600mg · 90 count,Retail Generic,68.47
8540,Oxcarbazepine 150mg,150mg · 30 count,Retail Generic,10.15
8541,Oxcarbazepine 150mg,150mg · 60 count,Retail Generic,14.30
8542,Oxcarbazepine 150mg,150mg · 90 count,Retail Generic,18.45
8543,Oxcarbazepine 300mg,300mg · 30 count,Retail Generic,12.22
8544,Oxcarbazepine 300mg,300mg · 60 count,Retail Generic,18.45
8545,Oxcarbazepine 300mg,300mg · 90 count,Retail Generic,24.67
8546,Oxcarbazepine 600mg,600mg · 30 count,Retail Generic,18.56
8547,Oxcarbazepine 600mg,600mg · 60 count,Retail Generic,31.12
8548,Oxcarbazepine 600mg,600mg · 90 count,Retail Generic,43.69
8549,Oxcarbazepine ER 150mg,150mg · 30 count,Retail Generic,195.55
8550,Oxybutynin 2.5mg,2.5mg · 30 count,Retail Generic,83.30
8551,Oxybutynin 2.5mg,2.5mg · 60 count,Retail Generic,160.60
8552,Oxybutynin 5mg,5mg · 30 count,Retail Generic,7.70
8553,Oxybutynin 5mg,5mg · 60 count,Retail Generic,9.40
8554,Oxybutynin 5mg,5mg · 90 count,Retail Generic,11.10
8558,Oxybutynin Cl ER 10mg,10mg · 30 count,Retail Generic,9.85
8559,Oxybutynin Cl ER 10mg,10mg · 60 count,Retail Generic,13.70
8560,Oxybutynin Cl ER 10mg,10mg · 90 count,Retail Generic,17.55
8561,Oxybutynin Cl ER 15mg,15mg · 30 count,Retail Generic,10.18
8562,Oxybutynin Cl ER 15mg,15mg · 60 count,Retail Generic,14.36
8563,Oxybutynin Cl ER 15mg,15mg · 90 count,Retail Generic,18.54
8555,Oxybutynin Cl ER 5mg,5mg · 30 count,Retail Generic,9.34
8556,Oxybutynin Cl ER 5mg,5mg · 60 count,Retail Generic,12.68
8557,Oxybutynin Cl ER 5mg,5mg · 90 count,Retail Generic,16.02
8564,Paliperidone ER 1.5mg,1.5mg · 30 count,Retail Generic,45.21
8565,Paliperidone ER 1.5mg,1.5mg · 60 count,Retail Generic,84.41
8566,Paliperidone ER 1.5mg,1.5mg · 90 count,Retail Generic,123.62
8567,Paliperidone ER 3mg,3mg · 30 count,Retail Generic,49.94
8568,Paliperidone ER 3mg,3mg · 60 count,Retail Generic,93.89
8569,Paliperidone ER 3mg,3mg · 90 count,Retail Generic,137.83
8570,Paliperidone ER 6mg,6mg · 30 count,Retail Generic,51.59
8571,Paliperidone ER 6mg,6mg · 60 count,Retail Generic,97.19
8572,Paliperidone ER 6mg,6mg · 90 count,Retail Generic,142.78
8573,Paliperidone ER 9mg,9mg · 30 count,Retail Generic,56.69
8574,Paliperidone ER 9mg,9mg · 60 count,Retail Generic,107.38
8575,Paliperidone ER 9mg,9mg · 90 count,Retail Generic,158.07
8576,Pantoprazole DR 20mg,20mg · 30 count,Retail Generic,7.68
8577,Pantoprazole DR 20mg,20mg · 60 count,Retail Generic,9.35
8578,Pantoprazole DR 20mg,20mg · 90 count,Retail Generic,11.03
8579,Pantoprazole DR 40mg,40mg · 30 count,Retail Generic,7.30
8580,Pantoprazole DR 40mg,40mg · 60 count,Retail Generic,8.59
8581,Pantoprazole DR 40mg,40mg · 90 count,Retail Generic,9.89
8582,Paricalcitol 1mcg,1mcg · 30 count,Retail Generic,37.33
8583,Paricalcitol 1mcg,1mcg · 60 count,Retail Generic,68.66
8584,Paricalcitol 1mcg,1mcg · 90 count,Retail Generic,99.99
8585,Paricalcitol 2mcg,2mcg · 30 count,Retail Generic,69.40
8586,Paricalcitol 2mcg,2mcg · 60 count,Retail Generic,132.81
8587,Paricalcitol 2mcg,2mcg · 90 count,Retail Generic,196.21
8588,Paroxetine 10mg,10mg · 30 count,Retail Generic,8.55
8589,Paroxetine 10mg,10mg · 60 count,Retail Generic,11.10
8590,Paroxetine 10mg,10mg · 90 count,Retail Generic,13.65
8591,Paroxetine 20mg,20mg · 30 count,Retail Generic,8.66
8592,Paroxetine 20mg,20mg · 60 count,Retail Generic,11.32
8593,Paroxetine 20mg,20mg · 90 count,Retail Generic,13.99
8594,Paroxetine 30mg,30mg · 30 count,Retail Generic,9.51
8595,Paroxetine 30mg,30mg · 60 count,Retail Generic,13.03
8596,Paroxetine 30mg,30mg · 90 count,Retail Generic,16.54
8597,Paroxetine 40mg,40mg · 30 count,Retail Generic,9.94
8598,Paroxetine 40mg,40mg · 60 count,Retail Generic,13.88
8599,Paroxetine 40mg,40mg · 90 count,Retail Generic,17.81
8600,Paroxetine Cr 12.5mg,12.5mg · 30 count,Retail Generic,22.04
8601,Paroxetine Cr 12.5mg,12.5mg · 60 count,Retail Generic,38.08
8602,Paroxetine Cr 12.5mg,12.5mg · 90 count,Retail Generic,54.12
8603,Paroxetine Cr 25mg,25mg · 30 count,Retail Generic,23.52
8604,Paroxetine Cr 25mg,25mg · 60 count,Retail Generic,41.04
8605,Paroxetine Cr 25mg,25mg · 90 count,Retail Generic,58.56
8606,Paroxetine Cr 37.5mg,37.5mg · 30 count,Retail Generic,23.91
8607,Paroxetine Cr 37.5mg,37.5mg · 60 count,Retail Generic,41.81
8608,Paroxetine Cr 37.5mg,37.5mg · 90 count,Retail Generic,59.72
8609,Paroxetine ER 12.5mg,12.5mg · 30 count,Retail Generic,22.04
8610,Paroxetine ER 12.5mg,12.5mg · 60 count,Retail Generic,38.08
8611,Paroxetine ER 12.5mg,12.5mg · 90 count,Retail Generic,54.12
8612,Paroxetine ER 25mg,25mg · 30 count,Retail Generic,23.52
8613,Paroxetine ER 25mg,25mg · 60 count,Retail Generic,41.04
8614,Paroxetine ER 25mg,25mg · 90 count,Retail Generic,58.56
8615,Paroxetine ER 37.5mg,37.5mg · 30 count,Retail Generic,23.91
8616,Paroxetine ER 37.5mg,37.5mg · 60 count,Retail Generic,41.81
8617,Paroxetine ER 37.5mg,37.5mg · 90 count,Retail Generic,59.72
8618,Penicillin Vk 250mg,250mg · 30 count,Retail Generic,8.35
8619,Penicillin Vk 250mg,250mg · 60 count,Retail Generic,10.70
8620,Penicillin Vk 250mg,250mg · 90 count,Retail Generic,13.04
8621,Penicillin Vk 500mg,500mg · 30 count,Retail Generic,9.99
8622,Penicillin Vk 500mg,500mg · 60 count,Retail Generic,13.98
8623,Penicillin Vk 500mg,500mg · 90 count,Retail Generic,17.98
8624,Pentoxifylline ER 400mg,400mg · 30 count,Retail Generic,14.10
8625,Pentoxifylline ER 400mg,400mg · 60 count,Retail Generic,22.20
8626,Pentoxifylline ER 400mg,400mg · 90 count,Retail Generic,30.30
8627,Perindopril Erbumine 2mg,2mg · 30 count,Retail Generic,24.54
8628,Perindopril Erbumine 2mg,2mg · 60 count,Retail Generic,43.08
8629,Perindopril Erbumine 2mg,2mg · 90 count,Retail Generic,61.63
8630,Perindopril Erbumine 4mg,4mg · 30 count,Retail Generic,25.01
8631,Perindopril Erbumine 4mg,4mg · 60 count,Retail Generic,44.02
8632,Perindopril Erbumine 4mg,4mg · 90 count,Retail Generic,63.04
8633,Perindopril Erbumine 8mg,8mg · 30 count,Retail Generic,27.74
8634,Perindopril Erbumine 8mg,8mg · 60 count,Retail Generic,49.49
8635,Perindopril Erbumine 8mg,8mg · 90 count,Retail Generic,71.23
8645,Perphenazine 16mg,16mg · 30 count,Retail Generic,25.61
8646,Perphenazine 16mg,16mg · 60 count,Retail Generic,45.23
8647,Perphenazine 16mg,16mg · 90 count,Retail Generic,64.84
8636,Perphenazine 2mg,2mg · 30 count,Retail Generic,11.78
8637,Perphenazine 2mg,2mg · 60 count,Retail Generic,17.56
8638,Perphenazine 2mg,2mg · 90 count,Retail Generic,23.34
8639,Perphenazine 4mg,4mg · 30 count,Retail Generic,11.68
8640,Perphenazine 4mg,4mg · 60 count,Retail Generic,17.36
8641,Perphenazine 4mg,4mg · 90 count,Retail Generic,23.04
8642,Perphenazine 8mg,8mg · 30 count,Retail Generic,14.90
8643,Perphenazine 8mg,8mg · 60 count,Retail Generic,23.80
8644,Perphenazine 8mg,8mg · 90 count,Retail Generic,32.70
8648,Phenazopyridine 100mg,100mg · 30 count,Retail Generic,12.06
8649,Phenazopyridine 100mg,100mg · 60 count,Retail Generic,18.12
8650,Phenazopyridine 100mg,100mg · 90 count,Retail Generic,24.19
8651,Phenazopyridine 200mg,200mg · 30 count,Retail Generic,12.55
8652,Phenazopyridine 200mg,200mg · 60 count,Retail Generic,19.10
8653,Phenazopyridine 200mg,200mg · 90 count,Retail Generic,25.65
8654,Phenelzine 15mg,15mg · 30 count,Retail Generic,26.67
8655,Phenelzine 15mg,15mg · 60 count,Retail Generic,47.35
8656,Phenelzine 15mg,15mg · 90 count,Retail Generic,68.02
8657,Phenytoin Ext 100mg,100mg · 30 count,Retail Generic,11.14
8658,Phenytoin Ext 100mg,100mg · 60 count,Retail Generic,16.27
8659,Phenytoin Ext 100mg,100mg · 90 count,Retail Generic,21.41
8660,Pilocarpine 5mg,5mg · 30 count,Retail Generic,19.72
8661,Pilocarpine 5mg,5mg · 60 count,Retail Generic,33.44
8662,Pilocarpine 5mg,5mg · 90 count,Retail Generic,47.16
8663,Pilocarpine 7.5mg,7.5mg · 30 count,Retail Generic,21.34
8664,Pilocarpine 7.5mg,7.5mg · 60 count,Retail Generic,36.69
8665,Pilocarpine 7.5mg,7.5mg · 90 count,Retail Generic,52.03
8666,Pimozide 1mg,1mg · 30 count,Retail Generic,51.16
8667,Pimozide 1mg,1mg · 60 count,Retail Generic,96.32
8668,Pimozide 1mg,1mg · 90 count,Retail Generic,141.47
8669,Pimozide 2mg,2mg · 30 count,Retail Generic,67.68
8670,Pimozide 2mg,2mg · 60 count,Retail Generic,129.36
8671,Pimozide 2mg,2mg · 90 count,Retail Generic,191.04
8675,Pindolol 10mg,10mg · 30 count,Retail Generic,34.60
8676,Pindolol 10mg,10mg · 60 count,Retail Generic,63.20
8677,Pindolol 10mg,10mg · 90 count,Retail Generic,91.80
8672,Pindolol 5mg,5mg · 30 count,Retail Generic,29.94
8673,Pindolol 5mg,5mg · 60 count,Retail Generic,53.88
8674,Pindolol 5mg,5mg · 90 count,Retail Generic,77.82
8678,Pioglitazone 15mg,15mg · 30 count,Retail Generic,8.49
8679,Pioglitazone 15mg,15mg · 60 count,Retail Generic,10.99
8680,Pioglitazone 15mg,15mg · 90 count,Retail Generic,13.48
8681,Pioglitazone 30mg,30mg · 30 count,Retail Generic,9.51
8682,Pioglitazone 30mg,30mg · 60 count,Retail Generic,13.01
8683,Pioglitazone 30mg,30mg · 90 count,Retail Generic,16.52
8684,Pioglitazone 45mg,45mg · 30 count,Retail Generic,10.27
8685,Pioglitazone 45mg,45mg · 60 count,Retail Generic,14.53
8686,Pioglitazone 45mg,45mg · 90 count,Retail Generic,18.80
8687,Pirfenidone 267mg,267mg · 30 count,Retail Generic,50.99
8688,Pirfenidone 267mg,267mg · 60 count,Retail Generic,95.97
8689,Pirfenidone 267mg,267mg · 90 count,Retail Generic,140.96
8690,Pirfenidone 801mg,801mg · 30 count,Retail Generic,154.25
8691,Piroxicam 10mg,10mg · 30 count,Retail Generic,12.76
8692,Piroxicam 10mg,10mg · 60 count,Retail Generic,19.51
8693,Piroxicam 10mg,10mg · 90 count,Retail Generic,26.27
8694,Piroxicam 20mg,20mg · 30 count,Retail Generic,12.77
8695,Piroxicam 20mg,20mg · 60 count,Retail Generic,19.54
8696,Piroxicam 20mg,20mg · 90 count,Retail Generic,26.31
8697,Pitavastatin 1mg,1mg · 30 count,Retail Generic,61.12
8698,Pitavastatin 1mg,1mg · 60 count,Retail Generic,116.24
8699,Pitavastatin 1mg,1mg · 90 count,Retail Generic,171.37
8700,Pitavastatin 2mg,2mg · 30 count,Retail Generic,53.56
8701,Pitavastatin 2mg,2mg · 60 count,Retail Generic,101.12
8702,Pitavastatin 2mg,2mg · 90 count,Retail Generic,148.68
8703,Pitavastatin 4mg,4mg · 30 count,Retail Generic,61.73
8704,Pitavastatin 4mg,4mg · 60 count,Retail Generic,117.45
8705,Pitavastatin 4mg,4mg · 90 count,Retail Generic,173.18
8706,Posaconazole DR 100mg,100mg · 30 count,Retail Generic,122.96
8707,Pramipexole 0.125mg,0.125mg · 30 count,Retail Generic,7.49
8708,Pramipexole 0.125mg,0.125mg · 60 count,Retail Generic,8.97
8709,Pramipexole 0.125mg,0.125mg · 90 count,Retail Generic,10.46
8710,Pramipexole 0.25mg,0.25mg · 30 count,Retail Generic,7.70
8711,Pramipexole 0.25mg,0.25mg · 60 count,Retail Generic,9.41
8712,Pramipexole 0.25mg,0.25mg · 90 count,Retail Generic,11.11
8713,Pramipexole 0.5mg,0.5mg · 30 count,Retail Generic,8.01
8714,Pramipexole 0.5mg,0.5mg · 60 count,Retail Generic,10.03
8715,Pramipexole 0.5mg,0.5mg · 90 count,Retail Generic,12.04
8716,Pramipexole 0.75mg,0.75mg · 30 count,Retail Generic,8.53
8717,Pramipexole 0.75mg,0.75mg · 60 count,Retail Generic,11.05
8718,Pramipexole 0.75mg,0.75mg · 90 count,Retail Generic,13.58
8722,Pramipexole 1.5mg,1.5mg · 30 count,Retail Generic,8.29
8723,Pramipexole 1.5mg,1.5mg · 60 count,Retail Generic,10.57
8724,Pramipexole 1.5mg,1.5mg · 90 count,Retail Generic,12.86
8719,Pramipexole 1mg,1mg · 30 count,Retail Generic,8.21
8720,Pramipexole 1mg,1mg · 60 count,Retail Generic,10.43
8721,Pramipexole 1mg,1mg · 90 count,Retail Generic,12.64
8725,Pramipexole ER 0.375mg,0.375mg · 30 count,Retail Generic,58.07
8726,Pramipexole ER 0.375mg,0.375mg · 60 count,Retail Generic,110.14
8727,Pramipexole ER 0.375mg,0.375mg · 90 count,Retail Generic,162.20
8728,Pramipexole ER 0.75mg,0.75mg · 30 count,Retail Generic,53.51
8729,Pramipexole ER 0.75mg,0.75mg · 60 count,Retail Generic,101.01
8730,Pramipexole ER 0.75mg,0.75mg · 90 count,Retail Generic,148.52
8731,Pramipexole ER 1.5mg,1.5mg · 30 count,Retail Generic,68.63
8732,Pramipexole ER 1.5mg,1.5mg · 60 count,Retail Generic,131.26
8733,Pramipexole ER 1.5mg,1.5mg · 90 count,Retail Generic,193.89
8734,Pramipexole ER 2.25mg,2.25mg · 30 count,Retail Generic,89.23
8735,Pramipexole ER 2.25mg,2.25mg · 60 count,Retail Generic,172.47
8737,Pramipexole ER 3.75mg,3.75mg · 30 count,Retail Generic,92.02
8738,Pramipexole ER 3.75mg,3.75mg · 60 count,Retail Generic,178.03
8736,Pramipexole ER 3mg,3mg · 30 count,Retail Generic,115.41
8739,Pramipexole ER 4.5mg,4.5mg · 30 count,Retail Generic,87.59
8740,Pramipexole ER 4.5mg,4.5mg · 60 count,Retail Generic,169.17
8744,Prasugrel 10mg,10mg · 30 count,Retail Generic,16.18
8745,Prasugrel 10mg,10mg · 60 count,Retail Generic,26.35
8746,Prasugrel 10mg,10mg · 90 count,Retail Generic,36.53
8741,Prasugrel 5mg,5mg · 30 count,Retail Generic,18.16
8742,Prasugrel 5mg,5mg · 60 count,Retail Generic,30.33
8743,Prasugrel 5mg,5mg · 90 count,Retail Generic,42.49
8747,Pravastatin 10mg,10mg · 30 count,Retail Generic,8.32
8748,Pravastatin 10mg,10mg · 60 count,Retail Generic,10.64
8749,Pravastatin 10mg,10mg · 90 count,Retail Generic,12.96
8750,Pravastatin 20mg,20mg · 30 count,Retail Generic,8.42
8751,Pravastatin 20mg,20mg · 60 count,Retail Generic,10.84
8752,Pravastatin 20mg,20mg · 90 count,Retail Generic,13.27
8753,Pravastatin 40mg,40mg · 30 count,Retail Generic,9.14
8754,Pravastatin 40mg,40mg · 60 count,Retail Generic,12.27
8755,Pravastatin 40mg,40mg · 90 count,Retail Generic,15.41
8756,Pravastatin 80mg,80mg · 30 count,Retail Generic,11.77
8757,Pravastatin 80mg,80mg · 60 count,Retail Generic,17.54
8758,Pravastatin 80mg,80mg · 90 count,Retail Generic,23.31
8759,Prazosin 1mg,1mg · 30 count,Retail Generic,9.34
8760,Prazosin 1mg,1mg · 60 count,Retail Generic,12.68
8761,Prazosin 1mg,1mg · 90 count,Retail Generic,16.02
8762,Prazosin 2mg,2mg · 30 count,Retail Generic,9.18
8763,Prazosin 2mg,2mg · 60 count,Retail Generic,12.36
8764,Prazosin 2mg,2mg · 90 count,Retail Generic,15.54
8765,Prazosin 5mg,5mg · 30 count,Retail Generic,11.28
8766,Prazosin 5mg,5mg · 60 count,Retail Generic,16.56
8767,Prazosin 5mg,5mg · 90 count,Retail Generic,21.84
8777,Prednisone 10mg,10mg · 30 count,Retail Generic,8.14
8778,Prednisone 10mg,10mg · 60 count,Retail Generic,10.28
8779,Prednisone 10mg,10mg · 90 count,Retail Generic,12.42
8768,Prednisone 1mg,1mg · 30 count,Retail Generic,7.47
8769,Prednisone 1mg,1mg · 60 count,Retail Generic,8.95
8770,Prednisone 1mg,1mg · 90 count,Retail Generic,10.42
8771,Prednisone 2.5mg,2.5mg · 30 count,Retail Generic,8.62
8772,Prednisone 2.5mg,2.5mg · 60 count,Retail Generic,11.25
8773,Prednisone 2.5mg,2.5mg · 90 count,Retail Generic,13.87
8780,Prednisone 20mg,20mg · 30 count,Retail Generic,8.79
8781,Prednisone 20mg,20mg · 60 count,Retail Generic,11.58
8782,Prednisone 20mg,20mg · 90 count,Retail Generic,14.37
8783,Prednisone 50mg,50mg · 30 count,Retail Generic,13.13
8784,Prednisone 50mg,50mg · 60 count,Retail Generic,20.26
8785,Prednisone 50mg,50mg · 90 count,Retail Generic,27.39
8774,Prednisone 5mg,5mg · 30 count,Retail Generic,7.44
8775,Prednisone 5mg,5mg · 60 count,Retail Generic,8.87
8776,Prednisone 5mg,5mg · 90 count,Retail Generic,10.31
8786,Primaquine 26.3mg,26.3mg · 30 count,Retail Generic,76.70
8787,Primaquine 26.3mg,26.3mg · 60 count,Retail Generic,147.40
8791,Primidone 125mg,125mg · 30 count,Retail Generic,53.26
8792,Primidone 125mg,125mg · 60 count,Retail Generic,100.52
8793,Primidone 125mg,125mg · 90 count,Retail Generic,147.79
8794,Primidone 250mg,250mg · 30 count,Retail Generic,14.62
8795,Primidone 250mg,250mg · 60 count,Retail Generic,23.23
8796,Primidone 250mg,250mg · 90 count,Retail Generic,31.85
8788,Primidone 50mg,50mg · 30 count,Retail Generic,9.55
8789,Primidone 50mg,50mg · 60 count,Retail Generic,13.09
8790,Primidone 50mg,50mg · 90 count,Retail Generic,16.64
8797,Probenecid 500mg,500mg · 30 count,Retail Generic,31.86
8798,Probenecid 500mg,500mg · 60 count,Retail Generic,57.73
8799,Probenecid 500mg,500mg · 90 count,Retail Generic,83.59
8803,Prochlorperazine 10mg,10mg · 30 count,Retail Generic,13.21
8804,Prochlorperazine 10mg,10mg · 60 count,Retail Generic,20.42
8805,Prochlorperazine 10mg,10mg · 90 count,Retail Generic,27.63
8800,Prochlorperazine 5mg,5mg · 30 count,Retail Generic,11.21
8801,Prochlorperazine 5mg,5mg · 60 count,Retail Generic,16.43
8802,Prochlorperazine 5mg,5mg · 90 count,Retail Generic,21.64
8806,Progesterone 100mg,100mg · 30 count,Retail Generic,14.50
8807,Progesterone 100mg,100mg · 60 count,Retail Generic,23.00
8808,Progesterone 100mg,100mg · 90 count,Retail Generic,31.50
8809,Progesterone 200mg,200mg · 30 count,Retail Generic,21.01
8810,Progesterone 200mg,200mg · 60 count,Retail Generic,36.03
8811,Progesterone 200mg,200mg · 90 count,Retail Generic,51.04
8812,Promethazine 12.5mg,12.5mg · 30 count,Retail Generic,7.85
8813,Promethazine 12.5mg,12.5mg · 60 count,Retail Generic,9.69
8814,Promethazine 12.5mg,12.5mg · 90 count,Retail Generic,11.54
8815,Promethazine 25mg,25mg · 30 count,Retail Generic,7.77
8816,Promethazine 25mg,25mg · 60 count,Retail Generic,9.54
8817,Promethazine 25mg,25mg · 90 count,Retail Generic,11.31
8818,Promethazine 50mg,50mg · 30 count,Retail Generic,9.00
8819,Promethazine 50mg,50mg · 60 count,Retail Generic,11.99
8820,Promethazine 50mg,50mg · 90 count,Retail Generic,14.99
8821,Propafenone 150mg,150mg · 30 count,Retail Generic,10.09
8822,Propafenone 150mg,150mg · 60 count,Retail Generic,14.18
8823,Propafenone 150mg,150mg · 90 count,Retail Generic,18.28
8824,Propafenone 225mg,225mg · 30 count,Retail Generic,13.34
8825,Propafenone 225mg,225mg · 60 count,Retail Generic,20.68
8826,Propafenone 225mg,225mg · 90 count,Retail Generic,28.02
8827,Propafenone 300mg,300mg · 30 count,Retail Generic,23.46
8828,Propafenone 300mg,300mg · 60 count,Retail Generic,40.93
8829,Propafenone 300mg,300mg · 90 count,Retail Generic,58.39
8830,Propafenone ER 225mg,225mg · 30 count,Retail Generic,19.60
8831,Propafenone ER 225mg,225mg · 60 count,Retail Generic,33.21
8832,Propafenone ER 225mg,225mg · 90 count,Retail Generic,46.81
8833,Propafenone ER 325mg,325mg · 30 count,Retail Generic,24.02
8834,Propafenone ER 325mg,325mg · 60 count,Retail Generic,42.03
8835,Propafenone ER 325mg,325mg · 90 count,Retail Generic,60.05
8836,Propafenone ER 425mg,425mg · 30 count,Retail Generic,42.74
8837,Propafenone ER 425mg,425mg · 60 count,Retail Generic,79.48
8838,Propafenone ER 425mg,425mg · 90 count,Retail Generic,116.22
8839,Propranolol 10mg,10mg · 30 count,Retail Generic,7.79
8840,Propranolol 10mg,10mg · 60 count,Retail Generic,9.59
8841,Propranolol 10mg,10mg · 90 count,Retail Generic,11.38
8842,Propranolol 20mg,20mg · 30 count,Retail Generic,8.15
8843,Propranolol 20mg,20mg · 60 count,Retail Generic,10.29
8844,Propranolol 20mg,20mg · 90 count,Retail Generic,12.44
8845,Propranolol 40mg,40mg · 30 count,Retail Generic,8.88
8846,Propranolol 40mg,40mg · 60 count,Retail Generic,11.77
8847,Propranolol 40mg,40mg · 90 count,Retail Generic,14.65
8848,Propranolol 60mg,60mg · 30 count,Retail Generic,10.97
8849,Propranolol 60mg,60mg · 60 count,Retail Generic,15.94
8850,Propranolol 60mg,60mg · 90 count,Retail Generic,20.91
8851,Propranolol 80mg,80mg · 30 count,Retail Generic,11.61
8852,Propranolol 80mg,80mg · 60 count,Retail Generic,17.22
8853,Propranolol 80mg,80mg · 90 count,Retail Generic,22.83
8860,Propranolol ER 120mg,120mg · 30 count,Retail Generic,13.20
8861,Propranolol ER 120mg,120mg · 60 count,Retail Generic,20.41
8862,Propranolol ER 120mg,120mg · 90 count,Retail Generic,27.61
8863,Propranolol ER 160mg,160mg · 30 count,Retail Generic,18.19
8864,Propranolol ER 160mg,160mg · 60 count,Retail Generic,30.38
8865,Propranolol ER 160mg,160mg · 90 count,Retail Generic,42.57
8854,Propranolol ER 60mg,60mg · 30 count,Retail Generic,12.45
8855,Propranolol ER 60mg,60mg · 60 count,Retail Generic,18.90
8856,Propranolol ER 60mg,60mg · 90 count,Retail Generic,25.34
8857,Propranolol ER 80mg,80mg · 30 count,Retail Generic,13.02
8858,Propranolol ER 80mg,80mg · 60 count,Retail Generic,20.05
8859,Propranolol ER 80mg,80mg · 90 count,Retail Generic,27.07
8866,Propylthiouracil 50mg,50mg · 30 count,Retail Generic,16.01
8867,Propylthiouracil 50mg,50mg · 60 count,Retail Generic,26.03
8868,Propylthiouracil 50mg,50mg · 90 count,Retail Generic,36.04
8870,Protriptyline 10mg,10mg · 30 count,Retail Generic,117.42
8869,Protriptyline 5mg,5mg · 30 count,Retail Generic,112.50
8871,Prucalopride 1mg,1mg · 30 count,Retail Generic,35.74
8872,Prucalopride 1mg,1mg · 60 count,Retail Generic,65.48
8873,Prucalopride 1mg,1mg · 90 count,Retail Generic,95.23
8874,Prucalopride 2mg,2mg · 30 count,Retail Generic,33.35
8875,Prucalopride 2mg,2mg · 60 count,Retail Generic,60.70
8876,Prucalopride 2mg,2mg · 90 count,Retail Generic,88.05
8877,Pyrazinamide 500mg,500mg · 30 count,Retail Generic,79.62
8878,Pyrazinamide 500mg,500mg · 60 count,Retail Generic,153.25
8879,Pyridostigmine Br 60mg,60mg · 30 count,Retail Generic,15.80
8880,Pyridostigmine Br 60mg,60mg · 60 count,Retail Generic,25.60
8881,Pyridostigmine Br 60mg,60mg · 90 count,Retail Generic,35.40
8882,Pyridostigmine ER 180mg,180mg · 30 count,Retail Generic,172.34
8898,Quetiapine 100mg,100mg · 30 count,Retail Generic,7.93
8899,Quetiapine 100mg,100mg · 60 count,Retail Generic,9.86
8900,Quetiapine 100mg,100mg · 90 count,Retail Generic,11.78
8901,Quetiapine 200mg,200mg · 30 count,Retail Generic,9.04
8902,Quetiapine 200mg,200mg · 60 count,Retail Generic,12.08
8903,Quetiapine 200mg,200mg · 90 count,Retail Generic,15.12
8892,Quetiapine 25mg,25mg · 30 count,Retail Generic,7.15
8893,Quetiapine 25mg,25mg · 60 count,Retail Generic,8.30
8894,Quetiapine 25mg,25mg · 90 count,Retail Generic,9.44
8904,Quetiapine 300mg,300mg · 30 count,Retail Generic,10.59
8905,Quetiapine 300mg,300mg · 60 count,Retail Generic,15.19
8906,Quetiapine 300mg,300mg · 90 count,Retail Generic,19.78
8907,Quetiapine 400mg,400mg · 30 count,Retail Generic,12.17
8908,Quetiapine 400mg,400mg · 60 count,Retail Generic,18.35
8909,Quetiapine 400mg,400mg · 90 count,Retail Generic,24.52
8895,Quetiapine 50mg,50mg · 30 count,Retail Generic,7.34
8896,Quetiapine 50mg,50mg · 60 count,Retail Generic,8.67
8897,Quetiapine 50mg,50mg · 90 count,Retail Generic,10.01
8913,Quetiapine ER 150mg,150mg · 30 count,Retail Generic,13.94
8914,Quetiapine ER 150mg,150mg · 60 count,Retail Generic,21.87
8915,Quetiapine ER 150mg,150mg · 90 count,Retail Generic,29.81
8916,Quetiapine ER 200mg,200mg · 30 count,Retail Generic,14.44
8917,Quetiapine ER 200mg,200mg · 60 count,Retail Generic,22.87
8918,Quetiapine ER 200mg,200mg · 90 count,Retail Generic,31.31
8919,Quetiapine ER 300mg,300mg · 30 count,Retail Generic,15.54
8920,Quetiapine ER 300mg,300mg · 60 count,Retail Generic,25.07
8921,Quetiapine ER 300mg,300mg · 90 count,Retail Generic,34.61
8922,Quetiapine ER 400mg,400mg · 30 count,Retail Generic,17.38
8923,Quetiapine ER 400mg,400mg · 60 count,Retail Generic,28.77
8924,Quetiapine ER 400mg,400mg · 90 count,Retail Generic,40.15
8910,Quetiapine ER 50mg,50mg · 30 count,Retail Generic,10.01
8911,Quetiapine ER 50mg,50mg · 60 count,Retail Generic,14.03
8912,Quetiapine ER 50mg,50mg · 90 count,Retail Generic,18.04
8925,Quinidine Gluc ER 324mg,324mg · 30 count,Retail Generic,199.94
8926,Quinine 324mg,324mg · 30 count,Retail Generic,33.49
8927,Quinine 324mg,324mg · 60 count,Retail Generic,60.99
8928,Quinine 324mg,324mg · 90 count,Retail Generic,88.48
8929,Rabeprazole DR 20mg,20mg · 30 count,Retail Generic,14.71
8930,Rabeprazole DR 20mg,20mg · 60 count,Retail Generic,23.41
8931,Rabeprazole DR 20mg,20mg · 90 count,Retail Generic,32.12
8932,Raloxifene 60mg,60mg · 30 count,Retail Generic,15.28
8933,Raloxifene 60mg,60mg · 60 count,Retail Generic,24.56
8934,Raloxifene 60mg,60mg · 90 count,Retail Generic,33.83
8935,Ramelteon 8mg,8mg · 30 count,Retail Generic,33.29
8936,Ramelteon 8mg,8mg · 60 count,Retail Generic,60.59
8937,Ramelteon 8mg,8mg · 90 count,Retail Generic,87.88
8938,Ramipril 1.25mg,1.25mg · 30 count,Retail Generic,9.56
8939,Ramipril 1.25mg,1.25mg · 60 count,Retail Generic,13.12
8940,Ramipril 1.25mg,1.25mg · 90 count,Retail Generic,16.68
8947,Ramipril 10mg,10mg · 30 count,Retail Generic,8.60
8948,Ramipril 10mg,10mg · 60 count,Retail Generic,11.21
8949,Ramipril 10mg,10mg · 90 count,Retail Generic,13.81
8941,Ramipril 2.5mg,2.5mg · 30 count,Retail Generic,8.08
8942,Ramipril 2.5mg,2.5mg · 60 count,Retail Generic,10.16
8943,Ramipril 2.5mg,2.5mg · 90 count,Retail Generic,12.25
8944,Ramipril 5mg,5mg · 30 count,Retail Generic,7.84
8945,Ramipril 5mg,5mg · 60 count,Retail Generic,9.68
8946,Ramipril 5mg,5mg · 90 count,Retail Generic,11.53
8950,"Ranolazine ER 1,000mg","1,000mg · 30 count",Retail Generic,16.63
8951,"Ranolazine ER 1,000mg","1,000mg · 60 count",Retail Generic,27.27
8952,"Ranolazine ER 1,000mg","1,000mg · 90 count",Retail Generic,37.90
8953,Ranolazine ER 500mg,500mg · 30 count,Retail Generic,11.94
8954,Ranolazine ER 500mg,500mg · 60 count,Retail Generic,17.89
8955,Ranolazine ER 500mg,500mg · 90 count,Retail Generic,23.83
8956,Rasagiline 0.5mg,0.5mg · 30 count,Retail Generic,52.28
8957,Rasagiline 0.5mg,0.5mg · 60 count,Retail Generic,98.56
8958,Rasagiline 0.5mg,0.5mg · 90 count,Retail Generic,144.84
8959,Rasagiline 1mg,1mg · 30 count,Retail Generic,44.68
8960,Rasagiline 1mg,1mg · 60 count,Retail Generic,83.36
8961,Rasagiline 1mg,1mg · 90 count,Retail Generic,122.03
8962,Relgaabi 300mg,300mg · 30 count,Retail Generic,7.17
8963,Relgaabi 300mg,300mg · 60 count,Retail Generic,8.34
8964,Relgaabi 300mg,300mg · 90 count,Retail Generic,9.51
8965,Relgaabi 400mg,400mg · 30 count,Retail Generic,7.43
8966,Relgaabi 400mg,400mg · 60 count,Retail Generic,8.85
8967,Relgaabi 400mg,400mg · 90 count,Retail Generic,10.28
8968,Repaglinide 0.5mg,0.5mg · 30 count,Retail Generic,8.60
8969,Repaglinide 0.5mg,0.5mg · 60 count,Retail Generic,11.20
8970,Repaglinide 0.5mg,0.5mg · 90 count,Retail Generic,13.81
8971,Repaglinide 1mg,1mg · 30 count,Retail Generic,9.23
8972,Repaglinide 1mg,1mg · 60 count,Retail Generic,12.47
8973,Repaglinide 1mg,1mg · 90 count,Retail Generic,15.70
8974,Repaglinide 2mg,2mg · 30 count,Retail Generic,9.48
8975,Repaglinide 2mg,2mg · 60 count,Retail Generic,12.96
8976,Repaglinide 2mg,2mg · 90 count,Retail Generic,16.44
8977,Rifampin 150mg,150mg · 30 count,Retail Generic,30.86
8978,Rifampin 150mg,150mg · 60 count,Retail Generic,55.72
8979,Rifampin 150mg,150mg · 90 count,Retail Generic,80.58
8980,Rifampin 300mg,300mg · 30 count,Retail Generic,31.03
8981,Rifampin 300mg,300mg · 60 count,Retail Generic,56.06
8982,Rifampin 300mg,300mg · 90 count,Retail Generic,81.08
8983,Riluzole 50mg,50mg · 30 count,Retail Generic,17.17
8984,Riluzole 50mg,50mg · 60 count,Retail Generic,28.34
8985,Riluzole 50mg,50mg · 90 count,Retail Generic,39.51
8989,Risedronate 35mg,35mg · 30 count,Retail Generic,75.72
8990,Risedronate 35mg,35mg · 60 count,Retail Generic,145.44
8986,Risedronate 5mg,5mg · 30 count,Retail Generic,66.98
8987,Risedronate 5mg,5mg · 60 count,Retail Generic,127.96
8988,Risedronate 5mg,5mg · 90 count,Retail Generic,188.95
8991,Risperidone 0.25mg,0.25mg · 30 count,Retail Generic,7.30
8992,Risperidone 0.25mg,0.25mg · 60 count,Retail Generic,8.60
8993,Risperidone 0.25mg,0.25mg · 90 count,Retail Generic,9.91
8994,Risperidone 0.5mg,0.5mg · 30 count,Retail Generic,7.39
8995,Risperidone 0.5mg,0.5mg · 60 count,Retail Generic,8.79
8996,Risperidone 0.5mg,0.5mg · 90 count,Retail Generic,10.18
8997,Risperidone 1mg,1mg · 30 count,Retail Generic,7.60
8998,Risperidone 1mg,1mg · 60 count,Retail Generic,9.19
8999,Risperidone 1mg,1mg · 90 count,Retail Generic,10.79
9000,Risperidone 2mg,2mg · 30 count,Retail Generic,7.81
9001,Risperidone 2mg,2mg · 60 count,Retail Generic,9.62
9002,Risperidone 2mg,2mg · 90 count,Retail Generic,11.43
9003,Risperidone 3mg,3mg · 30 count,Retail Generic,8.48
9004,Risperidone 3mg,3mg · 60 count,Retail Generic,10.95
9005,Risperidone 3mg,3mg · 90 count,Retail Generic,13.43
9006,Risperidone 4mg,4mg · 30 count,Retail Generic,9.19
9007,Risperidone 4mg,4mg · 60 count,Retail Generic,12.38
9008,Risperidone 4mg,4mg · 90 count,Retail Generic,15.58
9009,Ritonavir 100mg,100mg · 30 count,Retail Generic,34.04
9010,Ritonavir 100mg,100mg · 60 count,Retail Generic,62.09
9011,Ritonavir 100mg,100mg · 90 count,Retail Generic,90.13
9012,Rivaroxaban 2.5mg,2.5mg · 30 count,Retail Generic,56.56
9013,Rivaroxaban 2.5mg,2.5mg · 60 count,Retail Generic,107.12
9014,Rivaroxaban 2.5mg,2.5mg · 90 count,Retail Generic,157.68
9015,Rivastigmine 1.5mg,1.5mg · 30 count,Retail Generic,12.09
9016,Rivastigmine 1.5mg,1.5mg · 60 count,Retail Generic,18.19
9017,Rivastigmine 1.5mg,1.5mg · 90 count,Retail Generic,24.28
9018,Rivastigmine 3mg,3mg · 30 count,Retail Generic,12.67
9019,Rivastigmine 3mg,3mg · 60 count,Retail Generic,19.34
9020,Rivastigmine 3mg,3mg · 90 count,Retail Generic,26.01
9021,Rivastigmine 4.5mg,4.5mg · 30 count,Retail Generic,13.35
9022,Rivastigmine 4.5mg,4.5mg · 60 count,Retail Generic,20.70
9023,Rivastigmine 4.5mg,4.5mg · 90 count,Retail Generic,28.05
9024,Rivastigmine 6mg,6mg · 30 count,Retail Generic,12.33
9025,Rivastigmine 6mg,6mg · 60 count,Retail Generic,18.67
9026,Rivastigmine 6mg,6mg · 90 count,Retail Generic,25.00
9030,Rizatriptan 10mg,10mg · 30 count,Retail Generic,22.44
9031,Rizatriptan 10mg,10mg · 60 count,Retail Generic,38.88
9032,Rizatriptan 10mg,10mg · 90 count,Retail Generic,55.31
9027,Rizatriptan 5mg,5mg · 30 count,Retail Generic,24.18
9028,Rizatriptan 5mg,5mg · 60 count,Retail Generic,42.37
9029,Rizatriptan 5mg,5mg · 90 count,Retail Generic,60.55
9033,Roflumilast 250mcg,250mcg · 30 count,Retail Generic,88.39
9034,Roflumilast 250mcg,250mcg · 60 count,Retail Generic,170.79
9035,Roflumilast 500mcg,500mcg · 30 count,Retail Generic,18.40
9036,Roflumilast 500mcg,500mcg · 60 count,Retail Generic,30.80
9037,Roflumilast 500mcg,500mcg · 90 count,Retail Generic,43.20
9038,Ropinirole 0.25mg,0.25mg · 30 count,Retail Generic,7.70
9039,Ropinirole 0.25mg,0.25mg · 60 count,Retail Generic,9.41
9040,Ropinirole 0.25mg,0.25mg · 90 count,Retail Generic,11.11
9041,Ropinirole 0.5mg,0.5mg · 30 count,Retail Generic,7.63
9042,Ropinirole 0.5mg,0.5mg · 60 count,Retail Generic,9.27
9043,Ropinirole 0.5mg,0.5mg · 90 count,Retail Generic,10.90
9044,Ropinirole 1mg,1mg · 30 count,Retail Generic,7.98
9045,Ropinirole 1mg,1mg · 60 count,Retail Generic,9.96
9046,Ropinirole 1mg,1mg · 90 count,Retail Generic,11.93
9047,Ropinirole 2mg,2mg · 30 count,Retail Generic,8.49
9048,Ropinirole 2mg,2mg · 60 count,Retail Generic,10.98
9049,Ropinirole 2mg,2mg · 90 count,Retail Generic,13.47
9050,Ropinirole 3mg,3mg · 30 count,Retail Generic,8.88
9051,Ropinirole 3mg,3mg · 60 count,Retail Generic,11.75
9052,Ropinirole 3mg,3mg · 90 count,Retail Generic,14.63
9053,Ropinirole 4mg,4mg · 30 count,Retail Generic,8.94
9054,Ropinirole 4mg,4mg · 60 count,Retail Generic,11.88
9055,Ropinirole 4mg,4mg · 90 count,Retail Generic,14.82
9056,Ropinirole 5mg,5mg · 30 count,Retail Generic,9.03
9057,Ropinirole 5mg,5mg · 60 count,Retail Generic,12.07
9058,Ropinirole 5mg,5mg · 90 count,Retail Generic,15.10
9071,Ropinirole ER 12mg,12mg · 30 count,Retail Generic,87.75
9072,Ropinirole ER 12mg,12mg · 60 count,Retail Generic,169.49
9059,Ropinirole ER 2mg,2mg · 30 count,Retail Generic,20.71
9060,Ropinirole ER 2mg,2mg · 60 count,Retail Generic,35.41
9061,Ropinirole ER 2mg,2mg · 90 count,Retail Generic,50.12
9062,Ropinirole ER 4mg,4mg · 30 count,Retail Generic,26.94
9063,Ropinirole ER 4mg,4mg · 60 count,Retail Generic,47.87
9064,Ropinirole ER 4mg,4mg · 90 count,Retail Generic,68.81
9065,Ropinirole ER 6mg,6mg · 30 count,Retail Generic,42.62
9066,Ropinirole ER 6mg,6mg · 60 count,Retail Generic,79.24
9067,Ropinirole ER 6mg,6mg · 90 count,Retail Generic,115.86
9068,Ropinirole ER 8mg,8mg · 30 count,Retail Generic,36.01
9069,Ropinirole ER 8mg,8mg · 60 count,Retail Generic,66.03
9070,Ropinirole ER 8mg,8mg · 90 count,Retail Generic,96.04
9076,Rosuvastatin 10mg,10mg · 30 count,Retail Generic,7.44
9077,Rosuvastatin 10mg,10mg · 60 count,Retail Generic,8.87
9078,Rosuvastatin 10mg,10mg · 90 count,Retail Generic,10.31
9079,Rosuvastatin 20mg,20mg · 30 count,Retail Generic,7.86
9080,Rosuvastatin 20mg,20mg · 60 count,Retail Generic,9.72
9081,Rosuvastatin 20mg,20mg · 90 count,Retail Generic,11.58
9082,Rosuvastatin 40mg,40mg · 30 count,Retail Generic,8.37
9083,Rosuvastatin 40mg,40mg · 60 count,Retail Generic,10.73
9084,Rosuvastatin 40mg,40mg · 90 count,Retail Generic,13.10
9073,Rosuvastatin 5mg,5mg · 30 count,Retail Generic,7.29
9074,Rosuvastatin 5mg,5mg · 60 count,Retail Generic,8.59
9075,Rosuvastatin 5mg,5mg · 90 count,Retail Generic,9.88
9085,Roweepra 500mg,500mg · 30 count,Retail Generic,8.77
9086,Roweepra 500mg,500mg · 60 count,Retail Generic,11.53
9087,Roweepra 500mg,500mg · 90 count,Retail Generic,14.30
9088,Rufinamide 200mg,200mg · 30 count,Retail Generic,39.92
9089,Rufinamide 200mg,200mg · 60 count,Retail Generic,73.84
9090,Rufinamide 200mg,200mg · 90 count,Retail Generic,107.75
9091,Rufinamide 400mg,400mg · 30 count,Retail Generic,67.38
9092,Rufinamide 400mg,400mg · 60 count,Retail Generic,128.76
9093,Rufinamide 400mg,400mg · 90 count,Retail Generic,190.14
9094,Sacubitril-Valsartan 24-26mg,24-26mg · 30 count,Retail Generic,37.89
9095,Sacubitril-Valsartan 24-26mg,24-26mg · 60 count,Retail Generic,69.78
9096,Sacubitril-Valsartan 24-26mg,24-26mg · 90 count,Retail Generic,101.68
9097,Sacubitril-Valsartan 49-51mg,49-51mg · 30 count,Retail Generic,38.98
9098,Sacubitril-Valsartan 49-51mg,49-51mg · 60 count,Retail Generic,71.95
9099,Sacubitril-Valsartan 49-51mg,49-51mg · 90 count,Retail Generic,104.93
9100,Sacubitril-Valsartan 97-103mg,97-103mg · 30 count,Retail Generic,39.71
9101,Sacubitril-Valsartan 97-103mg,97-103mg · 60 count,Retail Generic,73.42
9102,Sacubitril-Valsartan 97-103mg,97-103mg · 90 count,Retail Generic,107.13
9103,Salsalate 500mg,500mg · 30 count,Retail Generic,15.11
9104,Salsalate 500mg,500mg · 60 count,Retail Generic,24.23
9105,Salsalate 500mg,500mg · 90 count,Retail Generic,33.34
9106,Salsalate 750mg,750mg · 30 count,Retail Generic,18.30
9107,Salsalate 750mg,750mg · 60 count,Retail Generic,30.61
9108,Salsalate 750mg,750mg · 90 count,Retail Generic,42.91
9109,Saxagliptin 2.5mg,2.5mg · 30 count,Retail Generic,94.73
9110,Saxagliptin 2.5mg,2.5mg · 60 count,Retail Generic,183.46
9111,Saxagliptin 5mg,5mg · 30 count,Retail Generic,96.11
9112,Saxagliptin 5mg,5mg · 60 count,Retail Generic,186.21
9113,"Saxagliptin-Metformin ER 2.5-1,000mg","2.5-1,000mg · 30 count",Retail Generic,181.74
9114,Selegiline 5mg,5mg · 30 count,Retail Generic,28.91
9115,Selegiline 5mg,5mg · 60 count,Retail Generic,51.82
9116,Selegiline 5mg,5mg · 90 count,Retail Generic,74.72
9123,Sertraline 100mg,100mg · 30 count,Retail Generic,7.87
9124,Sertraline 100mg,100mg · 60 count,Retail Generic,9.73
9125,Sertraline 100mg,100mg · 90 count,Retail Generic,11.60
9117,Sertraline 25mg,25mg · 30 count,Retail Generic,7.18
9118,Sertraline 25mg,25mg · 60 count,Retail Generic,8.37
9119,Sertraline 25mg,25mg · 90 count,Retail Generic,9.55
9120,Sertraline 50mg,50mg · 30 count,Retail Generic,7.40
9121,Sertraline 50mg,50mg · 60 count,Retail Generic,8.79
9122,Sertraline 50mg,50mg · 90 count,Retail Generic,10.19
9126,Sevelamer Carbonate 800mg,800mg · 30 count,Retail Generic,13.79
9127,Sevelamer Carbonate 800mg,800mg · 60 count,Retail Generic,21.58
9128,Sevelamer Carbonate 800mg,800mg · 90 count,Retail Generic,29.36
9138,Sildenafil 100mg,100mg · 30 count,Retail Generic,10.90
9139,Sildenafil 100mg,100mg · 60 count,Retail Generic,15.81
9140,Sildenafil 100mg,100mg · 90 count,Retail Generic,20.71
9129,Sildenafil 20mg,20mg · 30 count,Retail Generic,7.97
9130,Sildenafil 20mg,20mg · 60 count,Retail Generic,9.93
9131,Sildenafil 20mg,20mg · 90 count,Retail Generic,11.90
9132,Sildenafil 25mg,25mg · 30 count,Retail Generic,9.70
9133,Sildenafil 25mg,25mg · 60 count,Retail Generic,13.41
9134,Sildenafil 25mg,25mg · 90 count,Retail Generic,17.11
9135,Sildenafil 50mg,50mg · 30 count,Retail Generic,10.04
9136,Sildenafil 50mg,50mg · 60 count,Retail Generic,14.08
9137,Sildenafil 50mg,50mg · 90 count,Retail Generic,18.12
9141,Silodosin 4mg,4mg · 30 count,Retail Generic,16.96
9142,Silodosin 4mg,4mg · 60 count,Retail Generic,27.93
9143,Silodosin 4mg,4mg · 90 count,Retail Generic,38.89
9144,Silodosin 8mg,8mg · 30 count,Retail Generic,18.77
9145,Silodosin 8mg,8mg · 60 count,Retail Generic,31.54
9146,Silodosin 8mg,8mg · 90 count,Retail Generic,44.31
9150,Simvastatin 10mg,10mg · 30 count,Retail Generic,7.01
9151,Simvastatin 10mg,10mg · 60 count,Retail Generic,8.02
9152,Simvastatin 10mg,10mg · 90 count,Retail Generic,9.03
9153,Simvastatin 20mg,20mg · 30 count,Retail Generic,7.14
9154,Simvastatin 20mg,20mg · 60 count,Retail Generic,8.28
9155,Simvastatin 20mg,20mg · 90 count,Retail Generic,9.42
9156,Simvastatin 40mg,40mg · 30 count,Retail Generic,7.94
9157,Simvastatin 40mg,40mg · 60 count,Retail Generic,9.87
9158,Simvastatin 40mg,40mg · 90 count,Retail Generic,11.81
9147,Simvastatin 5mg,5mg · 30 count,Retail Generic,7.09
9148,Simvastatin 5mg,5mg · 60 count,Retail Generic,8.17
9149,Simvastatin 5mg,5mg · 90 count,Retail Generic,9.26
9159,Simvastatin 80mg,80mg · 30 count,Retail Generic,9.42
9160,Simvastatin 80mg,80mg · 60 count,Retail Generic,12.85
9161,Simvastatin 80mg,80mg · 90 count,Retail Generic,16.27
9162,Sirolimus 0.5mg,0.5mg · 30 count,Retail Generic,64.53
9163,Sirolimus 0.5mg,0.5mg · 60 count,Retail Generic,123.06
9164,Sirolimus 0.5mg,0.5mg · 90 count,Retail Generic,181.59
9165,Sirolimus 1mg,1mg · 30 count,Retail Generic,58.25
9166,Sirolimus 1mg,1mg · 60 count,Retail Generic,110.51
9167,Sirolimus 1mg,1mg · 90 count,Retail Generic,162.76
9168,Sirolimus 2mg,2mg · 30 count,Retail Generic,154.41
9171,Sitagliptin 100mg,100mg · 30 count,Retail Generic,141.75
9169,Sitagliptin 25mg,25mg · 30 count,Retail Generic,130.90
9170,Sitagliptin 50mg,50mg · 30 count,Retail Generic,138.62
9175,Solifenacin 10mg,10mg · 30 count,Retail Generic,12.54
9176,Solifenacin 10mg,10mg · 60 count,Retail Generic,19.07
9177,Solifenacin 10mg,10mg · 90 count,Retail Generic,25.61
9172,Solifenacin 5mg,5mg · 30 count,Retail Generic,12.66
9173,Solifenacin 5mg,5mg · 60 count,Retail Generic,19.32
9174,Solifenacin 5mg,5mg · 90 count,Retail Generic,25.98
9181,Sotalol 120mg,120mg · 30 count,Retail Generic,9.54
9182,Sotalol 120mg,120mg · 60 count,Retail Generic,13.08
9183,Sotalol 120mg,120mg · 90 count,Retail Generic,16.62
9184,Sotalol 160mg,160mg · 30 count,Retail Generic,11.41
9185,Sotalol 160mg,160mg · 60 count,Retail Generic,16.83
9186,Sotalol 160mg,160mg · 90 count,Retail Generic,22.24
9187,Sotalol 240mg,240mg · 30 count,Retail Generic,10.81
9188,Sotalol 240mg,240mg · 60 count,Retail Generic,15.62
9189,Sotalol 240mg,240mg · 90 count,Retail Generic,20.43
9178,Sotalol 80mg,80mg · 30 count,Retail Generic,8.52
9179,Sotalol 80mg,80mg · 60 count,Retail Generic,11.03
9180,Sotalol 80mg,80mg · 90 count,Retail Generic,13.55
9193,Sotalol Af 120mg,120mg · 30 count,Retail Generic,9.54
9194,Sotalol Af 120mg,120mg · 60 count,Retail Generic,13.08
9195,Sotalol Af 120mg,120mg · 90 count,Retail Generic,16.62
9196,Sotalol Af 160mg,160mg · 30 count,Retail Generic,11.41
9197,Sotalol Af 160mg,160mg · 60 count,Retail Generic,16.83
9198,Sotalol Af 160mg,160mg · 90 count,Retail Generic,22.24
9190,Sotalol Af 80mg,80mg · 30 count,Retail Generic,8.52
9191,Sotalol Af 80mg,80mg · 60 count,Retail Generic,11.03
9192,Sotalol Af 80mg,80mg · 90 count,Retail Generic,13.55
9205,Spironolactone 100mg,100mg · 30 count,Retail Generic,12.77
9206,Spironolactone 100mg,100mg · 60 count,Retail Generic,19.53
9207,Spironolactone 100mg,100mg · 90 count,Retail Generic,26.30
9199,Spironolactone 25mg,25mg · 30 count,Retail Generic,7.76
9200,Spironolactone 25mg,25mg · 60 count,Retail Generic,9.53
9201,Spironolactone 25mg,25mg · 90 count,Retail Generic,11.29
9202,Spironolactone 50mg,50mg · 30 count,Retail Generic,9.46
9203,Spironolactone 50mg,50mg · 60 count,Retail Generic,12.91
9204,Spironolactone 50mg,50mg · 90 count,Retail Generic,16.37
9211,Subvenite 100mg,100mg · 30 count,Retail Generic,7.65
9212,Subvenite 100mg,100mg · 60 count,Retail Generic,9.30
9213,Subvenite 100mg,100mg · 90 count,Retail Generic,10.95
9214,Subvenite 150mg,150mg · 30 count,Retail Generic,8.39
9215,Subvenite 150mg,150mg · 60 count,Retail Generic,10.77
9216,Subvenite 150mg,150mg · 90 count,Retail Generic,13.16
9217,Subvenite 200mg,200mg · 30 count,Retail Generic,8.89
9218,Subvenite 200mg,200mg · 60 count,Retail Generic,11.78
9219,Subvenite 200mg,200mg · 90 count,Retail Generic,14.67
9208,Subvenite 25mg,25mg · 30 count,Retail Generic,7.08
9209,Subvenite 25mg,25mg · 60 count,Retail Generic,8.17
9210,Subvenite 25mg,25mg · 90 count,Retail Generic,9.25
9220,Sucralfate 1gm,1gm · 30 count,Retail Generic,12.73
9221,Sucralfate 1gm,1gm · 60 count,Retail Generic,19.47
9222,Sucralfate 1gm,1gm · 90 count,Retail Generic,26.20
9223,Sulfasalazine 500mg,500mg · 30 count,Retail Generic,12.68
9224,Sulfasalazine 500mg,500mg · 60 count,Retail Generic,19.36
9225,Sulfasalazine 500mg,500mg · 90 count,Retail Generic,26.03
9226,Sulfasalazine DR 500mg,500mg · 30 count,Retail Generic,15.65
9227,Sulfasalazine DR 500mg,500mg · 60 count,Retail Generic,25.30
9228,Sulfasalazine DR 500mg,500mg · 90 count,Retail Generic,34.94
9229,Sulindac 150mg,150mg · 30 count,Retail Generic,12.72
9230,Sulindac 150mg,150mg · 60 count,Retail Generic,19.43
9231,Sulindac 150mg,150mg · 90 count,Retail Generic,26.15
9232,Sulindac 200mg,200mg · 30 count,Retail Generic,14.27
9233,Sulindac 200mg,200mg · 60 count,Retail Generic,22.54
9234,Sulindac 200mg,200mg · 90 count,Retail Generic,30.80
9241,Sumatriptan 100mg,100mg · 30 count,Retail Generic,22.99
9242,Sumatriptan 100mg,100mg · 60 count,Retail Generic,39.99
9243,Sumatriptan 100mg,100mg · 90 count,Retail Generic,56.98
9235,Sumatriptan 25mg,25mg · 30 count,Retail Generic,17.04
9236,Sumatriptan 25mg,25mg · 60 count,Retail Generic,28.08
9237,Sumatriptan 25mg,25mg · 90 count,Retail Generic,39.13
9238,Sumatriptan 50mg,50mg · 30 count,Retail Generic,18.62
9239,Sumatriptan 50mg,50mg · 60 count,Retail Generic,31.24
9240,Sumatriptan 50mg,50mg · 90 count,Retail Generic,43.86
9250,Tadalafil 10mg,10mg · 30 count,Retail Generic,11.96
9251,Tadalafil 10mg,10mg · 60 count,Retail Generic,17.92
9252,Tadalafil 10mg,10mg · 90 count,Retail Generic,23.88
9244,Tadalafil 2.5mg,2.5mg · 30 count,Retail Generic,10.25
9245,Tadalafil 2.5mg,2.5mg · 60 count,Retail Generic,14.49
9246,Tadalafil 2.5mg,2.5mg · 90 count,Retail Generic,18.74
9253,Tadalafil 20mg,20mg · 30 count,Retail Generic,12.49
9254,Tadalafil 20mg,20mg · 60 count,Retail Generic,18.98
9255,Tadalafil 20mg,20mg · 90 count,Retail Generic,25.47
9247,Tadalafil 5mg,5mg · 30 count,Retail Generic,9.99
9248,Tadalafil 5mg,5mg · 60 count,Retail Generic,13.99
9249,Tadalafil 5mg,5mg · 90 count,Retail Generic,17.98
9256,Tamoxifen 10mg,10mg · 30 count,Retail Generic,11.47
9257,Tamoxifen 10mg,10mg · 60 count,Retail Generic,16.95
9258,Tamoxifen 10mg,10mg · 90 count,Retail Generic,22.42
9259,Tamoxifen 20mg,20mg · 30 count,Retail Generic,16.35
9260,Tamoxifen 20mg,20mg · 60 count,Retail Generic,26.71
9261,Tamoxifen 20mg,20mg · 90 count,Retail Generic,37.06
9262,Tamsulosin 0.4mg,0.4mg · 30 count,Retail Generic,7.86
9263,Tamsulosin 0.4mg,0.4mg · 60 count,Retail Generic,9.71
9264,Tamsulosin 0.4mg,0.4mg · 90 count,Retail Generic,11.57
9265,Telmisartan 20mg,20mg · 30 count,Retail Generic,9.79
9266,Telmisartan 20mg,20mg · 60 count,Retail Generic,13.58
9267,Telmisartan 20mg,20mg · 90 count,Retail Generic,17.36
9268,Telmisartan 40mg,40mg · 30 count,Retail Generic,12.16
9269,Telmisartan 40mg,40mg · 60 count,Retail Generic,18.31
9270,Telmisartan 40mg,40mg · 90 count,Retail Generic,24.47
9271,Telmisartan 80mg,80mg · 30 count,Retail Generic,11.52
9272,Telmisartan 80mg,80mg · 60 count,Retail Generic,17.04
9273,Telmisartan 80mg,80mg · 90 count,Retail Generic,22.56
9274,Telmisartan-Amlodipine 40-5mg,40-5mg · 30 count,Retail Generic,105.57
9275,Telmisartan-Amlodipine 80-5mg,80-5mg · 30 count,Retail Generic,110.23
9276,Telmisartan-Hydrochlorothiazide 40-12.5mg,40-12.5mg · 30 count,Retail Generic,19.78
9277,Telmisartan-Hydrochlorothiazide 40-12.5mg,40-12.5mg · 60 count,Retail Generic,33.56
9278,Telmisartan-Hydrochlorothiazide 40-12.5mg,40-12.5mg · 90 count,Retail Generic,47.33
9279,Telmisartan-Hydrochlorothiazide 80-12.5mg,80-12.5mg · 30 count,Retail Generic,19.92
9280,Telmisartan-Hydrochlorothiazide 80-12.5mg,80-12.5mg · 60 count,Retail Generic,33.84
9281,Telmisartan-Hydrochlorothiazide 80-12.5mg,80-12.5mg · 90 count,Retail Generic,47.76
9282,Telmisartan-Hydrochlorothiazide 80-25mg,80-25mg · 30 count,Retail Generic,20.63
9283,Telmisartan-Hydrochlorothiazide 80-25mg,80-25mg · 60 count,Retail Generic,35.26
9284,Telmisartan-Hydrochlorothiazide 80-25mg,80-25mg · 90 count,Retail Generic,49.89
9287,Temozolomide 20mg,20mg · 30 count,Retail Generic,154.05
9285,Temozolomide 5mg,5mg · 30 count,Retail Generic,75.53
9286,Temozolomide 5mg,5mg · 60 count,Retail Generic,145.05
9288,Tenofovir Disoproxil 300mg,300mg · 30 count,Retail Generic,18.48
9289,Tenofovir Disoproxil 300mg,300mg · 60 count,Retail Generic,30.96
9290,Tenofovir Disoproxil 300mg,300mg · 90 count,Retail Generic,43.44
9300,Terazosin 10mg,10mg · 30 count,Retail Generic,11.28
9301,Terazosin 10mg,10mg · 60 count,Retail Generic,16.55
9302,Terazosin 10mg,10mg · 90 count,Retail Generic,21.83
9291,Terazosin 1mg,1mg · 30 count,Retail Generic,10.49
9292,Terazosin 1mg,1mg · 60 count,Retail Generic,14.97
9293,Terazosin 1mg,1mg · 90 count,Retail Generic,19.46
9294,Terazosin 2mg,2mg · 30 count,Retail Generic,10.26
9295,Terazosin 2mg,2mg · 60 count,Retail Generic,14.52
9296,Terazosin 2mg,2mg · 90 count,Retail Generic,18.78
9297,Terazosin 5mg,5mg · 30 count,Retail Generic,10.40
9298,Terazosin 5mg,5mg · 60 count,Retail Generic,14.80
9299,Terazosin 5mg,5mg · 90 count,Retail Generic,19.20
9303,Terbinafine 250mg,250mg · 30 count,Retail Generic,11.44
9304,Terbinafine 250mg,250mg · 60 count,Retail Generic,16.87
9305,Terbinafine 250mg,250mg · 90 count,Retail Generic,22.31
9306,Terbutaline 2.5mg,2.5mg · 30 count,Retail Generic,42.33
9307,Terbutaline 2.5mg,2.5mg · 60 count,Retail Generic,78.67
9308,Terbutaline 2.5mg,2.5mg · 90 count,Retail Generic,115.00
9309,Terbutaline 5mg,5mg · 30 count,Retail Generic,47.78
9310,Terbutaline 5mg,5mg · 60 count,Retail Generic,89.56
9311,Terbutaline 5mg,5mg · 90 count,Retail Generic,131.35
9315,Teriflunomide 14mg,14mg · 30 count,Retail Generic,32.20
9316,Teriflunomide 14mg,14mg · 60 count,Retail Generic,58.40
9317,Teriflunomide 14mg,14mg · 90 count,Retail Generic,84.60
9312,Teriflunomide 7mg,7mg · 30 count,Retail Generic,28.56
9313,Teriflunomide 7mg,7mg · 60 count,Retail Generic,51.12
9314,Teriflunomide 7mg,7mg · 90 count,Retail Generic,73.68
9318,Tetrabenazine 12.5mg,12.5mg · 30 count,Retail Generic,34.80
9319,Tetrabenazine 12.5mg,12.5mg · 60 count,Retail Generic,63.60
9320,Tetrabenazine 12.5mg,12.5mg · 90 count,Retail Generic,92.40
9321,Tetrabenazine 25mg,25mg · 30 count,Retail Generic,51.36
9322,Tetrabenazine 25mg,25mg · 60 count,Retail Generic,96.73
9323,Tetrabenazine 25mg,25mg · 90 count,Retail Generic,142.09
9324,Tetracycline 250mg,250mg · 30 count,Retail Generic,26.95
9325,Tetracycline 250mg,250mg · 60 count,Retail Generic,47.91
9326,Tetracycline 250mg,250mg · 90 count,Retail Generic,68.86
9327,Tetracycline 500mg,500mg · 30 count,Retail Generic,29.89
9328,Tetracycline 500mg,500mg · 60 count,Retail Generic,53.78
9329,Tetracycline 500mg,500mg · 90 count,Retail Generic,77.66
9330,Theophylline ER 300mg,300mg · 30 count,Retail Generic,21.89
9331,Theophylline ER 300mg,300mg · 60 count,Retail Generic,37.78
9332,Theophylline ER 300mg,300mg · 90 count,Retail Generic,53.67
9333,Theophylline ER 400mg,400mg · 30 count,Retail Generic,38.97
9334,Theophylline ER 400mg,400mg · 60 count,Retail Generic,71.93
9335,Theophylline ER 400mg,400mg · 90 count,Retail Generic,104.90
9336,Theophylline ER 450mg,450mg · 30 count,Retail Generic,36.81
9337,Theophylline ER 450mg,450mg · 60 count,Retail Generic,67.62
9338,Theophylline ER 450mg,450mg · 90 count,Retail Generic,98.43
9339,Theophylline ER 600mg,600mg · 30 count,Retail Generic,56.23
9340,Theophylline ER 600mg,600mg · 60 count,Retail Generic,106.45
9341,Theophylline ER 600mg,600mg · 90 count,Retail Generic,156.68
9351,Thioridazine 100mg,100mg · 30 count,Retail Generic,33.21
9352,Thioridazine 100mg,100mg · 60 count,Retail Generic,60.42
9353,Thioridazine 100mg,100mg · 90 count,Retail Generic,87.62
9342,Thioridazine 10mg,10mg · 30 count,Retail Generic,22.37
9343,Thioridazine 10mg,10mg · 60 count,Retail Generic,38.75
9344,Thioridazine 10mg,10mg · 90 count,Retail Generic,55.12
9345,Thioridazine 25mg,25mg · 30 count,Retail Generic,26.05
9346,Thioridazine 25mg,25mg · 60 count,Retail Generic,46.09
9347,Thioridazine 25mg,25mg · 90 count,Retail Generic,66.14
9348,Thioridazine 50mg,50mg · 30 count,Retail Generic,32.68
9349,Thioridazine 50mg,50mg · 60 count,Retail Generic,59.36
9350,Thioridazine 50mg,50mg · 90 count,Retail Generic,86.04
9363,Thiothixene 10mg,10mg · 30 count,Retail Generic,79.44
9364,Thiothixene 10mg,10mg · 60 count,Retail Generic,152.87
9354,Thiothixene 1mg,1mg · 30 count,Retail Generic,31.63
9355,Thiothixene 1mg,1mg · 60 count,Retail Generic,57.26
9356,Thiothixene 1mg,1mg · 90 count,Retail Generic,82.89
9357,Thiothixene 2mg,2mg · 30 count,Retail Generic,40.55
9358,Thiothixene 2mg,2mg · 60 count,Retail Generic,75.09
9359,Thiothixene 2mg,2mg · 90 count,Retail Generic,109.64
9360,Thiothixene 5mg,5mg · 30 count,Retail Generic,54.76
9361,Thiothixene 5mg,5mg · 60 count,Retail Generic,103.51
9362,Thiothixene 5mg,5mg · 90 count,Retail Generic,152.27
9377,Thyroid 120mg,120mg · 30 count,Retail Generic,49.86
9378,Thyroid 120mg,120mg · 60 count,Retail Generic,93.73
9379,Thyroid 120mg,120mg · 90 count,Retail Generic,137.59
9365,Thyroid 15mg,15mg · 30 count,Retail Generic,25.03
9366,Thyroid 15mg,15mg · 60 count,Retail Generic,44.05
9367,Thyroid 15mg,15mg · 90 count,Retail Generic,63.08
9368,Thyroid 30mg,30mg · 30 count,Retail Generic,27.05
9369,Thyroid 30mg,30mg · 60 count,Retail Generic,48.11
9370,Thyroid 30mg,30mg · 90 count,Retail Generic,69.16
9371,Thyroid 60mg,60mg · 30 count,Retail Generic,30.14
9372,Thyroid 60mg,60mg · 60 count,Retail Generic,54.28
9373,Thyroid 60mg,60mg · 90 count,Retail Generic,78.42
9374,Thyroid 90mg,90mg · 30 count,Retail Generic,43.79
9375,Thyroid 90mg,90mg · 60 count,Retail Generic,81.58
9376,Thyroid 90mg,90mg · 90 count,Retail Generic,119.37
9380,Tiadylt ER 120mg,120mg · 30 count,Retail Generic,10.68
9381,Tiadylt ER 120mg,120mg · 60 count,Retail Generic,15.37
9382,Tiadylt ER 120mg,120mg · 90 count,Retail Generic,20.05
9383,Tiadylt ER 180mg,180mg · 30 count,Retail Generic,12.56
9384,Tiadylt ER 180mg,180mg · 60 count,Retail Generic,19.12
9385,Tiadylt ER 180mg,180mg · 90 count,Retail Generic,25.67
9386,Tiadylt ER 240mg,240mg · 30 count,Retail Generic,14.06
9387,Tiadylt ER 240mg,240mg · 60 count,Retail Generic,22.12
9388,Tiadylt ER 240mg,240mg · 90 count,Retail Generic,30.19
9389,Tiadylt ER 300mg,300mg · 30 count,Retail Generic,15.35
9390,Tiadylt ER 300mg,300mg · 60 count,Retail Generic,24.70
9391,Tiadylt ER 300mg,300mg · 90 count,Retail Generic,34.05
9392,Tiadylt ER 360mg,360mg · 30 count,Retail Generic,20.24
9393,Tiadylt ER 360mg,360mg · 60 count,Retail Generic,34.48
9394,Tiadylt ER 360mg,360mg · 90 count,Retail Generic,48.72
9395,Tiadylt ER 420mg,420mg · 30 count,Retail Generic,42.89
9396,Tiadylt ER 420mg,420mg · 60 count,Retail Generic,79.78
9397,Tiadylt ER 420mg,420mg · 90 count,Retail Generic,116.67
9403,Tiagabine 12mg,12mg · 30 count,Retail Generic,168.53
9398,Tiagabine 2mg,2mg · 30 count,Retail Generic,76.34
9399,Tiagabine 2mg,2mg · 60 count,Retail Generic,146.67
9400,Tiagabine 4mg,4mg · 30 count,Retail Generic,69.52
9401,Tiagabine 4mg,4mg · 60 count,Retail Generic,133.03
9402,Tiagabine 4mg,4mg · 90 count,Retail Generic,196.55
9404,Ticagrelor 90mg,90mg · 30 count,Retail Generic,22.48
9405,Ticagrelor 90mg,90mg · 60 count,Retail Generic,38.95
9406,Ticagrelor 90mg,90mg · 90 count,Retail Generic,55.43
9407,Tinidazole 250mg,250mg · 30 count,Retail Generic,52.36
9408,Tinidazole 250mg,250mg · 60 count,Retail Generic,98.71
9409,Tinidazole 250mg,250mg · 90 count,Retail Generic,145.07
9410,Tinidazole 500mg,500mg · 30 count,Retail Generic,96.23
9411,Tinidazole 500mg,500mg · 60 count,Retail Generic,186.47
9412,Tizanidine 2mg,2mg · 30 count,Retail Generic,7.12
9413,Tizanidine 2mg,2mg · 60 count,Retail Generic,8.25
9414,Tizanidine 2mg,2mg · 90 count,Retail Generic,9.37
9415,Tizanidine 4mg,4mg · 30 count,Retail Generic,7.18
9416,Tizanidine 4mg,4mg · 60 count,Retail Generic,8.37
9417,Tizanidine 4mg,4mg · 90 count,Retail Generic,9.55
9418,Tizanidine 6mg,6mg · 30 count,Retail Generic,10.55
9419,Tizanidine 6mg,6mg · 60 count,Retail Generic,15.09
9420,Tizanidine 6mg,6mg · 90 count,Retail Generic,19.64
9421,Tolterodine 1mg,1mg · 30 count,Retail Generic,13.89
9422,Tolterodine 1mg,1mg · 60 count,Retail Generic,21.77
9423,Tolterodine 1mg,1mg · 90 count,Retail Generic,29.66
9424,Tolterodine 2mg,2mg · 30 count,Retail Generic,14.33
9425,Tolterodine 2mg,2mg · 60 count,Retail Generic,22.65
9426,Tolterodine 2mg,2mg · 90 count,Retail Generic,30.98
9427,Tolterodine ER 2mg,2mg · 30 count,Retail Generic,18.26
9428,Tolterodine ER 2mg,2mg · 60 count,Retail Generic,30.51
9429,Tolterodine ER 2mg,2mg · 90 count,Retail Generic,42.77
9430,Tolterodine ER 4mg,4mg · 30 count,Retail Generic,16.71
9431,Tolterodine ER 4mg,4mg · 60 count,Retail Generic,27.41
9432,Tolterodine ER 4mg,4mg · 90 count,Retail Generic,38.12
9439,Topiramate 100mg,100mg · 30 count,Retail Generic,8.22
9440,Topiramate 100mg,100mg · 60 count,Retail Generic,10.43
9441,Topiramate 100mg,100mg · 90 count,Retail Generic,12.65
9442,Topiramate 200mg,200mg · 30 count,Retail Generic,9.92
9443,Topiramate 200mg,200mg · 60 count,Retail Generic,13.84
9444,Topiramate 200mg,200mg · 90 count,Retail Generic,17.75
9433,Topiramate 25mg,25mg · 30 count,Retail Generic,6.96
9434,Topiramate 25mg,25mg · 60 count,Retail Generic,7.91
9435,Topiramate 25mg,25mg · 90 count,Retail Generic,8.87
9436,Topiramate 50mg,50mg · 30 count,Retail Generic,7.38
9437,Topiramate 50mg,50mg · 60 count,Retail Generic,8.76
9438,Topiramate 50mg,50mg · 90 count,Retail Generic,10.13
9445,Topiramate ER 25mg,25mg · 30 count,Retail Generic,160.76
9455,Torsemide 100mg,100mg · 30 count,Retail Generic,13.59
9456,Torsemide 100mg,100mg · 60 count,Retail Generic,21.18
9457,Torsemide 100mg,100mg · 90 count,Retail Generic,28.77
9449,Torsemide 10mg,10mg · 30 count,Retail Generic,8.67
9450,Torsemide 10mg,10mg · 60 count,Retail Generic,11.34
9451,Torsemide 10mg,10mg · 90 count,Retail Generic,14.01
9452,Torsemide 20mg,20mg · 30 count,Retail Generic,8.71
9453,Torsemide 20mg,20mg · 60 count,Retail Generic,11.42
9454,Torsemide 20mg,20mg · 90 count,Retail Generic,14.13
9446,Torsemide 5mg,5mg · 30 count,Retail Generic,8.43
9447,Torsemide 5mg,5mg · 60 count,Retail Generic,10.87
9448,Torsemide 5mg,5mg · 90 count,Retail Generic,13.30
9458,Trandolapril 1mg,1mg · 30 count,Retail Generic,12.65
9459,Trandolapril 1mg,1mg · 60 count,Retail Generic,19.29
9460,Trandolapril 1mg,1mg · 90 count,Retail Generic,25.94
9461,Trandolapril 2mg,2mg · 30 count,Retail Generic,12.60
9462,Trandolapril 2mg,2mg · 60 count,Retail Generic,19.20
9463,Trandolapril 2mg,2mg · 90 count,Retail Generic,25.80
9464,Trandolapril 4mg,4mg · 30 count,Retail Generic,12.59
9465,Trandolapril 4mg,4mg · 60 count,Retail Generic,19.17
9466,Trandolapril 4mg,4mg · 90 count,Retail Generic,25.76
9467,Tranexamic Acid 650mg,650mg · 30 count,Retail Generic,42.78
9468,Tranexamic Acid 650mg,650mg · 60 count,Retail Generic,79.55
9469,Tranexamic Acid 650mg,650mg · 90 count,Retail Generic,116.33
9470,Tranylcypromine 10mg,10mg · 30 count,Retail Generic,30.77
9471,Tranylcypromine 10mg,10mg · 60 count,Retail Generic,55.55
9472,Tranylcypromine 10mg,10mg · 90 count,Retail Generic,80.32
9476,Trazodone 100mg,100mg · 30 count,Retail Generic,7.97
9477,Trazodone 100mg,100mg · 60 count,Retail Generic,9.93
9478,Trazodone 100mg,100mg · 90 count,Retail Generic,11.90
9479,Trazodone 150mg,150mg · 30 count,Retail Generic,9.41
9480,Trazodone 150mg,150mg · 60 count,Retail Generic,12.82
9481,Trazodone 150mg,150mg · 90 count,Retail Generic,16.24
9482,Trazodone 300mg,300mg · 30 count,Retail Generic,26.85
9483,Trazodone 300mg,300mg · 60 count,Retail Generic,47.71
9484,Trazodone 300mg,300mg · 90 count,Retail Generic,68.56
9473,Trazodone 50mg,50mg · 30 count,Retail Generic,7.26
9474,Trazodone 50mg,50mg · 60 count,Retail Generic,8.51
9475,Trazodone 50mg,50mg · 90 count,Retail Generic,9.77
9485,Triamterene-Hydrochlorothiazide 37.5-25mg,37.5-25mg · 30 count,Retail Generic,9.45
9486,Triamterene-Hydrochlorothiazide 37.5-25mg,37.5-25mg · 60 count,Retail Generic,12.91
9487,Triamterene-Hydrochlorothiazide 37.5-25mg,37.5-25mg · 90 count,Retail Generic,16.36
9488,Triamterene-Hydrochlorothiazide 75-50mg,75-50mg · 30 count,Retail Generic,10.15
9489,Triamterene-Hydrochlorothiazide 75-50mg,75-50mg · 60 count,Retail Generic,14.31
9490,Triamterene-Hydrochlorothiazide 75-50mg,75-50mg · 90 count,Retail Generic,18.46
9491,Trientine 250mg,250mg · 30 count,Retail Generic,160.92
9501,Trifluoperazine 10mg,10mg · 30 count,Retail Generic,52.75
9502,Trifluoperazine 10mg,10mg · 60 count,Retail Generic,99.50
9503,Trifluoperazine 10mg,10mg · 90 count,Retail Generic,146.25
9492,Trifluoperazine 1mg,1mg · 30 count,Retail Generic,20.03
9493,Trifluoperazine 1mg,1mg · 60 count,Retail Generic,34.07
9494,Trifluoperazine 1mg,1mg · 90 count,Retail Generic,48.10
9495,Trifluoperazine 2mg,2mg · 30 count,Retail Generic,29.43
9496,Trifluoperazine 2mg,2mg · 60 count,Retail Generic,52.86
9497,Trifluoperazine 2mg,2mg · 90 count,Retail Generic,76.29
9498,Trifluoperazine 5mg,5mg · 30 count,Retail Generic,34.55
9499,Trifluoperazine 5mg,5mg · 60 count,Retail Generic,63.10
9500,Trifluoperazine 5mg,5mg · 90 count,Retail Generic,91.66
9504,Trihexyphenidyl 2mg,2mg · 30 count,Retail Generic,9.02
9505,Trihexyphenidyl 2mg,2mg · 60 count,Retail Generic,12.05
9506,Trihexyphenidyl 2mg,2mg · 90 count,Retail Generic,15.07
9507,Trihexyphenidyl 5mg,5mg · 30 count,Retail Generic,10.67
9508,Trihexyphenidyl 5mg,5mg · 60 count,Retail Generic,15.33
9509,Trihexyphenidyl 5mg,5mg · 90 count,Retail Generic,20.00
9510,Trimethoprim 100mg,100mg · 30 count,Retail Generic,49.52
9511,Trimethoprim 100mg,100mg · 60 count,Retail Generic,93.03
9512,Trimethoprim 100mg,100mg · 90 count,Retail Generic,136.54
9513,Trospium 20mg,20mg · 30 count,Retail Generic,14.80
9514,Trospium 20mg,20mg · 60 count,Retail Generic,23.60
9515,Trospium 20mg,20mg · 90 count,Retail Generic,32.40
9516,Trospium ER 60mg,60mg · 30 count,Retail Generic,72.54
9517,Trospium ER 60mg,60mg · 60 count,Retail Generic,139.07
9518,Ursodiol 250mg,250mg · 30 count,Retail Generic,20.86
9519,Ursodiol 250mg,250mg · 60 count,Retail Generic,35.71
9520,Ursodiol 250mg,250mg · 90 count,Retail Generic,50.57
9521,Ursodiol 300mg,300mg · 30 count,Retail Generic,21.81
9522,Ursodiol 300mg,300mg · 60 count,Retail Generic,37.61
9523,Ursodiol 300mg,300mg · 90 count,Retail Generic,53.42
9524,Ursodiol 500mg,500mg · 30 count,Retail Generic,29.02
9525,Ursodiol 500mg,500mg · 60 count,Retail Generic,52.04
9526,Ursodiol 500mg,500mg · 90 count,Retail Generic,75.06
9527,Valacyclovir 500mg,500mg · 30 count,Retail Generic,14.42
9528,Valacyclovir 500mg,500mg · 60 count,Retail Generic,22.84
9529,Valacyclovir 500mg,500mg · 90 count,Retail Generic,31.26
9530,Valganciclovir 450mg,450mg · 30 count,Retail Generic,84.30
9531,Valganciclovir 450mg,450mg · 60 count,Retail Generic,162.61
9532,Valproic Acid 250mg,250mg · 30 count,Retail Generic,14.56
9533,Valproic Acid 250mg,250mg · 60 count,Retail Generic,23.13
9534,Valproic Acid 250mg,250mg · 90 count,Retail Generic,31.69
9541,Valsartan 160mg,160mg · 30 count,Retail Generic,11.01
9542,Valsartan 160mg,160mg · 60 count,Retail Generic,16.03
9543,Valsartan 160mg,160mg · 90 count,Retail Generic,21.04
9544,Valsartan 320mg,320mg · 30 count,Retail Generic,12.88
9545,Valsartan 320mg,320mg · 60 count,Retail Generic,19.76
9546,Valsartan 320mg,320mg · 90 count,Retail Generic,26.64
9535,Valsartan 40mg,40mg · 30 count,Retail Generic,10.01
9536,Valsartan 40mg,40mg · 60 count,Retail Generic,14.01
9537,Valsartan 40mg,40mg · 90 count,Retail Generic,18.02
9538,Valsartan 80mg,80mg · 30 count,Retail Generic,10.48
9539,Valsartan 80mg,80mg · 60 count,Retail Generic,14.96
9540,Valsartan 80mg,80mg · 90 count,Retail Generic,19.44
9550,Valsartan-Hydrochlorothiazide 160-12.5mg,160-12.5mg · 30 count,Retail Generic,11.07
9551,Valsartan-Hydrochlorothiazide 160-12.5mg,160-12.5mg · 60 count,Retail Generic,16.14
9552,Valsartan-Hydrochlorothiazide 160-12.5mg,160-12.5mg · 90 count,Retail Generic,21.20
9553,Valsartan-Hydrochlorothiazide 160-25mg,160-25mg · 30 count,Retail Generic,11.72
9554,Valsartan-Hydrochlorothiazide 160-25mg,160-25mg · 60 count,Retail Generic,17.43
9555,Valsartan-Hydrochlorothiazide 160-25mg,160-25mg · 90 count,Retail Generic,23.15
9556,Valsartan-Hydrochlorothiazide 320-12.5mg,320-12.5mg · 30 count,Retail Generic,14.05
9557,Valsartan-Hydrochlorothiazide 320-12.5mg,320-12.5mg · 60 count,Retail Generic,22.11
9558,Valsartan-Hydrochlorothiazide 320-12.5mg,320-12.5mg · 90 count,Retail Generic,30.16
9559,Valsartan-Hydrochlorothiazide 320-25mg,320-25mg · 30 count,Retail Generic,13.67
9560,Valsartan-Hydrochlorothiazide 320-25mg,320-25mg · 60 count,Retail Generic,21.35
9561,Valsartan-Hydrochlorothiazide 320-25mg,320-25mg · 90 count,Retail Generic,29.02
9547,Valsartan-Hydrochlorothiazide 80-12.5mg,80-12.5mg · 30 count,Retail Generic,11.01
9548,Valsartan-Hydrochlorothiazide 80-12.5mg,80-12.5mg · 60 count,Retail Generic,16.02
9549,Valsartan-Hydrochlorothiazide 80-12.5mg,80-12.5mg · 90 count,Retail Generic,21.02
9562,Vancomycin 125mg,125mg · 30 count,Retail Generic,57.14
9563,Vancomycin 125mg,125mg · 60 count,Retail Generic,108.29
9564,Vancomycin 125mg,125mg · 90 count,Retail Generic,159.43
9565,Vancomycin 250mg,250mg · 30 count,Retail Generic,89.97
9566,Vancomycin 250mg,250mg · 60 count,Retail Generic,173.94
9567,Vardenafil 10mg,10mg · 30 count,Retail Generic,105.10
9568,Vardenafil 20mg,20mg · 30 count,Retail Generic,94.74
9569,Vardenafil 20mg,20mg · 60 count,Retail Generic,183.47
9570,Varenicline 0.5mg,0.5mg · 30 count,Retail Generic,18.38
9571,Varenicline 0.5mg,0.5mg · 60 count,Retail Generic,30.76
9572,Varenicline 0.5mg,0.5mg · 90 count,Retail Generic,43.15
9573,Varenicline 1mg,1mg · 30 count,Retail Generic,21.52
9574,Varenicline 1mg,1mg · 60 count,Retail Generic,37.05
9575,Varenicline 1mg,1mg · 90 count,Retail Generic,52.57
9588,Venlafaxine 100mg,100mg · 30 count,Retail Generic,9.91
9589,Venlafaxine 100mg,100mg · 60 count,Retail Generic,13.81
9590,Venlafaxine 100mg,100mg · 90 count,Retail Generic,17.72
9576,Venlafaxine 25mg,25mg · 30 count,Retail Generic,8.01
9577,Venlafaxine 25mg,25mg · 60 count,Retail Generic,10.02
9578,Venlafaxine 25mg,25mg · 90 count,Retail Generic,12.03
9579,Venlafaxine 37.5mg,37.5mg · 30 count,Retail Generic,8.75
9580,Venlafaxine 37.5mg,37.5mg · 60 count,Retail Generic,11.51
9581,Venlafaxine 37.5mg,37.5mg · 90 count,Retail Generic,14.26
9582,Venlafaxine 50mg,50mg · 30 count,Retail Generic,8.93
9583,Venlafaxine 50mg,50mg · 60 count,Retail Generic,11.86
9584,Venlafaxine 50mg,50mg · 90 count,Retail Generic,14.79
9585,Venlafaxine 75mg,75mg · 30 count,Retail Generic,9.30
9586,Venlafaxine 75mg,75mg · 60 count,Retail Generic,12.60
9587,Venlafaxine 75mg,75mg · 90 count,Retail Generic,15.90
9597,Venlafaxine ER 150mg,150mg · 30 count,Retail Generic,10.71
9598,Venlafaxine ER 150mg,150mg · 60 count,Retail Generic,15.42
9599,Venlafaxine ER 150mg,150mg · 90 count,Retail Generic,20.14
9600,Venlafaxine ER 225mg,225mg · 30 count,Retail Generic,24.06
9601,Venlafaxine ER 225mg,225mg · 60 count,Retail Generic,42.11
9602,Venlafaxine ER 225mg,225mg · 90 count,Retail Generic,60.17
9591,Venlafaxine ER 37.5mg,37.5mg · 30 count,Retail Generic,9.25
9592,Venlafaxine ER 37.5mg,37.5mg · 60 count,Retail Generic,12.49
9593,Venlafaxine ER 37.5mg,37.5mg · 90 count,Retail Generic,15.74
9594,Venlafaxine ER 75mg,75mg · 30 count,Retail Generic,9.30
9595,Venlafaxine ER 75mg,75mg · 60 count,Retail Generic,12.60
9596,Venlafaxine ER 75mg,75mg · 90 count,Retail Generic,15.90
9609,Verapamil 120mg,120mg · 30 count,Retail Generic,9.10
9610,Verapamil 120mg,120mg · 60 count,Retail Generic,12.20
9611,Verapamil 120mg,120mg · 90 count,Retail Generic,15.29
9603,Verapamil 40mg,40mg · 30 count,Retail Generic,10.79
9604,Verapamil 40mg,40mg · 60 count,Retail Generic,15.58
9605,Verapamil 40mg,40mg · 90 count,Retail Generic,20.37
9606,Verapamil 80mg,80mg · 30 count,Retail Generic,8.28
9607,Verapamil 80mg,80mg · 60 count,Retail Generic,10.57
9608,Verapamil 80mg,80mg · 90 count,Retail Generic,12.85
9612,Verapamil ER 120mg,120mg · 30 count,Retail Generic,14.56
9613,Verapamil ER 120mg,120mg · 60 count,Retail Generic,23.12
9614,Verapamil ER 120mg,120mg · 90 count,Retail Generic,31.67
9615,Verapamil ER 180mg,180mg · 30 count,Retail Generic,12.83
9616,Verapamil ER 180mg,180mg · 60 count,Retail Generic,19.65
9617,Verapamil ER 180mg,180mg · 90 count,Retail Generic,26.48
9618,Verapamil ER 240mg,240mg · 30 count,Retail Generic,12.44
9619,Verapamil ER 240mg,240mg · 60 count,Retail Generic,18.89
9620,Verapamil ER 240mg,240mg · 90 count,Retail Generic,25.33
9621,Verapamil ER Pm 100mg,100mg · 30 count,Retail Generic,148.53
9622,Verapamil ER Pm 200mg,200mg · 30 count,Retail Generic,194.99
9623,Verapamil SR 120mg,120mg · 30 count,Retail Generic,63.04
9624,Verapamil SR 120mg,120mg · 60 count,Retail Generic,120.08
9625,Verapamil SR 120mg,120mg · 90 count,Retail Generic,177.12
9626,Verapamil SR 180mg,180mg · 30 count,Retail Generic,77.45
9627,Verapamil SR 180mg,180mg · 60 count,Retail Generic,148.91
9628,Verapamil SR 240mg,240mg · 30 count,Retail Generic,75.31
9629,Verapamil SR 240mg,240mg · 60 count,Retail Generic,144.62
9630,Vilazodone 10mg,10mg · 30 count,Retail Generic,42.29
9631,Vilazodone 10mg,10mg · 60 count,Retail Generic,78.58
9632,Vilazodone 10mg,10mg · 90 count,Retail Generic,114.87
9633,Vilazodone 20mg,20mg · 30 count,Retail Generic,38.43
9634,Vilazodone 20mg,20mg · 60 count,Retail Generic,70.86
9635,Vilazodone 20mg,20mg · 90 count,Retail Generic,103.29
9636,Vilazodone 40mg,40mg · 30 count,Retail Generic,49.81
9637,Vilazodone 40mg,40mg · 60 count,Retail Generic,93.61
9638,Vilazodone 40mg,40mg · 90 count,Retail Generic,137.42
9642,Voriconazole 200mg,200mg · 30 count,Retail Generic,68.88
9643,Voriconazole 200mg,200mg · 60 count,Retail Generic,131.77
9644,Voriconazole 200mg,200mg · 90 count,Retail Generic,194.65
9639,Voriconazole 50mg,50mg · 30 count,Retail Generic,22.09
9640,Voriconazole 50mg,50mg · 60 count,Retail Generic,38.18
9641,Voriconazole 50mg,50mg · 90 count,Retail Generic,54.27
9669,Warfarin 10mg,10mg · 30 count,Retail Generic,9.82
9670,Warfarin 10mg,10mg · 60 count,Retail Generic,13.64
9671,Warfarin 10mg,10mg · 90 count,Retail Generic,17.46
9645,Warfarin 1mg,1mg · 30 count,Retail Generic,8.90
9646,Warfarin 1mg,1mg · 60 count,Retail Generic,11.80
9647,Warfarin 1mg,1mg · 90 count,Retail Generic,14.70
9651,Warfarin 2.5mg,2.5mg · 30 count,Retail Generic,8.99
9652,Warfarin 2.5mg,2.5mg · 60 count,Retail Generic,11.98
9653,Warfarin 2.5mg,2.5mg · 90 count,Retail Generic,14.96
9648,Warfarin 2mg,2mg · 30 count,Retail Generic,9.01
9649,Warfarin 2mg,2mg · 60 count,Retail Generic,12.01
9650,Warfarin 2mg,2mg · 90 count,Retail Generic,15.02
9654,Warfarin 3mg,3mg · 30 count,Retail Generic,9.20
9655,Warfarin 3mg,3mg · 60 count,Retail Generic,12.41
9656,Warfarin 3mg,3mg · 90 count,Retail Generic,15.61
9657,Warfarin 4mg,4mg · 30 count,Retail Generic,8.81
9658,Warfarin 4mg,4mg · 60 count,Retail Generic,11.63
9659,Warfarin 4mg,4mg · 90 count,Retail Generic,14.44
9660,Warfarin 5mg,5mg · 30 count,Retail Generic,9.19
9661,Warfarin 5mg,5mg · 60 count,Retail Generic,12.39
9662,Warfarin 5mg,5mg · 90 count,Retail Generic,15.58
9663,Warfarin 6mg,6mg · 30 count,Retail Generic,9.79
9664,Warfarin 6mg,6mg · 60 count,Retail Generic,13.58
9665,Warfarin 6mg,6mg · 90 count,Retail Generic,17.37
9666,Warfarin 7.5mg,7.5mg · 30 count,Retail Generic,9.69
9667,Warfarin 7.5mg,7.5mg · 60 count,Retail Generic,13.39
9668,Warfarin 7.5mg,7.5mg · 90 count,Retail Generic,17.08
9675,Zafirlukast 10mg,10mg · 30 count,Retail Generic,24.36
9676,Zafirlukast 10mg,10mg · 60 count,Retail Generic,42.73
9677,Zafirlukast 10mg,10mg · 90 count,Retail Generic,61.09
9678,Zafirlukast 20mg,20mg · 30 count,Retail Generic,30.31
9679,Zafirlukast 20mg,20mg · 60 count,Retail Generic,54.62
9680,Zafirlukast 20mg,20mg · 90 count,Retail Generic,78.94
9681,Zenatane 10mg,10mg · 30 count,Retail Generic,72.05
9682,Zenatane 10mg,10mg · 60 count,Retail Generic,138.09
9683,Zenatane 20mg,20mg · 30 count,Retail Generic,76.69
9684,Zenatane 20mg,20mg · 60 count,Retail Generic,147.38
9685,Zenatane 30mg,30mg · 30 count,Retail Generic,79.22
9686,Zenatane 30mg,30mg · 60 count,Retail Generic,152.44
9687,Zenatane 40mg,40mg · 30 count,Retail Generic,85.54
9688,Zenatane 40mg,40mg · 60 count,Retail Generic,165.08
9689,Zidovudine 300mg,300mg · 30 count,Retail Generic,21.57
9690,Zidovudine 300mg,300mg · 60 count,Retail Generic,37.13
9691,Zidovudine 300mg,300mg · 90 count,Retail Generic,52.70
9692,Zileuton ER 600mg,600mg · 30 count,Retail Generic,116.25
9693,Ziprasidone 20mg,20mg · 30 count,Retail Generic,16.99
9694,Ziprasidone 20mg,20mg · 60 count,Retail Generic,27.99
9695,Ziprasidone 20mg,20mg · 90 count,Retail Generic,38.98
9696,Ziprasidone 40mg,40mg · 30 count,Retail Generic,15.67
9697,Ziprasidone 40mg,40mg · 60 count,Retail Generic,25.33
9698,Ziprasidone 40mg,40mg · 90 count,Retail Generic,35.00
9699,Ziprasidone 60mg,60mg · 30 count,Retail Generic,17.87
9700,Ziprasidone 60mg,60mg · 60 count,Retail Generic,29.73
9701,Ziprasidone 60mg,60mg · 90 count,Retail Generic,41.60
9702,Ziprasidone 80mg,80mg · 30 count,Retail Generic,16.90
9703,Ziprasidone 80mg,80mg · 60 count,Retail Generic,27.81
9704,Ziprasidone 80mg,80mg · 90 count,Retail Generic,38.71
9705,Zolmitriptan 2.5mg,2.5mg · 30 count,Retail Generic,43.90
9706,Zolmitriptan 2.5mg,2.5mg · 60 count,Retail Generic,81.81
9707,Zolmitriptan 2.5mg,2.5mg · 90 count,Retail Generic,119.71
9708,Zolmitriptan 5mg,5mg · 30 count,Retail Generic,53.96
9709,Zolmitriptan 5mg,5mg · 60 count,Retail Generic,101.92
9710,Zolmitriptan 5mg,5mg · 90 count,Retail Generic,149.88
9717,Zonisamide 100mg,100mg · 30 count,Retail Generic,9.90
9718,Zonisamide 100mg,100mg · 60 count,Retail Generic,13.80
9719,Zonisamide 100mg,100mg · 90 count,Retail Generic,17.70
9711,Zonisamide 25mg,25mg · 30 count,Retail Generic,8.10
9712,Zonisamide 25mg,25mg · 60 count,Retail Generic,10.20
9713,Zonisamide 25mg,25mg · 90 count,Retail Generic,12.29
9714,Zonisamide 50mg,50mg · 30 count,Retail Generic,9.42
9715,Zonisamide 50mg,50mg · 60 count,Retail Generic,12.84
9716,Zonisamide 50mg,50mg · 90 count,Retail Generic,16.27
3785,"Apomorphine HCL, Phentolamine Nasal Spray","10ml Nasal Spray bottle · 0.25%,0.25%",Sexual Health,90.00
3965,Olympia BM3 (10mL),10mL · Papaverine 30mg/mL / Phentolamine 3mg/mL,Sexual Health,110.00
3966,Olympia BM3 (2.5mL),2.5mL · Papaverine 30mg/mL / Phentolamine 3mg/mL,Sexual Health,85.00
3967,Olympia F-1 (10mL),10mL · Papaverine 1.8mg/mL / Phentolamine 0.2mg/mL / PGE 18mcg/mL / Atropine 0.02mg/mL,Sexual Health,87.00
3968,Olympia F-1 (2.5mL),2.5mL · Papaverine 1.8mg/mL / Phentolamine 0.2mg/mL / PGE 18mcg/mL / Atropine 0.02mg/mL,Sexual Health,60.00
3969,Olympia F-9 (10mL),10mL · Papaverine 0.9mg/mL / Phentolamine 0.1mg/mL / PGE 20mcg/mL / Atropine 0.01mg/mL,Sexual Health,87.00
3970,Olympia F-9 (2.5mL),2.5mL · Papaverine 0.9mg/mL / Phentolamine 0.1mg/mL / PGE 20mcg/mL / Atropine 0.01mg/mL,Sexual Health,67.00
3971,Olympia FA (10mL),10mL · Papaverine 20mg/mL / Phentolamine 2mg/mL / PGE 20mcg/mL / Atropine 0.2mg/mL,Sexual Health,97.00
3972,Olympia FA (2.5mL),2.5mL · Papaverine 20mg/mL / Phentolamine 2mg/mL / PGE 20mcg/mL / Atropine 0.2mg/mL,Sexual Health,69.00
3973,Olympia NB-243 (10mL),10mL · Papaverine 30mg/mL / Phentolamine 3mg/mL / PGE 20mcg/mL,Sexual Health,105.00
3974,Olympia NB-243 (2.5mL),2.5mL · Papaverine 30mg/mL / Phentolamine 3mg/mL / PGE 20mcg/mL,Sexual Health,75.00
3975,Olympia NB-343 (10mL),10mL · Papaverine 30mg/mL / Phentolamine 3mg/mL / PGE 30mcg/mL,Sexual Health,105.00
3976,Olympia NB-343 (2.5mL),2.5mL · Papaverine 30mg/mL / Phentolamine 3mg/mL / PGE 30mcg/mL,Sexual Health,75.00
3977,Olympia PGE2 (10mL),10mL · PGE (Alprostadil) 80mcg/mL,Sexual Health,72.00
3978,Olympia PGE2 (2.5mL),2.5mL · PGE (Alprostadil) 80mcg/mL,Sexual Health,58.00
4012,Olympia Phenylephrine (Reversal) (5mL),5mL · Phenylephrine 1mg/mL,Sexual Health,45.00
3979,Olympia QM2 (10mL),10mL · Papaverine 30mg/mL / Phentolamine 3mg/mL / PGE 60mcg/mL / Atropine 0.2mg/mL,Sexual Health,126.00
3981,Olympia QM2 (2.5mL),2.5mL · Papaverine 30mg/mL / Phentolamine 3mg/mL / PGE 60mcg/mL / Atropine 0.2mg/mL,Sexual Health,90.00
3980,Olympia QM2 (5mL),5mL · Papaverine 30mg/mL / Phentolamine 3mg/mL / PGE 60mcg/mL / Atropine 0.2mg/mL,Sexual Health,108.00
3982,Olympia QM3 (10mL),10mL · Papaverine 30mg/mL / Phentolamine 3mg/mL / PGE 150mcg/mL / Atropine 0.2mg/mL,Sexual Health,140.00
3984,Olympia QM3 (2.5mL),2.5mL · Papaverine 30mg/mL / Phentolamine 3mg/mL / PGE 150mcg/mL / Atropine 0.2mg/mL,Sexual Health,100.00
3983,Olympia QM3 (5mL),5mL · Papaverine 30mg/mL / Phentolamine 3mg/mL / PGE 150mcg/mL / Atropine 0.2mg/mL,Sexual Health,120.00
3985,Olympia QM4 (10mL),10mL · Papaverine 30mg/mL / Phentolamine 3mg/mL / PGE 300mcg/mL / Atropine 0.2mg/mL,Sexual Health,206.00
3986,Olympia QM4 (2.5mL),2.5mL · Papaverine 30mg/mL / Phentolamine 3mg/mL / PGE 300mcg/mL / Atropine 0.2mg/mL,Sexual Health,147.00
3987,Olympia RE1 (10mL),10mL · Papaverine 30mg/mL / Phentolamine 3mg/mL / PGE 200mcg/mL,Sexual Health,172.00
3988,Olympia RE1 (2.5mL),2.5mL · Papaverine 30mg/mL / Phentolamine 3mg/mL / PGE 200mcg/mL,Sexual Health,123.00
3989,Olympia SB4 (10mL),10mL · Papaverine 30mg/mL / Phentolamine 3mg/mL / PGE 40mcg/mL,Sexual Health,105.00
3991,Olympia SB4 (2.5mL),2.5mL · Papaverine 30mg/mL / Phentolamine 3mg/mL / PGE 40mcg/mL,Sexual Health,75.00
3990,Olympia SB4 (5mL),5mL · Papaverine 30mg/mL / Phentolamine 3mg/mL / PGE 40mcg/mL,Sexual Health,90.00
3992,Olympia SB5 (10mL),10mL · Papaverine 30mg/mL / Phentolamine 3mg/mL / PGE 50mcg/mL,Sexual Health,105.00
3994,Olympia SB5 (2.5mL),2.5mL · Papaverine 30mg/mL / Phentolamine 3mg/mL / PGE 50mcg/mL,Sexual Health,75.00
3993,Olympia SB5 (5mL),5mL · Papaverine 30mg/mL / Phentolamine 3mg/mL / PGE 50mcg/mL,Sexual Health,90.00
3995,Olympia SB6 (10mL),10mL · Papaverine 30mg/mL / Phentolamine 3mg/mL / PGE 60mcg/mL,Sexual Health,105.00
3997,Olympia SB6 (2.5mL),2.5mL · Papaverine 30mg/mL / Phentolamine 3mg/mL / PGE 60mcg/mL,Sexual Health,75.00
3996,Olympia SB6 (5mL),5mL · Papaverine 30mg/mL / Phentolamine 3mg/mL / PGE 60mcg/mL,Sexual Health,90.00
3998,Olympia ST#1 (10mL),10mL · Papaverine 30mg/mL / Phentolamine 1.5mg/mL / PGE 50mcg/mL,Sexual Health,93.00
3999,Olympia ST#1 (2.5mL),2.5mL · Papaverine 30mg/mL / Phentolamine 1.5mg/mL / PGE 50mcg/mL,Sexual Health,67.00
4000,Olympia ST2 (10mL),10mL · Papaverine 30mg/mL / Phentolamine 3mg/mL / PGE 100mcg/mL,Sexual Health,109.00
4002,Olympia ST2 (2.5mL),2.5mL · Papaverine 30mg/mL / Phentolamine 3mg/mL / PGE 100mcg/mL,Sexual Health,78.00
4001,Olympia ST2 (5mL),5mL · Papaverine 30mg/mL / Phentolamine 3mg/mL / PGE 100mcg/mL,Sexual Health,94.00
4003,Olympia T101 (10mL),10mL · Papaverine 17.65mg/mL / Phentolamine 0.59mg/mL / PGE 5.9mcg/mL,Sexual Health,100.00
4005,Olympia T101 (2.5mL),2.5mL · Papaverine 17.65mg/mL / Phentolamine 0.59mg/mL / PGE 5.9mcg/mL,Sexual Health,72.00
4004,Olympia T101 (5mL),5mL · Papaverine 17.65mg/mL / Phentolamine 0.59mg/mL / PGE 5.9mcg/mL,Sexual Health,86.00
4006,Olympia T105 (10mL),10mL · Papaverine 30mg/mL / Phentolamine 1mg/mL / PGE 10mcg/mL,Sexual Health,93.00
4008,Olympia T105 (2.5mL),2.5mL · Papaverine 30mg/mL / Phentolamine 1mg/mL / PGE 10mcg/mL,Sexual Health,67.00
4007,Olympia T105 (5mL),5mL · Papaverine 30mg/mL / Phentolamine 1mg/mL / PGE 10mcg/mL,Sexual Health,80.00
4009,Olympia T106 (10mL),10mL · Papaverine 30mg/mL / Phentolamine 1mg/mL / PGE 25mcg/mL,Sexual Health,93.00
4011,Olympia T106 (2.5mL),2.5mL · Papaverine 30mg/mL / Phentolamine 1mg/mL / PGE 25mcg/mL,Sexual Health,67.00
4010,Olympia T106 (5mL),5mL · Papaverine 30mg/mL / Phentolamine 1mg/mL / PGE 25mcg/mL,Sexual Health,80.00
3073,Oxytocin Nasal Spray,15mL · 10IU/0.1mL,Sexual Health,78.00
3074,Oxytocin Nasal Spray,15mL · 25IU/0.1mL,Sexual Health,100.00
3075,Oxytocin Nasal Spray,15mL · 50IU/0.1mL,Sexual Health,120.00
3076,Oxytocin Nasal Spray,15mL · 100IU/0.1mL,Sexual Health,144.00
3084,Oxytocin Sublingual Rapid Dissolve Tablets,15 Sublingual Rapid Dissolve Tablets · 10IU,Sexual Health,50.00
3085,Oxytocin Sublingual Rapid Dissolve Tablets,30 Sublingual Rapid Dissolve Tablets · 10IU,Sexual Health,78.00
3086,Oxytocin Sublingual Rapid Dissolve Tablets,15 Sublingual Rapid Dissolve Tablets · 25IU,Sexual Health,50.00
3087,Oxytocin Sublingual Rapid Dissolve Tablets,30 Sublingual Rapid Dissolve Tablets · 25IU,Sexual Health,78.00
3088,Oxytocin Sublingual Rapid Dissolve Tablets,15 Sublingual Rapid Dissolve Tablets · 50IU,Sexual Health,50.00
3089,Oxytocin Sublingual Rapid Dissolve Tablets,30 Sublingual Rapid Dissolve Tablets · 50IU,Sexual Health,78.00
3779,Oxytocin Sublingual Troches,30 Troches · 100IU,Sexual Health,106.00
3078,Oxytocin Troches,15 Troches · 10IU,Sexual Health,50.00
3079,Oxytocin Troches,30 Troches · 10IU,Sexual Health,78.00
3080,Oxytocin Troches,15 Troches · 25IU,Sexual Health,50.00
3081,Oxytocin Troches,30 Troches · 25IU,Sexual Health,78.00
3082,Oxytocin Troches,15 Troches · 50IU,Sexual Health,50.00
3083,Oxytocin Troches,30 Troches · 50IU,Sexual Health,78.00
3778,Oxytocin Troches,15 Troches · 100IU,Sexual Health,70.00
3141,PT-141/Oxytocin Nasal Spray,10mL · 5mg/250IU,Sexual Health,198.00
3644,PT-141/Oxytocin Nasal Spray,6mL · 5mg/250IU/mL,Sexual Health,118.00
2903,Scream Cream: Sildenafil / Arginine / Papaverine (Vaginal Cream),30g · 2%/1%/5%,Sexual Health,90.00
2904,Scream Cream: Sildenafil / Arginine / Papaverine / Testosterone (Vaginal Cream),30g · 2%/1%/5%/0.1%,Sexual Health,78.00
2967,Sildenafil / Apomorphine Sublingual Rapid Dissolve Tablets,15 Sublingual Rapid Dissolve Tablets · 25mg/3mg,Sexual Health,56.00
2968,Sildenafil / Apomorphine Sublingual Rapid Dissolve Tablets,30 Sublingual Rapid Dissolve Tablets · 25mg/3mg,Sexual Health,82.00
2969,Sildenafil / Apomorphine Sublingual Rapid Dissolve Tablets,15 Sublingual Rapid Dissolve Tablets · 50mg/3mg,Sexual Health,56.00
2970,Sildenafil / Apomorphine Sublingual Rapid Dissolve Tablets,30 Sublingual Rapid Dissolve Tablets · 50mg/3mg,Sexual Health,82.00
2971,Sildenafil / Apomorphine Sublingual Rapid Dissolve Tablets,15 Sublingual Rapid Dissolve Tablets · 100mg/3mg,Sexual Health,56.00
2972,Sildenafil / Apomorphine Sublingual Rapid Dissolve Tablets,30 Sublingual Rapid Dissolve Tablets · 100mg/3mg,Sexual Health,82.00
2973,Sildenafil / Apomorphine Sublingual Rapid Dissolve Tablets,15 Sublingual Rapid Dissolve Tablets · 150mg/3mg,Sexual Health,56.00
2974,Sildenafil / Apomorphine Sublingual Rapid Dissolve Tablets,30 Sublingual Rapid Dissolve Tablets · 150mg/3mg,Sexual Health,82.00
2975,Sildenafil / Apomorphine Sublingual Rapid Dissolve Tablets,15 Sublingual Rapid Dissolve Tablets · 175mg/3mg,Sexual Health,56.00
2976,Sildenafil / Apomorphine Sublingual Rapid Dissolve Tablets,30 Sublingual Rapid Dissolve Tablets · 175mg/3mg,Sexual Health,82.00
2957,Sildenafil / Apomorphine Troches,15 Troches · 25mg/3mg,Sexual Health,54.00
2958,Sildenafil / Apomorphine Troches,30 Troches · 25mg/3mg,Sexual Health,80.00
2959,Sildenafil / Apomorphine Troches,15 Troches · 50mg/3mg,Sexual Health,54.00
2960,Sildenafil / Apomorphine Troches,30 Troches · 50mg/3mg,Sexual Health,80.00
2961,Sildenafil / Apomorphine Troches,15 Troches · 100mg/3mg,Sexual Health,54.00
2962,Sildenafil / Apomorphine Troches,30 Troches · 100mg/3mg,Sexual Health,80.00
2963,Sildenafil / Apomorphine Troches,15 Troches · 150mg/3mg,Sexual Health,54.00
2964,Sildenafil / Apomorphine Troches,30 Troches · 150mg/3mg,Sexual Health,80.00
2965,Sildenafil / Apomorphine Troches,15 Troches · 175mg/3mg,Sexual Health,54.00
2966,Sildenafil / Apomorphine Troches,30 Troches · 175mg/3mg,Sexual Health,80.00
2987,Sildenafil / L-Arginine Sublingual Rapid Dissolve Tablets,15 Sublingual Rapid Dissolve Tablets · 25mg/50mg,Sexual Health,62.00
2988,Sildenafil / L-Arginine Sublingual Rapid Dissolve Tablets,30 Sublingual Rapid Dissolve Tablets · 25mg/50mg,Sexual Health,78.00
2989,Sildenafil / L-Arginine Sublingual Rapid Dissolve Tablets,15 Sublingual Rapid Dissolve Tablets · 50mg/50mg,Sexual Health,62.00
2990,Sildenafil / L-Arginine Sublingual Rapid Dissolve Tablets,30 Sublingual Rapid Dissolve Tablets · 50mg/50mg,Sexual Health,78.00
2991,Sildenafil / L-Arginine Sublingual Rapid Dissolve Tablets,15 Sublingual Rapid Dissolve Tablets · 100mg/50mg,Sexual Health,62.00
2992,Sildenafil / L-Arginine Sublingual Rapid Dissolve Tablets,30 Sublingual Rapid Dissolve Tablets · 100mg/50mg,Sexual Health,78.00
2993,Sildenafil / L-Arginine Sublingual Rapid Dissolve Tablets,15 Sublingual Rapid Dissolve Tablets · 150mg/50mg,Sexual Health,62.00
2994,Sildenafil / L-Arginine Sublingual Rapid Dissolve Tablets,30 Sublingual Rapid Dissolve Tablets · 150mg/50mg,Sexual Health,78.00
2995,Sildenafil / L-Arginine Sublingual Rapid Dissolve Tablets,15 Sublingual Rapid Dissolve Tablets · 175mg/50mg,Sexual Health,62.00
2996,Sildenafil / L-Arginine Sublingual Rapid Dissolve Tablets,30 Sublingual Rapid Dissolve Tablets · 175mg/50mg,Sexual Health,78.00
2977,Sildenafil / L-Arginine Troches,15 Troches · 25mg/50mg,Sexual Health,62.00
2978,Sildenafil / L-Arginine Troches,30 Troches · 25mg/50mg,Sexual Health,78.00
2979,Sildenafil / L-Arginine Troches,15 Troches · 50mg/50mg,Sexual Health,62.00
2980,Sildenafil / L-Arginine Troches,30 Troches · 50mg/50mg,Sexual Health,78.00
2981,Sildenafil / L-Arginine Troches,15 Troches · 100mg/50mg,Sexual Health,62.00
2982,Sildenafil / L-Arginine Troches,30 Troches · 100mg/50mg,Sexual Health,78.00
2983,Sildenafil / L-Arginine Troches,15 Troches · 150mg/50mg,Sexual Health,62.00
2984,Sildenafil / L-Arginine Troches,30 Troches · 150mg/50mg,Sexual Health,78.00
2985,Sildenafil / L-Arginine Troches,15 Troches · 175mg/50mg,Sexual Health,62.00
2986,Sildenafil / L-Arginine Troches,30 Troches · 175mg/50mg,Sexual Health,78.00
3007,Sildenafil / Yohimbine Sublingual Rapid Dissolve Tablets,15 Sublingual Rapid Dissolve Tablets · 25mg/1mg,Sexual Health,62.00
3008,Sildenafil / Yohimbine Sublingual Rapid Dissolve Tablets,30 Sublingual Rapid Dissolve Tablets · 25mg/1mg,Sexual Health,78.00
3009,Sildenafil / Yohimbine Sublingual Rapid Dissolve Tablets,15 Sublingual Rapid Dissolve Tablets · 50mg/1mg,Sexual Health,62.00
3010,Sildenafil / Yohimbine Sublingual Rapid Dissolve Tablets,30 Sublingual Rapid Dissolve Tablets · 50mg/1mg,Sexual Health,78.00
3011,Sildenafil / Yohimbine Sublingual Rapid Dissolve Tablets,15 Sublingual Rapid Dissolve Tablets · 100mg/1mg,Sexual Health,62.00
3012,Sildenafil / Yohimbine Sublingual Rapid Dissolve Tablets,30 Sublingual Rapid Dissolve Tablets · 100mg/1mg,Sexual Health,78.00
3013,Sildenafil / Yohimbine Sublingual Rapid Dissolve Tablets,15 Sublingual Rapid Dissolve Tablets · 150mg/1mg,Sexual Health,62.00
3014,Sildenafil / Yohimbine Sublingual Rapid Dissolve Tablets,30 Sublingual Rapid Dissolve Tablets · 150mg/1mg,Sexual Health,78.00
3015,Sildenafil / Yohimbine Sublingual Rapid Dissolve Tablets,15 Sublingual Rapid Dissolve Tablets · 175mg/1mg,Sexual Health,62.00
3016,Sildenafil / Yohimbine Sublingual Rapid Dissolve Tablets,30 Sublingual Rapid Dissolve Tablets · 175mg/1mg,Sexual Health,78.00
2997,Sildenafil / Yohimbine Troches,15 Troches · 25mg/1mg,Sexual Health,62.00
2998,Sildenafil / Yohimbine Troches,30 Troches · 25mg/1mg,Sexual Health,78.00
2999,Sildenafil / Yohimbine Troches,15 Troches · 50mg/1mg,Sexual Health,62.00
3000,Sildenafil / Yohimbine Troches,30 Troches · 50mg/1mg,Sexual Health,78.00
3001,Sildenafil / Yohimbine Troches,15 Troches · 100mg/1mg,Sexual Health,62.00
3002,Sildenafil / Yohimbine Troches,30 Troches · 100mg/1mg,Sexual Health,78.00
3003,Sildenafil / Yohimbine Troches,15 Troches · 150mg/1mg,Sexual Health,62.00
3004,Sildenafil / Yohimbine Troches,30 Troches · 150mg/1mg,Sexual Health,78.00
3005,Sildenafil / Yohimbine Troches,15 Troches · 175mg/1mg,Sexual Health,62.00
3006,Sildenafil / Yohimbine Troches,30 Troches · 175mg/1mg,Sexual Health,78.00
3855,Sildenafil /Tadalafil Capsules,15 Capsules · 25mg/5mg,Sexual Health,38.00
3856,Sildenafil /Tadalafil Capsules,30 Capsules · 25mg/5mg,Sexual Health,54.00
3857,Sildenafil /Tadalafil Capsules,15 Capsules · 50mg/10mg,Sexual Health,38.00
3858,Sildenafil /Tadalafil Capsules,30 Capsules · 50mg/10mg,Sexual Health,54.00
3859,Sildenafil /Tadalafil Sublingual Rapid Dissolve Tablets,15 Sublingual Rapid Dissolve Tablets · 25mg/5mg,Sexual Health,54.00
3860,Sildenafil /Tadalafil Sublingual Rapid Dissolve Tablets,30 Sublingual Rapid Dissolve Tablets · 25mg/5mg,Sexual Health,80.00
3861,Sildenafil /Tadalafil Sublingual Rapid Dissolve Tablets,15 Sublingual Rapid Dissolve Tablets · 50mg/10mg,Sexual Health,54.00
3862,Sildenafil /Tadalafil Sublingual Rapid Dissolve Tablets,30 Sublingual Rapid Dissolve Tablets · 50mg/10mg,Sexual Health,80.00
2936,Sildenafil Capsules,30 Capsules · 25mg,Sexual Health,52.00
2937,Sildenafil Capsules,30 Capsules · 50mg,Sexual Health,52.00
2938,Sildenafil Capsules,30 Capsules · 75mg,Sexual Health,52.00
2939,Sildenafil Capsules,30 Capsules · 100mg,Sexual Health,52.00
2940,Sildenafil Capsules,30 Capsules · 125mg,Sexual Health,52.00
2941,Sildenafil Capsules,30 Capsules · 150mg,Sexual Health,52.00
2942,Sildenafil Capsules,30 Capsules · 175mg,Sexual Health,52.00
3678,Sildenafil Sublingual Rapid Dissolve Tablet,15 RDT · 110mg,Sexual Health,80.00
2943,Sildenafil Troches,15 Troches · 25mg,Sexual Health,40.00
2944,Sildenafil Troches,30 Troches · 25mg,Sexual Health,52.00
2945,Sildenafil Troches,15 Troches · 50mg,Sexual Health,40.00
2946,Sildenafil Troches,30 Troches · 50mg,Sexual Health,52.00
2947,Sildenafil Troches,15 Troches · 75mg,Sexual Health,40.00
2948,Sildenafil Troches,30 Troches · 75mg,Sexual Health,52.00
2949,Sildenafil Troches,15 Troches · 100mg,Sexual Health,40.00
2950,Sildenafil Troches,30 Troches · 100mg,Sexual Health,52.00
2951,Sildenafil Troches,15 Troches · 125mg,Sexual Health,40.00
2952,Sildenafil Troches,30 Troches · 125mg,Sexual Health,52.00
2953,Sildenafil Troches,15 Troches · 150mg,Sexual Health,40.00
2954,Sildenafil Troches,30 Troches · 150mg,Sexual Health,52.00
2955,Sildenafil Troches,15 Troches · 175mg,Sexual Health,40.00
2956,Sildenafil Troches,30 Troches · 175mg,Sexual Health,52.00
3523,Sildenafil/Tadalafil/Apomorphine/Oxytocin,"#30 Troches · 25mg, 10mg, 3mg, 25IU",Sexual Health,120.00
2934,Tadalafil / L-Arginine Capsules,30 Capsules · 5mg/250mg,Sexual Health,68.00
2935,Tadalafil / L-Arginine Capsules,30 Capsules · 10mg/250mg,Sexual Health,68.00
3041,Tadalafil / L-Arginine Sublingual Rapid Dissolve Tablets,15 Sublingual Rapid Dissolve Tablets · 5mg/50mg,Sexual Health,52.00
3042,Tadalafil / L-Arginine Sublingual Rapid Dissolve Tablets,30 Sublingual Rapid Dissolve Tablets · 5mg/50mg,Sexual Health,80.00
3043,Tadalafil / L-Arginine Sublingual Rapid Dissolve Tablets,15 Sublingual Rapid Dissolve Tablets · 10mg/50mg,Sexual Health,52.00
3044,Tadalafil / L-Arginine Sublingual Rapid Dissolve Tablets,30 Sublingual Rapid Dissolve Tablets · 10mg/50mg,Sexual Health,80.00
3045,Tadalafil / L-Arginine Sublingual Rapid Dissolve Tablets,15 Sublingual Rapid Dissolve Tablets · 20mg/50mg,Sexual Health,52.00
3046,Tadalafil / L-Arginine Sublingual Rapid Dissolve Tablets,30 Sublingual Rapid Dissolve Tablets · 20mg/50mg,Sexual Health,80.00
3047,Tadalafil / L-Arginine Sublingual Rapid Dissolve Tablets,15 Sublingual Rapid Dissolve Tablets · 50mg/50mg,Sexual Health,52.00
3048,Tadalafil / L-Arginine Sublingual Rapid Dissolve Tablets,30 Sublingual Rapid Dissolve Tablets · 50mg/50mg,Sexual Health,80.00
3033,Tadalafil / L-Arginine Troches,15 Troches · 5mg/50mg,Sexual Health,52.00
3034,Tadalafil / L-Arginine Troches,30 Troches · 5mg/50mg,Sexual Health,80.00
3035,Tadalafil / L-Arginine Troches,15 Troches · 10mg/50mg,Sexual Health,52.00
3036,Tadalafil / L-Arginine Troches,30 Troches · 10mg/50mg,Sexual Health,80.00
3037,Tadalafil / L-Arginine Troches,15 Troches · 20mg/50mg,Sexual Health,52.00
3038,Tadalafil / L-Arginine Troches,30 Troches · 20mg/50mg,Sexual Health,80.00
3039,Tadalafil / L-Arginine Troches,15 Troches · 50mg/50mg,Sexual Health,52.00
3040,Tadalafil / L-Arginine Troches,30 Troches · 50mg/50mg,Sexual Health,80.00
3057,Tadalafil / Oxytocin / PT-141 Sublingual Rapid Dissolve Tablets,15 Sublingual Rapid Dissolve Tablets · 5mg/100IU/1mg,Sexual Health,60.00
3058,Tadalafil / Oxytocin / PT-141 Sublingual Rapid Dissolve Tablets,30 Sublingual Rapid Dissolve Tablets · 5mg/100IU/1mg,Sexual Health,98.00
3059,Tadalafil / Oxytocin / PT-141 Sublingual Rapid Dissolve Tablets,15 Sublingual Rapid Dissolve Tablets · 10mg/100IU/1mg,Sexual Health,60.00
3060,Tadalafil / Oxytocin / PT-141 Sublingual Rapid Dissolve Tablets,30 Sublingual Rapid Dissolve Tablets · 10mg/100IU/1mg,Sexual Health,98.00
3061,Tadalafil / Oxytocin / PT-141 Sublingual Rapid Dissolve Tablets,15 Sublingual Rapid Dissolve Tablets · 20mg/100IU/1mg,Sexual Health,60.00
3062,Tadalafil / Oxytocin / PT-141 Sublingual Rapid Dissolve Tablets,30 Sublingual Rapid Dissolve Tablets · 20mg/100IU/1mg,Sexual Health,98.00
3063,Tadalafil / Oxytocin / PT-141 Sublingual Rapid Dissolve Tablets,15 Sublingual Rapid Dissolve Tablets · 50mg/100IU/1mg,Sexual Health,60.00
3064,Tadalafil / Oxytocin / PT-141 Sublingual Rapid Dissolve Tablets,30 Sublingual Rapid Dissolve Tablets · 50mg/100IU/1mg,Sexual Health,98.00
3049,Tadalafil / Oxytocin / PT-141 Troches,15 Troches · 5mg/100IU/1mg,Sexual Health,60.00
3050,Tadalafil / Oxytocin / PT-141 Troches,30 Troches · 5mg/100IU/1mg,Sexual Health,98.00
3051,Tadalafil / Oxytocin / PT-141 Troches,15 Troches · 10mg/100IU/1mg,Sexual Health,60.00
3052,Tadalafil / Oxytocin / PT-141 Troches,30 Troches · 10mg/100IU/1mg,Sexual Health,98.00
3053,Tadalafil / Oxytocin / PT-141 Troches,15 Troches · 20mg/100IU/1mg,Sexual Health,60.00
3054,Tadalafil / Oxytocin / PT-141 Troches,30 Troches · 20mg/100IU/1mg,Sexual Health,98.00
3055,Tadalafil / Oxytocin / PT-141 Troches,15 Troches · 50mg/100IU/1mg,Sexual Health,60.00
3056,Tadalafil / Oxytocin / PT-141 Troches,30 Troches · 50mg/100IU/1mg,Sexual Health,98.00
2905,Tadalafil Capsules,30 Capsules · 7.5mg,Sexual Health,46.00
2906,Tadalafil Capsules,30 Capsules · 12.5mg,Sexual Health,46.00
2907,Tadalafil Capsules,30 Capsules · 15mg,Sexual Health,46.00
2908,Tadalafil Capsules,30 Capsules · 22mg,Sexual Health,46.00
2909,Tadalafil Capsules,30 Capsules · 30mg,Sexual Health,46.00
3599,Tadalafil Capsules,30 Capsules · 5mg,Sexual Health,56.00
3600,Tadalafil Capsules,60 capsules · 5mg,Sexual Health,90.00
3601,Tadalafil Capsules,90 Capsules · 5mg,Sexual Health,150.00
3598,Tadalafil Rapid Dissolve Tablets,90 Rapid Dissolve Tablets · 5mg,Sexual Health,180.00
2920,Tadalafil Sublingual Rapid Dissolve Tablets,15 Sublingual Rapid Dissolve Tablets · 5mg,Sexual Health,38.00
2921,Tadalafil Sublingual Rapid Dissolve Tablets,30 Sublingual Rapid Dissolve Tablets · 5mg,Sexual Health,50.00
2922,Tadalafil Sublingual Rapid Dissolve Tablets,15 Sublingual Rapid Dissolve Tablets · 10mg,Sexual Health,38.00
2923,Tadalafil Sublingual Rapid Dissolve Tablets,30 Sublingual Rapid Dissolve Tablets · 10mg,Sexual Health,50.00
2924,Tadalafil Sublingual Rapid Dissolve Tablets,15 Sublingual Rapid Dissolve Tablets · 20mg,Sexual Health,38.00
2925,Tadalafil Sublingual Rapid Dissolve Tablets,30 Sublingual Rapid Dissolve Tablets · 20mg,Sexual Health,50.00
2926,Tadalafil Sublingual Rapid Dissolve Tablets,15 Sublingual Rapid Dissolve Tablets · 50mg,Sexual Health,38.00
2927,Tadalafil Sublingual Rapid Dissolve Tablets,30 Sublingual Rapid Dissolve Tablets · 50mg,Sexual Health,50.00
2928,Tadalafil Sublingual Rapid Dissolve Tablets,15 Sublingual Rapid Dissolve Tablets · 75mg,Sexual Health,38.00
2929,Tadalafil Sublingual Rapid Dissolve Tablets,30 Sublingual Rapid Dissolve Tablets · 75mg,Sexual Health,50.00
2910,Tadalafil Troches,15 Troches · 5mg,Sexual Health,38.00
2911,Tadalafil Troches,30 Troches · 5mg,Sexual Health,50.00
2912,Tadalafil Troches,15 Troches · 10mg,Sexual Health,38.00
2913,Tadalafil Troches,30 Troches · 10mg,Sexual Health,50.00
2914,Tadalafil Troches,15 Troches · 20mg,Sexual Health,38.00
2915,Tadalafil Troches,30 Troches · 20mg,Sexual Health,50.00
2916,Tadalafil Troches,15 Troches · 50mg,Sexual Health,38.00
2917,Tadalafil Troches,30 Troches · 50mg,Sexual Health,50.00
2918,Tadalafil Troches,15 Troches · 75mg,Sexual Health,38.00
2919,Tadalafil Troches,30 Troches · 75mg,Sexual Health,50.00
3025,Tadalafil/Apomorphine Sublingual Rapid Dissolve Tablets,15 Sublingual Rapid Dissolve Tablets · 5mg/3mg,Sexual Health,52.00
3026,Tadalafil/Apomorphine Sublingual Rapid Dissolve Tablets,30 Sublingual Rapid Dissolve Tablets · 5mg/3mg,Sexual Health,80.00
3027,Tadalafil/Apomorphine Sublingual Rapid Dissolve Tablets,15 Sublingual Rapid Dissolve Tablets · 10mg/3mg,Sexual Health,52.00
3028,Tadalafil/Apomorphine Sublingual Rapid Dissolve Tablets,30 Sublingual Rapid Dissolve Tablets · 10mg/3mg,Sexual Health,80.00
3029,Tadalafil/Apomorphine Sublingual Rapid Dissolve Tablets,15 Sublingual Rapid Dissolve Tablets · 20mg/3mg,Sexual Health,52.00
3030,Tadalafil/Apomorphine Sublingual Rapid Dissolve Tablets,30 Sublingual Rapid Dissolve Tablets · 20mg/3mg,Sexual Health,80.00
3031,Tadalafil/Apomorphine Sublingual Rapid Dissolve Tablets,15 Sublingual Rapid Dissolve Tablets · 50mg/3mg,Sexual Health,52.00
3032,Tadalafil/Apomorphine Sublingual Rapid Dissolve Tablets,30 Sublingual Rapid Dissolve Tablets · 50mg/3mg,Sexual Health,80.00
3017,Tadalafil/Apomorphine Troches,15 Troches · 5mg/3mg,Sexual Health,52.00
3018,Tadalafil/Apomorphine Troches,30 Troches · 5mg/3mg,Sexual Health,80.00
3019,Tadalafil/Apomorphine Troches,15 Troches · 10mg/3mg,Sexual Health,52.00
3020,Tadalafil/Apomorphine Troches,30 Troches · 10mg/3mg,Sexual Health,80.00
3021,Tadalafil/Apomorphine Troches,15 Troches · 20mg/3mg,Sexual Health,52.00
3022,Tadalafil/Apomorphine Troches,30 Troches · 20mg/3mg,Sexual Health,80.00
3023,Tadalafil/Apomorphine Troches,15 Troches · 50mg/3mg,Sexual Health,52.00
3024,Tadalafil/Apomorphine Troches,30 Troches · 50mg/3mg,Sexual Health,80.00
3142,Tadalafil/Oxytocin/PT-141 Troche,15 Troches · 10mg/250IU/2mg,Sexual Health,190.00
2930,Tadalafil/Yohimbine Capsules,30 Capsules · 5mg/1mg,Sexual Health,52.00
2931,Tadalafil/Yohimbine Capsules,30 Capsules · 5mg/2mg,Sexual Health,52.00
2932,Tadalafil/Yohimbine Capsules,30 Capsules · 10mg/1mg,Sexual Health,52.00
2933,Tadalafil/Yohimbine Capsules,30 Capsules · 40mg/2mg,Sexual Health,52.00
3842,"Sensitive Whitening Cream: Kojic Acid, Niacinamide, Tranexamic Acid Anhydrous Cream","30mL Topical Anhydrous Cream · 2%,4%,3%",Skin Prep,150.00
3848,20mm Multi-Dose Vial Access Device (Spike),1 Multi-Dose Vial Access Device,Supplies,4.00
3847,"Drawing Injection Kit: Single Use sterile needles (#10 - 18G, 1"") & Alcohol Swab",10 drawing needles & Alcohol Swabs,Supplies,5.00
2481,"IntraMuscular Injection Kit: Single Use 1mL Syringes (#10 - 25G, 1"") & Alcohol Swabs",10 Syringes & Alcohol Swabs,Supplies,6.00
2480,"IntraMuscular Injection Kit: Single Use 1mL Syringes (#5 - 25G, 1"") & Alcohol Swabs",5 Syringes & Alcohol Swabs,Supplies,4.00
3815,Sharps Container: 1 Quart,1 each,Supplies,20.00
3947,"Sub-Q Injection Kit: Single Use 100-Unit Insulin Syringes (#10 - 28G, 1/2"") & Alcohol Swabs",10 Syringes & Alcohol Swabs,Supplies,4.00
2479,"Sub-Q Injection Kit: Single Use 100-Unit Insulin Syringes (#10 - 30G, 1/2"") & Alcohol Swabs",10 Syringes & Alcohol Swabs,Supplies,4.00
3603,"Sub-Q Injection Kit: Single Use 100-Unit Insulin Syringes (#10 - 31G, 5/6"") & Alcohol Swabs",10 Syringes & Alcohol Swabs,Supplies,4.00
2478,"Sub-Q Injection Kit: Single Use 50-Unit Insulin Syringes (#10 - 30G, 1/2"") & Alcohol Swabs",10 Syringes & Alcohol Swabs,Supplies,4.00
3556,"AOD-9604 Acetate 0.5mg, Oxytocin 25IU Troche",30 Troches · 0.5mg/25IU,Weight Management,125.00
3832,"AOD-9604 Acetate 0.6mg, NAD + 200mg Troche","30 Troches · 0.6mg, 200mg",Weight Management,440.00
3557,AOD-9604 Acetate Rapid Dissolve Tablets,30 Rapid Dissolve Tablets · 0.5mg,Weight Management,130.00
3555,AOD-9604/ Naltrexone Topical Cream,30GM Pump · 600mcg/1mg/GM,Weight Management,135.00
2874,Bupropion/Naltrexone/Chromium Sustained Release Capsules,30 SR Vegetable Capsules · 90mg/8mg/200mcg,Weight Management,58.00
3567,Bupropion/Naltrexone/Chromium Sustained Release Capsules,120 SR Vegetable Capsules · 90mg/8mg/200mcg,Weight Management,160.00
3568,Bupropion/Naltrexone/Chromium Sustained Release Capsules,70 SR Vegetable Capsules · 90mg/8mg/200mcg,Weight Management,110.00
3574,Bupropion/Phentermine/Naltrexone Sustained Release Capsules,30 SR Vegetable Capsules · 60mg/20mg/7.5mg,Weight Management,80.00
3575,Bupropion/Phentermine/Naltrexone Sustained Release Capsules,60 SR Vegetable Capsules · 60mg/20mg/7.5mg,Weight Management,88.00
3576,Bupropion/Phentermine/Naltrexone Sustained Release Capsules,90 SR Vegetable Capsules · 60mg/20mg/7.5mg,Weight Management,120.00
2876,Bupropion/Phentermine/Naltrexone Sustained Release Vegetable Capsules,30 SR Vegetable Capsules · 60mg/20mg/7.5mg,Weight Management,88.00
2790,Naltrexone - Low Dose Capsules,30 Capsules · 1.5mg,Weight Management,40.00
2791,Naltrexone - Low Dose Capsules,90 Capsules · 1.5mg,Weight Management,70.00
2792,Naltrexone - Low Dose Capsules,30 Capsules · 3mg,Weight Management,40.00
2793,Naltrexone - Low Dose Capsules,90 Capsules · 3mg,Weight Management,70.00
2794,Naltrexone - Low Dose Capsules,30 Capsules · 4.5mg,Weight Management,40.00
2795,Naltrexone - Low Dose Capsules,90 Capsules · 4.5mg,Weight Management,70.00
3807,Naltrexone - Low Dose Capsules,30 Capsules · 8mg,Weight Management,40.00
3808,Naltrexone - Low Dose Capsules,90 Capsules · 8mg,Weight Management,70.00
3136,Phentermine/Topiramate/Chromium Sustained Release Capsules,30 SR Vegetable Capsules · 15mg/40mg/1mg,Weight Management,74.00
3586,Phentermine/Topiramate/Chromium Sustained Release Capsules,30 SR Vegetable Capsules · 25mg/40mg/1mg,Weight Management,80.00
3587,Phentermine/Topiramate/Chromium Sustained Release Capsules,90 SR Vegetable Capsules · 25mg/40mg/1mg,Weight Management,180.00
3588,Phentermine/Topiramate/Chromium Sustained Release Capsules,60 SR Vegetable Capsules · 25mg/40mg/1mg,Weight Management,130.00
2488,Semaglutide / B6 (Pyridoxine),1mL Vial · 2.5mg/10mg/mL,Weight Management,75.00
2489,Semaglutide / B6 (Pyridoxine),2mL Vial · 2.5mg/10mg/mL,Weight Management,125.00
2490,Semaglutide / B6 (Pyridoxine),3mL (Vial #1: 1mL) (Vial #2: 1mL)(Vial #3: 1mL) · 2.5mg/10mg/mL,Weight Management,165.00
2491,Semaglutide / B6 (Pyridoxine),4mL (Vial #1: 2mL) (Vial #2: 2mL) · 2.5mg/10mg/mL,Weight Management,200.00
2492,Semaglutide / B6 (Pyridoxine),5mL(Vial #1: 1mL) (Vial #2: 1mL) (Vial #3: 1mL) (Vial #4: 1mL) (Vial #5: 1mL) · 2.5mg/10mg/mL,Weight Management,334.00
2493,Semaglutide / B6 (Pyridoxine),6mL (Vial #1: 2mL) (Vial #2: 2mL) (Vial #3: 2mL) · 2.5mg/10mg/mL,Weight Management,275.00
3602,Semaglutide / B6 (Pyridoxine),8mL (Vial #1: 2mL) (Vial #2: 2mL) (Vial #3: 2mL) (Vial #4: 2mL) · 2.5mg/10mg/mL,Weight Management,350.00
3604,Semaglutide / B6 (Pyridoxine),10mL (Vial #1: 2mL) (Vial #2: 2mL) (Vial #3: 2mL) (Vial #4: 2mL) (Vial #5: 2mL) · 2.5mg/10mg/mL,Weight Management,425.00
3605,Semaglutide / B6 (Pyridoxine),12mL (Vial #1: 2mL) (Vial #2: 2mL) (Vial #3: 2mL) (Vial #4: 2mL) (Vial #5: 2mL) (Vial #6: 2mL) · 2.5mg/10mg/mL,Weight Management,500.00
3890,Semaglutide / B6 (Pyridoxine),11mL (Vial #1: 1mL) (Vial #2: 1mL) (Vial #3: 1mL) (Vial #4: 1mL) (Vial #5: 1mL) (Vial #6: 1mL) (Vial #7: 1mL) (Vial #8: 1mL) (Vial #9: 1mL) (Vial #10: 1mL) (Vial #11: 1mL)  · 2.5mg/10mg/mL,Weight Management,206.00
3895,Semaglutide / B6 (Pyridoxine),7mL (Vial #1: 1mL) (Vial #2: 1mL) (Vial #3: 1mL) (Vial #4: 1mL) (Vial #5: 1mL) (Vial #6: 1mL) (Vial #7: 1mL) · 2.5mg/10mg/mL,Weight Management,450.00
2494,Semaglutide Sublingual Triturates,28 Sublingual Triturates · 36mcg,Weight Management,40.00
2495,Semaglutide Sublingual Triturates,56 Sublingual Triturates · 36mcg,Weight Management,55.00
2496,Semaglutide Sublingual Triturates,28 Sublingual Triturates · 145mcg,Weight Management,60.00
2497,Semaglutide Sublingual Triturates,56 Sublingual Triturates · 145mcg,Weight Management,95.00
3589,Semaglutide Sublingual Triturates,84 Sublingual Triturates · 36mcg,Weight Management,70.00
3590,Semaglutide Sublingual Triturates,84 Sublingual Triturates · 145mcg,Weight Management,110.00
3591,Semaglutide Sublingual Triturates,168 Sublingual Triturates · 145 mcg,Weight Management,190.00
3645,Semaglutide Sublingual Triturates,30 Triturates · 2MG,Weight Management,145.00
3649,Semaglutide Sublingual Triturates,30 Triturates · 4MG,Weight Management,210.00
3650,Semaglutide Sublingual Triturates,30 Triturates · 6MG,Weight Management,280.00
3851,Semaglutide Sublingual Triturates,30 Triturates · 1MG,Weight Management,100.00
3853,Semaglutide Sublingual Triturates,30 Triturates · 3MG,Weight Management,170.00
3854,Semaglutide Sublingual Triturates,30 Triturates · 1.5MG,Weight Management,125.00
2498,Tirzepatide / B6 (Pyridoxine),1mL Vial · 12.5mg/10mg/mL,Weight Management,135.00
2499,Tirzepatide / B6 (Pyridoxine),2mL (Vial #1: 1mL) (Vial #2: 1mL) · 12.5mg/10mg/mL,Weight Management,225.00
2500,Tirzepatide / B6 (Pyridoxine),3mL (Vial #1: 1mL) (Vial #2: 1mL) (Vial #3: 1mL) · 12.5mg/10mg/mL,Weight Management,315.00
2501,Tirzepatide / B6 (Pyridoxine),4mL (Vial #1: 1mL) (Vial #2: 1mL) (Vial #3: 1mL) (Vial #4: 1mL) · 12.5mg/10mg/mL,Weight Management,400.00
2502,Tirzepatide / B6 (Pyridoxine),5mL (Vial #1: 1mL) (Vial #2: 1mL) (Vial #3: 1mL) (Vial #4: 1mL) (Vial #5: 1mL) · 12.5mg/10mg/mL,Weight Management,485.00
3891,Tirzepatide / B6 (Pyridoxine),6mL (Vial #1: 1mL) (Vial #2: 1mL) (Vial #3: 1mL) (Vial #4: 1mL) (Vial #5: 1mL) (Vial #6: 1mL) · 12.5mg/10mg/mL,Weight Management,630.00
3892,Tirzepatide / B6 (Pyridoxine),14ml ( #14 vials x 1ml MDV) · 12.5mg/10mg/mL,Weight Management,1130.00
3594,Tirzepatide / B6 (Pyridoxine) Sterile Injection,10ml ( #10 vials x 1ml MDV) · 12.5mg/10mg/ml,Weight Management,900.00
3595,Tirzepatide / B6 (Pyridoxine) Sterile Injection,15ml ( #15 vials x 1ml MDV) · 12.5mg/10mg/mL,Weight Management,1200.00
3879,Tirzepatide / B6 (Pyridoxine) Sterile Injection,9ml ( #9 vials x 1ml MDV) · 12.5mg/10mg/ml,Weight Management,720.00
3880,Tirzepatide / B6 (Pyridoxine) Sterile Injection,11ml ( #11 vials x 1ml MDV) · 12.5mg/10mg/ml,Weight Management,880.00
3881,Tirzepatide / B6 (Pyridoxine) Sterile Injection,13ml ( #13 vials x 1ml MDV) · 12.5mg/10mg/ml,Weight Management,1040.00
3882,Tirzepatide / B6 (Pyridoxine) Sterile Injection,7ml ( #7 vials x 1ml MDV) · 12.5mg/10mg/ml,Weight Management,560.00
3507,Tirzepatide / B6 (Pyridoxine) Sterile Injection,12ml ( #12 vials x 1ml MDV) · 12.5mg/10mg/ml,Weight Management,960.00
3949,Tirzepatide / B6 (Pyridoxine) Sterile Injection,16ml ( #16 vials x 1ml MDV) · 12.5mg/10mg/ml,Weight Management,1270.00
2503,Tirzepatide Sublingual Triturates,28 Sublingual Triturates · 0.4mg,Weight Management,75.00
2504,Tirzepatide Sublingual Triturates,56 Sublingual Triturates · 0.4mg,Weight Management,120.00
2505,Tirzepatide Sublingual Triturates,84 Sublingual Triturates · 0.4mg,Weight Management,180.00
2506,Tirzepatide Sublingual Triturates,112 Sublingual Triturates · 0.4mg,Weight Management,220.00
2507,Tirzepatide Sublingual Triturates,140 Sublingual Triturates · 0.4mg,Weight Management,295.00
2508,Tirzepatide Sublingual Triturates,168 Sublingual Triturates · 0.4mg,Weight Management,310.00
3647,Tirzepatide Sublingual Triturates,224 Triturates · 0.4mg,Weight Management,390.00
3651,Tirzepatide Sublingual Triturates,30 Triturates · 2MG,Weight Management,145.00
3652,Tirzepatide Sublingual Triturates,30 Triturates · 4MG,Weight Management,225.00
3653,Tirzepatide Sublingual Triturates,30 Triturates · 3MG,Weight Management,185.00
3654,Tirzepatide Sublingual Triturates,30 Triturates · 5MG,Weight Management,265.00
3850,Tirzepatide Sublingual Triturates,30 Triturates · 7MG,Weight Management,305.00
3907,Tirzepatide Sublingual Triturates,60 Triturates · 3MG,Weight Management,160.00
3908,Tirzepatide Sublingual Triturates,90 Triturates · 3MG,Weight Management,230.00
3909,Tirzepatide Sublingual Triturates,120 Triturates · 3MG,Weight Management,310.00
3910,Tirzepatide Sublingual Triturates,150 Triturates · 3MG,Weight Management,390.00
3911,Tirzepatide Sublingual Triturates,60 Triturates · 4MG,Weight Management,210.00
3912,Tirzepatide Sublingual Triturates,90 Triturates · 4MG,Weight Management,310.00
3913,Tirzepatide Sublingual Triturates,120 Triturates · 4MG,Weight Management,410.00
3914,Tirzepatide Sublingual Triturates,150 Triturates · 4MG,Weight Management,520.00
3915,Tirzepatide Sublingual Triturates,60 Triturates · 5MG,Weight Management,256.00
3916,Tirzepatide Sublingual Triturates,90 Triturates · 5MG,Weight Management,380.00
3917,Tirzepatide Sublingual Triturates,120 Triturates · 5MG,Weight Management,510.00
3918,Tirzepatide Sublingual Triturates,150 Triturates · 5MG,Weight Management,640.00
3919,Tirzepatide Sublingual Triturates,60 Triturates · 7MG,Weight Management,360.00
3920,Tirzepatide Sublingual Triturates,90 Triturates · 7MG,Weight Management,540.00
3921,Tirzepatide Sublingual Triturates,120 Triturates · 7MG,Weight Management,700.00
3922,Tirzepatide Sublingual Triturates,150 Triturates · 7MG,Weight Management,900.00
3681,Ivermectin Capsules,30 capsules · 16mg,Wellness,85.00
3680,Ivermectin Vegetable Capsule,60 capsules · 16mg,Wellness,230.00
3682,Ivermectin Vegetable Capsule,12 capsules · 16mg,Wellness,45.00
3539,Ivermectin Vegetable Capsules,24 capsules · 6mg,Wellness,45.00
3540,Ivermectin Vegetable Capsules,30 Capsules · 6mg,Wellness,55.00
3541,Ivermectin Vegetable Capsules,60 capsules · 6mg,Wellness,95.00
3542,Ivermectin Vegetable Capsules,24 capsules · 12mg,Wellness,60.00
3543,Ivermectin Vegetable Capsules,30 Capsules · 12mg,Wellness,70.00
3544,Ivermectin Vegetable Capsules,60 capsules · 12mg,Wellness,120.00
3545,Ivermectin Vegetable Capsules,24 capsules · 18mg,Wellness,75.00
3546,Ivermectin Vegetable Capsules,30 Capsules · 18mg,Wellness,95.00
3551,Larazotide Vegetable Capsules,60 capsules · 0.25mg,Wellness,115.00
3550,Larazotide Vegetable Capsules,30 Capsules · 0.25mg,Wellness,70.00
3552,Larazotide Vegetable capsule,30 Capsules · 0.5mg,Wellness,110.00
3554,Larazotide Vegetable capsules,60 capsules · 0.5mg,Wellness,195.00
3863,Leucovorin Calcium (Folinic Acid),60 Vegetable Capsules · 25mg,Wellness,110.00
3829,Mebendazole Vegetable Capsules,30 Vegetable Capsules · 100mg,Wellness,55.00
3830,Mebendazole Vegetable Capsules,60 Vegetable Capsules · 100mg,Wellness,95.00
3517,Naltrexone - Low Dose Capsules,30 Capsules · 0.5mg,Wellness,55.00
3518,Naltrexone - Low Dose Capsules,30 Capsules · 1mg,Wellness,55.00
3519,Naltrexone - Low Dose Capsules,90 Capsules · 0.5mg,Wellness,140.00
3548,"Naltrexone, Melatonin, Oxytocin Troche","30 Troches · 4mg, 4mg,40IU",Wellness,80.00
3549,"Naltrexone, Melatonin, Oxytocin Troche","60 Troches · 4mg, 4mg,40IU",Wellness,140.00
3606,Naltrexone- Low Dose Veggie Capsules,90 Vegetable Capsules · 1mg,Wellness,140.00
3675,Selank Acetate (TP-7) Nasal Spray,6ml · 7500mcg/ml,Wellness,145.00
4069,Selank Acetate (TP-7) Nasal Spray,15mL · 1500mcg/mL,Wellness,105.00